path,filename,NC,MCI,DE,COG,AD,PD,FTD,VD,DLB,PDD,ADD,ALL,OTHER
/home/huangyunyou/amount_data/new_data/,00000109_S_1157.npy,0,0,1,2,1,0,,0,,0,1,2,
/home/huangyunyou/amount_data/new_data/,00000136_S_0426.npy,0,0,1,2,1,0,,0,,0,1,2,
/home/huangyunyou/amount_data/new_data/,00000067_S_0029.npy,0,0,1,2,1,0,,0,,0,1,2,
/home/huangyunyou/amount_data/new_data/,00000128_S_1430.npy,0,0,1,2,1,0,,0,,0,1,2,
/home/huangyunyou/amount_data/new_data/,00000021_S_0753.npy,0,0,1,2,1,0,,0,,0,1,2,
/home/huangyunyou/amount_data/new_data/,00000057_S_1371.npy,0,0,1,2,1,0,,0,,0,1,2,
/home/huangyunyou/amount_data/new_data/,00000128_S_0167.npy,0,0,1,2,1,0,,0,,0,1,2,
/home/huangyunyou/amount_data/new_data/,00000128_S_0517.npy,0,0,1,2,1,0,,0,,0,1,2,
/home/huangyunyou/amount_data/new_data/,00000126_S_1221.npy,0,0,1,2,1,0,,0,,0,1,2,
/home/huangyunyou/amount_data/new_data/,00000013_S_0699.npy,0,0,1,2,1,0,,0,,0,1,2,
/home/huangyunyou/amount_data/new_data/,00000012_S_0689.npy,0,0,1,2,1,0,,0,,0,1,2,
/home/huangyunyou/amount_data/new_data/,00000002_S_0816.npy,0,0,1,2,1,0,,0,,0,1,2,
/home/huangyunyou/amount_data/new_data/,00000128_S_0740.npy,0,0,1,2,1,0,,0,,0,1,2,
/home/huangyunyou/amount_data/new_data/,00000128_S_0310.npy,0,0,1,2,1,0,,0,,0,1,2,
/home/huangyunyou/amount_data/new_data/,00000062_S_0690.npy,0,0,1,2,1,0,,0,,0,1,2,
/home/huangyunyou/amount_data/new_data/,00000011_S_0053.npy,0,0,1,2,1,0,,0,,0,1,2,
/home/huangyunyou/amount_data/new_data/,00000051_S_1296.npy,0,0,1,2,1,0,,0,,0,1,2,
/home/huangyunyou/amount_data/new_data/,00000033_S_1285.npy,0,0,1,2,1,0,,0,,0,1,2,
/home/huangyunyou/amount_data/new_data/,00000023_S_1262.npy,0,0,1,2,1,0,,0,,0,1,2,
/home/huangyunyou/amount_data/new_data/,00000005_S_0221.npy,0,0,1,2,1,0,,0,,0,1,2,
/home/huangyunyou/amount_data/new_data/,00000067_S_1253.npy,0,0,1,2,1,0,,0,,0,1,2,
/home/huangyunyou/amount_data/new_data/,00000002_S_0938.npy,0,0,1,2,1,0,,0,,0,1,2,
/home/huangyunyou/amount_data/new_data/,00000126_S_0606.npy,0,0,1,2,1,0,,0,,0,1,2,
/home/huangyunyou/amount_data/new_data/,00000029_S_1184.npy,0,0,1,2,1,0,,0,,0,1,2,
/home/huangyunyou/amount_data/new_data/,00000114_S_0374.npy,0,0,1,2,1,0,,0,,0,1,2,
/home/huangyunyou/amount_data/new_data/,00000012_S_0720.npy,0,0,1,2,1,0,,0,,0,1,2,
/home/huangyunyou/amount_data/new_data/,00000141_S_1152.npy,0,0,1,2,1,0,,0,,0,1,2,
/home/huangyunyou/amount_data/new_data/,00000127_S_0754.npy,0,0,1,2,1,0,,0,,0,1,2,
/home/huangyunyou/amount_data/new_data/,00000114_S_0228.npy,0,0,1,2,1,0,,0,,0,1,2,
/home/huangyunyou/amount_data/new_data/,ADNI_301_S_6592_MR_Sagittal_3D_Accelerated_MPRAGE_br_raw_20181024134259031_193_S739428_I1063917.npy,0,0,1,2,1,,,,,,1,2,
/home/huangyunyou/amount_data/new_data/,ADNI_100_S_1226_MR_ASO-MPRAGE_br_raw_20100323145816634_140_S81565_I168530.npy,0,0,1,2,1,0,,0,,0,1,2,
/home/huangyunyou/amount_data/new_data/,00000012_S_0712.npy,0,0,1,2,1,0,,0,,0,1,2,
/home/huangyunyou/amount_data/new_data/,00000029_S_0999.npy,0,0,1,2,1,0,,0,,0,1,2,
/home/huangyunyou/amount_data/new_data/,00000131_S_0691.npy,0,0,1,2,1,0,,0,,0,1,2,
/home/huangyunyou/amount_data/new_data/,00000033_S_0724.npy,0,0,1,2,1,0,,0,,0,1,2,
/home/huangyunyou/amount_data/new_data/,ADNI_135_S_6389_MR_Accelerated_Sag_IR-FSPGR___br_raw_20180529163541369_55_S690538_I1003730.npy,0,0,1,2,1,,,,,,1,2,
/home/huangyunyou/amount_data/new_data/,ADNI_011_S_6303_MR_Accelerated_Sagittal_MPRAGE__br_raw_20180413145533400_127_S676284_I985197.npy,0,0,1,2,1,,,,,,1,2,
/home/huangyunyou/amount_data/new_data/,00000014_S_0328.npy,0,0,1,2,1,0,,0,,0,1,2,
/home/huangyunyou/amount_data/new_data/,00000024_S_1171.npy,0,0,1,2,1,0,,0,,0,1,2,
/home/huangyunyou/amount_data/new_data/,00000020_S_0213.npy,0,0,1,2,1,0,,0,,0,1,2,
/home/huangyunyou/amount_data/new_data/,00000137_S_0796.npy,0,0,1,2,1,0,,0,,0,1,2,
/home/huangyunyou/amount_data/new_data/,00000100_S_1113.npy,0,0,1,2,1,0,,0,,0,1,2,
/home/huangyunyou/amount_data/new_data/,00000130_S_0956.npy,0,0,1,2,1,0,,0,,0,1,2,
/home/huangyunyou/amount_data/new_data/,ADNI_062_S_1294_MR_MPRAGE_br_raw_20070816151607994_98_S37523_I68198.npy,0,1,0,1,0,0,0,0,0,0,,1,0
/home/huangyunyou/amount_data/new_data/,ADNI_341_S_6494_MR_Accelerated_Sagittal_MPRAGE__br_raw_20181004122527428_148_S733426_I1056183.npy,1,0,0,0,0,,0,0,0,0,,0,0
/home/huangyunyou/amount_data/new_data/,ADNI_023_S_0030_MR_MPRAGE_br_raw_20081126143559511_1_S60282_I128593.npy,0,1,0,1,0,0,0,0,0,0,,1,0
/home/huangyunyou/amount_data/new_data/,ADNI_016_S_2284_MR_Accelerated_SAG_IR-SPGR__br_raw_20110210153410146_9_S99607_I216941.npy,0,1,0,1,0,,0,0,0,0,,1,0
/home/huangyunyou/amount_data/new_data/,ADNI_128_S_0545_MR_REPEAT_SAG_3D_MPRAGE_br_raw_20090618145524028_1_S68921_I146352.npy,1,0,0,0,0,0,0,0,0,0,,0,0
/home/huangyunyou/amount_data/new_data/,ADNI_057_S_0839_MR_MPRAGE_br_raw_20091015100317229_80_S75181_I157161.npy,0,1,0,1,0,0,0,0,0,0,,1,0
/home/huangyunyou/amount_data/new_data/,00000023_S_6369.npy,0,1,0,1,0,,0,0,0,0,,1,0
/home/huangyunyou/amount_data/new_data/,ADNI_007_S_1222_MR_MP-RAGE__br_raw_20100218141009685_3_S80200_I166407.npy,1,0,0,0,0,0,0,0,0,0,,0,0
/home/huangyunyou/amount_data/new_data/,ADNI_130_S_1200_MR_MP-RAGE__br_raw_20100209154403955_13_S79960_I166068.npy,1,0,0,0,0,0,0,0,0,0,,0,0
/home/huangyunyou/amount_data/new_data/,ADNI_099_S_0958_MR_MPRAGE_br_raw_20130418083020260_62_S187330_I367798.npy,0,1,0,1,0,0,0,0,0,0,,1,0
/home/huangyunyou/amount_data/new_data/,ADNI_100_S_6164_MR_Sagittal_3D_Accelerated_MPRAGE_br_raw_20180116150919399_1_S650410_I953555.npy,1,0,0,0,0,,0,0,0,0,,0,0
/home/huangyunyou/amount_data/new_data/,ADNI_021_S_2125_MR_Accelerated_Sag_IR-SPGR__br_raw_20101015120236627_97_S93369_I196583.npy,0,1,0,1,0,,0,0,0,0,,1,0
/home/huangyunyou/amount_data/new_data/,ADNI_051_S_1331_MR_MPRAGE_br_raw_20090713145012988_98_S69898_I148775.npy,0,1,0,1,0,0,0,0,0,0,,1,0
/home/huangyunyou/amount_data/new_data/,ADNI_020_S_6504_MR_Accelerated_Sagittal_MPRAGE__br_raw_20180727145541625_122_S709885_I1027631.npy,1,0,0,0,0,,0,0,0,0,,0,0
/home/huangyunyou/amount_data/new_data/,ADNI_021_S_0178_MR_MP-RAGE__br_20060210130516267_99_S11567_I10993.npy,0,1,0,1,0,0,0,0,0,0,,1,0
/home/huangyunyou/amount_data/new_data/,ADNI_019_S_6186_MR_Sagittal_3D_Accelerated_MPRAGE_br_raw_20180130153759879_80_S654473_I958499.npy,1,0,0,0,0,,0,0,0,0,,0,0
/home/huangyunyou/amount_data/new_data/,ADNI_041_S_0898_MR_MPRAGE_br_raw_20091110151223731_98_S76014_I158501.npy,1,0,0,0,0,0,0,0,0,0,,0,0
/home/huangyunyou/amount_data/new_data/,ADNI_133_S_0912_MR_MP-RAGE__br_raw_20081106150811656_3_S58409_I125423.npy,0,1,0,1,0,0,0,0,0,0,,1,0
/home/huangyunyou/amount_data/new_data/,ADNI_003_S_6257_MR_Accelerated_Sagittal_MPRAGE__br_raw_20180316104559281_109_S667501_I974338.npy,1,0,0,0,0,,0,0,0,0,,0,0
/home/huangyunyou/amount_data/new_data/,ADNI_032_S_0214_MR_MPRAGE_br_raw_20100709082113597_108_S88827_I181363.npy,0,1,0,1,0,0,0,0,0,0,,1,0
/home/huangyunyou/amount_data/new_data/,00000027_S_6640.npy,0,1,0,1,0,,0,0,0,0,,1,0
/home/huangyunyou/amount_data/new_data/,ADNI_014_S_6437_MR_Accelerated_Sagittal_MPRAGE__br_raw_20180821154547976_154_S719532_I1039134.npy,1,0,0,0,0,,0,0,0,0,,0,0
/home/huangyunyou/amount_data/new_data/,ADNI_013_S_0325_MR_MPRAGE_br_raw_20080620115117578_94_S51894_I110198.npy,0,1,0,1,0,0,0,0,0,0,,1,0
/home/huangyunyou/amount_data/new_data/,ADNI_012_S_1212_MR_ADNI_______MPRAGEadni2_br_raw_20070727164101390_4_S36492_I62529.npy,1,0,0,0,0,0,0,0,0,0,,0,0
/home/huangyunyou/amount_data/new_data/,ADNI_137_S_0825_MR_MP-RAGE__br_raw_20071029121025389_180_S41988_I79420.npy,0,1,0,1,0,0,0,0,0,0,,1,0
/home/huangyunyou/amount_data/new_data/,ADNI_041_S_1411_MR_MPRAGE_br_raw_20070717090012320_97_S35102_I60274.npy,0,1,0,1,0,0,0,0,0,0,,1,0
/home/huangyunyou/amount_data/new_data/,ADNI_128_S_0770_MR_REPEAT_SAG_3D_MPRAGE_br_raw_20090826171938044_19_S72793_I153756.npy,0,1,0,1,0,0,0,0,0,0,,1,0
/home/huangyunyou/amount_data/new_data/,ADNI_130_S_0969_MR_MP-RAGE__br_raw_20101202093227275_140_S95650_I207263.npy,1,0,0,0,0,0,0,0,0,0,,0,0
/home/huangyunyou/amount_data/new_data/,ADNI_067_S_0045_MR_MPRAGE_br_raw_20060719155422588_98_S16967_I19190.npy,0,1,0,1,0,0,0,0,0,0,,1,0
/home/huangyunyou/amount_data/new_data/,ADNI_301_S_6224_MR_Sagittal_3D_Accelerated_MPRAGE_br_raw_20180213122017190_165_S658354_I963152.npy,1,0,0,0,0,,0,0,0,0,,0,0
/home/huangyunyou/amount_data/new_data/,ADNI_126_S_1340_MR_MP-RAGE__br_raw_20070808093020868_166_S36996_I65796.npy,0,1,0,1,0,0,0,0,0,0,,1,0
/home/huangyunyou/amount_data/new_data/,ADNI_006_S_1130_MR_MP-RAGE__br_raw_20100114092247484_166_S78351_I163530.npy,0,1,0,1,0,0,0,0,0,0,,1,0
/home/huangyunyou/amount_data/new_data/,ADNI_141_S_6015_MR_Accelerated_Sagittal_MPRAGE__br_raw_20170516125712481_46_S564149_I851352.npy,1,0,0,0,0,,0,0,0,0,,0,0
/home/huangyunyou/amount_data/new_data/,ADNI_023_S_1190_MR_MPRAGE_br_raw_20100219163707538_20_S80249_I166476.npy,1,0,0,0,0,0,0,0,0,0,,0,0
/home/huangyunyou/amount_data/new_data/,00000941_S_6068.npy,0,1,0,1,0,,0,0,0,0,,1,0
/home/huangyunyou/amount_data/new_data/,00000141_S_6075.npy,0,1,0,1,0,,0,0,0,0,,1,0
/home/huangyunyou/amount_data/new_data/,ADNI_941_S_6574_MR_3D_MPRAGE__br_raw_20180910150441160_81_S725814_I1046899.npy,1,0,0,0,0,,0,0,0,0,,0,0
/home/huangyunyou/amount_data/new_data/,ADNI_126_S_0865_MR_MP-RAGE__br_raw_20091217141324628_1_S77293_I161072.npy,0,1,0,1,0,0,0,0,0,0,,1,0
/home/huangyunyou/amount_data/new_data/,ADNI_037_S_6046_MR_Accelerated_Sagittal_MPRAGE__br_raw_20170717132733846_100_S583899_I874809.npy,1,0,0,0,0,,0,0,0,0,,0,0
/home/huangyunyou/amount_data/new_data/,ADNI_011_S_0326_MR_MPRAGE_br_raw_20090407073853571_1_S65639_I140635.npy,0,1,0,1,0,0,0,0,0,0,,1,0
/home/huangyunyou/amount_data/new_data/,ADNI_062_S_1099_MR_MPRAGE_br_raw_20071211155639312_98_S43572_I84579.npy,1,0,0,0,0,0,0,0,0,0,,0,0
/home/huangyunyou/amount_data/new_data/,ADNI_127_S_1419_MR_MP-RAGE__br_raw_20090820091308391_1_S72592_I153427.npy,0,1,0,1,0,0,0,0,0,0,,1,0
/home/huangyunyou/amount_data/new_data/,ADNI_114_S_0601_MR_MPRAGE_br_raw_20090617165030448_98_S68779_I146151.npy,1,0,0,0,0,0,0,0,0,0,,0,0
/home/huangyunyou/amount_data/new_data/,ADNI_037_S_1225_MR_MP-RAGE__br_raw_20080908112912798_56_S56270_I117597.npy,0,1,0,1,0,0,0,0,0,0,,1,0
/home/huangyunyou/amount_data/new_data/,ADNI_006_S_6277_MR_Sagittal_3D_Accelerated_MPRAGE_br_raw_20180328125656099_29_S670775_I978374.npy,1,0,0,0,0,,0,0,0,0,,0,0
/home/huangyunyou/amount_data/new_data/,ADNI_029_S_0878_MR_MP-RAGE__br_raw_20091207113711179_3_S76983_I160409.npy,0,1,0,1,0,0,0,0,0,0,,1,0
/home/huangyunyou/amount_data/new_data/,ADNI_141_S_6589_MR_Accelerated_Sagittal_MPRAGE__br_raw_20181114103108888_145_S747017_I1072748.npy,1,0,0,0,0,,0,0,0,0,,0,0
/home/huangyunyou/amount_data/new_data/,ADNI_052_S_1346_MR_MP-RAGE__br_raw_20100611150757937_65_S87214_I177365.npy,0,1,0,1,0,0,0,0,0,0,,1,0
/home/huangyunyou/amount_data/new_data/,ADNI_012_S_1321_MR_MPRAGE_AUTOSHIM_ON_br_raw_20090327171949312_1_S65187_I140013.npy,0,1,0,1,0,0,0,0,0,0,,1,0
/home/huangyunyou/amount_data/new_data/,ADNI_029_S_0845_MR_MP-RAGE__br_raw_20091015104403163_4_S75197_I157191.npy,1,0,0,0,0,0,0,0,0,0,,0,0
/home/huangyunyou/amount_data/new_data/,00000024_S_6033.npy,0,1,0,1,0,,0,0,0,0,,1,0
/home/huangyunyou/amount_data/new_data/,ADNI_020_S_6227_MR_Accelerated_Sagittal_MPRAGE__br_raw_20180221122007136_60_S660891_I966268.npy,1,0,0,0,0,,0,0,0,0,,0,0
/home/huangyunyou/amount_data/new_data/,ADNI_022_S_1366_MR_MPRAGE_Repeat__br_raw_20070403081845001_87_S29195_I47792.npy,0,1,0,1,0,0,0,0,0,0,,1,0
/home/huangyunyou/amount_data/new_data/,ADNI_099_S_6025_MR_Accelerated_Sag_IR-FSPGR___br_raw_20170605121320234_9_S570201_I858494.npy,1,0,0,0,0,,0,0,0,0,,0,0
/home/huangyunyou/amount_data/new_data/,ADNI_128_S_2003_MR_MPRAGE_br_raw_20100707221529337_96_S88768_I181153.npy,0,1,0,1,0,,0,0,0,0,,1,0
/home/huangyunyou/amount_data/new_data/,ADNI_057_S_0779_MR_MPRAGE_br_raw_20090903140638250_98_S73021_I154122.npy,1,0,0,0,0,0,0,0,0,0,,0,0
/home/huangyunyou/amount_data/new_data/,ADNI_010_S_0904_MR_ASO-MPRAGE_br_raw_20090129145056828_25_S62486_I134948.npy,0,1,0,1,0,0,0,0,0,0,,1,0
/home/huangyunyou/amount_data/new_data/,ADNI_127_S_6024_MR_Accelerated_Sagittal_IR-FSPGR__br_raw_20171115144656499_45_S632099_I931614.npy,1,0,0,0,0,,0,0,0,0,,0,0
/home/huangyunyou/amount_data/new_data/,ADNI_031_S_2022_MR_MPRAGE_br_raw_20100715143835351_140_S89098_I184533.npy,0,1,0,1,0,,0,0,0,0,,1,0
/home/huangyunyou/amount_data/new_data/,ADNI_941_S_6580_MR_Accelerated_Sagittal_MPRAGE__br_raw_20180910133430726_13_S725681_I1046736.npy,1,0,0,0,0,,0,0,0,0,,0,0
/home/huangyunyou/amount_data/new_data/,ADNI_011_S_6465_MR_Accelerated_Sagittal_MPRAGE__br_raw_20180824131118165_89_S721546_I1041482.npy,1,0,0,0,0,,0,0,0,0,,0,0
/home/huangyunyou/amount_data/new_data/,ADNI_031_S_0867_MR_MPRAGE_ASO_br_raw_20090922162201035_1_S74035_I155481.npy,0,1,0,1,0,0,0,0,0,0,,1,0
/home/huangyunyou/amount_data/new_data/,ADNI_057_S_0941_MR_MPRAGE_br_raw_20081023140806234_98_S57832_I123126.npy,0,1,0,1,0,0,0,0,0,0,,1,0
/home/huangyunyou/amount_data/new_data/,ADNI_067_S_0059_MR_MPRAGE_br_raw_20081209145657686_63_S60702_I129892.npy,1,0,0,0,0,0,0,0,0,0,,0,0
/home/huangyunyou/amount_data/new_data/,ADNI_041_S_0598_MR_MPRAGE_br_raw_20080131091903972_98_S45159_I89002.npy,0,1,0,1,0,0,0,0,0,0,,1,0
/home/huangyunyou/amount_data/new_data/,ADNI_130_S_6111_MR_Sagittal_3D_Accelerated_MPRAGE_br_raw_20171114121758916_167_S631822_I931215.npy,1,0,0,0,0,,0,0,0,0,,0,0
/home/huangyunyou/amount_data/new_data/,ADNI_114_S_1118_MR_MP_RAGE_SAGITTAL_br_raw_20100130151109750_144_S79581_I165561.npy,0,1,0,1,0,0,0,0,0,0,,1,0
/home/huangyunyou/amount_data/new_data/,ADNI_018_S_0450_MR_MPRAGE_br_raw_20090707082627293_1_S69489_I147957.npy,0,1,0,1,0,0,0,0,0,0,,1,0
/home/huangyunyou/amount_data/new_data/,ADNI_020_S_6470_MR_Accelerated_Sagittal_MPRAGE__br_raw_20180717135718358_161_S705247_I1021826.npy,1,0,0,0,0,,0,0,0,0,,0,0
/home/huangyunyou/amount_data/new_data/,ADNI_032_S_2247_MR_MPRAGE_br_raw_20101229140030897_41_S96961_I209412.npy,0,1,0,1,0,,0,0,0,0,,1,0
/home/huangyunyou/amount_data/new_data/,ADNI_128_S_1043_MR_REPEAT_SAG_3D_MP_RAGE__br_raw_20140722161206360_54_S225555_I436313.npy,0,1,0,1,0,0,0,0,0,0,,1,0
/home/huangyunyou/amount_data/new_data/,ADNI_011_S_0362_MR_MPRAGE_br_raw_20100603100609644_31_S86779_I176623.npy,0,1,0,1,0,0,0,0,0,0,,1,0
/home/huangyunyou/amount_data/new_data/,ADNI_099_S_6038_MR_Accelerated_Sag_IR-FSPGR___br_raw_20170920110402990_188_S610151_I905866.npy,1,0,0,0,0,,0,0,0,0,,0,0
/home/huangyunyou/amount_data/new_data/,ADNI_073_S_2225_MR_MPRAGE_br_raw_20110127150202440_30_S98428_I214761.npy,0,1,0,1,0,,0,0,0,0,,1,0
/home/huangyunyou/amount_data/new_data/,ADNI_128_S_1407_MR_REPEAT_SAG_3D_MPRAGE_br_raw_20080119002201335_1_S44738_I87882.npy,0,1,0,1,0,0,0,0,0,0,,1,0
/home/huangyunyou/amount_data/new_data/,ADNI_033_S_6298_MR_Accelerated_Sagittal_MPRAGE__br_raw_20180412115919714_106_S675965_I984807.npy,1,0,0,0,0,,0,0,0,0,,0,0
/home/huangyunyou/amount_data/new_data/,ADNI_127_S_2234_MR_Accelerated_Sag_IR-SPGR__br_raw_20101209084209787_162_S96117_I207969.npy,0,1,0,1,0,,0,0,0,0,,1,0
/home/huangyunyou/amount_data/new_data/,ADNI_007_S_2058_MR_Accelerated_SAG_IR-SPGR__br_raw_20100902134847177_180_S91590_I191954.npy,0,1,0,1,0,,0,0,0,0,,1,0
/home/huangyunyou/amount_data/new_data/,ADNI_073_S_0386_MR_MPRAGE_br_raw_20100603104856106_47_S86848_I176717.npy,1,0,0,0,0,0,0,0,0,0,,0,0
/home/huangyunyou/amount_data/new_data/,ADNI_032_S_0479_MR_MPRAGE_br_raw_20100709080318265_119_S88819_I181352.npy,1,0,0,0,0,0,0,0,0,0,,0,0
/home/huangyunyou/amount_data/new_data/,ADNI_051_S_1072_MR_MPRAGE_br_raw_20100205105213277_98_S79788_I165842.npy,0,1,0,1,0,0,0,0,0,0,,1,0
/home/huangyunyou/amount_data/new_data/,00000053_S_6598.npy,0,1,0,1,0,,0,0,0,0,,1,0
/home/huangyunyou/amount_data/new_data/,ADNI_036_S_6088_MR_Accelerated_Sagittal_MPRAGE__br_raw_20171012160729751_123_S619153_I916492.npy,1,0,0,0,0,,0,0,0,0,,0,0
/home/huangyunyou/amount_data/new_data/,ADNI_116_S_0834_MR_MP-RAGE__br_raw_20091116094023707_101_S76467_I159287.npy,0,1,0,1,0,0,0,0,0,0,,1,0
/home/huangyunyou/amount_data/new_data/,ADNI_036_S_0656_MR_MPRAGE_br_raw_20090723193003782_1_S70534_I150230.npy,0,1,0,1,0,0,0,0,0,0,,1,0
/home/huangyunyou/amount_data/new_data/,ADNI_123_S_0113_MR_MPRAGEASO__br_raw_20100408093625440_75_S83010_I170559.npy,1,0,0,0,0,0,0,0,0,0,,0,0
/home/huangyunyou/amount_data/new_data/,ADNI_035_S_0204_MR_MPRAGE_br_raw_20100209145304350_101_S79965_I166074.npy,0,1,0,1,0,0,0,0,0,0,,1,0
/home/huangyunyou/amount_data/new_data/,ADNI_018_S_6351_MR_Sagittal_3D_Accelerated_MPRAGE_br_raw_20180510134544699_1_S684128_I995861.npy,1,0,0,0,0,,0,0,0,0,,0,0
/home/huangyunyou/amount_data/new_data/,ADNI_141_S_1051_MR_MPRAGE_br_raw_20070711115737201_123_S34698_I59062.npy,0,1,0,1,0,0,0,0,0,0,,1,0
/home/huangyunyou/amount_data/new_data/,ADNI_020_S_1288_MR_MPRAGE_br_raw_20100313093708625_78_S81078_I167858.npy,1,0,0,0,0,0,0,0,0,0,,0,0
/home/huangyunyou/amount_data/new_data/,ADNI_129_S_6457_MR_Accelerated_Sag_IR-FSPGR___br_raw_20180627125915166_132_S699214_I1014334.npy,1,0,0,0,0,,0,0,0,0,,0,0
/home/huangyunyou/amount_data/new_data/,ADNI_041_S_1260_MR_MPRAGE_br_raw_20100728110019331_44_S89590_I187656.npy,0,1,0,1,0,0,0,0,0,0,,1,0
/home/huangyunyou/amount_data/new_data/,ADNI_127_S_0393_MR_MP-RAGE__br_raw_20071213112829201_1_S43805_I84930.npy,0,1,0,1,0,0,0,0,0,0,,1,0
/home/huangyunyou/amount_data/new_data/,ADNI_082_S_1256_MR_MPRAGE_Repeat__br_raw_20140715141120307_63_S225113_I435660.npy,1,0,0,0,0,0,0,0,0,0,,0,0
/home/huangyunyou/amount_data/new_data/,ADNI_006_S_6500_MR_Sagittal_3D_Accelerated_MPRAGE_br_raw_20180730125446170_68_S710554_I1028499.npy,1,0,0,0,0,,0,0,0,0,,0,0
/home/huangyunyou/amount_data/new_data/,ADNI_082_S_0641_MR_MPRAGE_SAG_br_raw_20060620142336161_98_S15699_I17259.npy,0,1,0,1,0,0,0,0,0,0,,1,0
/home/huangyunyou/amount_data/new_data/,ADNI_067_S_6443_MR_Accelerated_Sagittal_MPRAGE__br_raw_20180618121151366_169_S696646_I1011216.npy,1,0,0,0,0,,0,0,0,0,,0,0
/home/huangyunyou/amount_data/new_data/,ADNI_013_S_0860_MR_MPRAGE_br_raw_20070926152727660_98_S40056_I75383.npy,0,1,0,1,0,0,0,0,0,0,,1,0
/home/huangyunyou/amount_data/new_data/,ADNI_123_S_0298_MR_MPRAGEASO__br_raw_20100419102052805_133_S83458_I171280.npy,1,0,0,0,0,0,0,0,0,0,,0,0
/home/huangyunyou/amount_data/new_data/,ADNI_023_S_0613_MR_MPRAGE_br_raw_20060725115106015_1_S17197_I19553.npy,0,1,0,1,0,0,0,0,0,0,,1,0
/home/huangyunyou/amount_data/new_data/,ADNI_010_S_0419_MR_ASO-MPRAGE_br_raw_20100506044845078_93_S73338_I154490.npy,1,0,0,0,0,0,0,0,0,0,,0,0
/home/huangyunyou/amount_data/new_data/,ADNI_068_S_2184_MR_MPRAGE_br_raw_20101117133904572_129_S94922_I205396.npy,0,1,0,1,0,,0,0,0,0,,1,0
/home/huangyunyou/amount_data/new_data/,ADNI_136_S_0195_MR_MP-RAGE__br_raw_20090404130557995_1_S65500_I140446.npy,0,1,0,1,0,0,0,0,0,0,,1,0
/home/huangyunyou/amount_data/new_data/,ADNI_128_S_0188_MR_REPEAT_SAG_3D_MPRAGE_br_raw_20090603115647638_16_S68227_I145356.npy,0,1,0,1,0,0,0,0,0,0,,1,0
/home/huangyunyou/amount_data/new_data/,ADNI_100_S_6308_MR_Sagittal_3D_Accelerated_MPRAGE_br_raw_20180427154627592_1_S680191_I990027.npy,1,0,0,0,0,,0,0,0,0,,0,0
/home/huangyunyou/amount_data/new_data/,ADNI_016_S_1121_MR_MPRAGE_br_raw_20091217105049466_101_S77265_I161032.npy,0,1,0,1,0,0,0,0,0,0,,1,0
/home/huangyunyou/amount_data/new_data/,ADNI_002_S_6456_MR_Accelerated_Sagittal_MPRAGE__br_raw_20180706121640876_171_S701947_I1017836.npy,1,0,0,0,0,,0,0,0,0,,0,0
/home/huangyunyou/amount_data/new_data/,ADNI_116_S_0360_MR_MP-RAGE__br_raw_20060504130627062_2_S14014_I14623.npy,1,0,0,0,0,0,0,0,0,0,,0,0
/home/huangyunyou/amount_data/new_data/,ADNI_068_S_0478_MR_ADNI_______MPRAGE__br_raw_20080708170158945_170_S53140_I112794.npy,0,1,0,1,0,0,0,0,0,0,,1,0
/home/huangyunyou/amount_data/new_data/,ADNI_128_S_0245_MR_MPRAGE_br_raw_20061010183353712_1_S19921_I26049.npy,1,0,0,0,0,0,0,0,0,0,,0,0
/home/huangyunyou/amount_data/new_data/,ADNI_100_S_2351_MR_MPRAGE_br_raw_20110517102011932_4_S109082_I235263.npy,0,1,0,1,0,,0,0,0,0,,1,0
/home/huangyunyou/amount_data/new_data/,ADNI_023_S_0031_MR_MPRAGE_br_raw_20091022143730008_1_S75432_I157584.npy,1,0,0,0,0,0,0,0,0,0,,0,0
/home/huangyunyou/amount_data/new_data/,ADNI_141_S_1245_MR_MPRAGE_br_raw_20080512112250313_98_S49889_I105076.npy,0,1,0,1,0,0,0,0,0,0,,1,0
/home/huangyunyou/amount_data/new_data/,ADNI_037_S_6271_MR_Accelerated_Sagittal_MPRAGE__br_raw_20180517142517257_37_S686551_I998806.npy,1,0,0,0,0,,0,0,0,0,,0,0
/home/huangyunyou/amount_data/new_data/,ADNI_137_S_0481_MR_MP-RAGE__br_raw_20090609102316303_1_S68383_I145591.npy,0,1,0,1,0,0,0,0,0,0,,1,0
/home/huangyunyou/amount_data/new_data/,ADNI_127_S_0622_MR_MP-RAGE__br_raw_20090701172811765_1_S69345_I147629.npy,1,0,0,0,0,0,0,0,0,0,,0,0
/home/huangyunyou/amount_data/new_data/,ADNI_068_S_2248_MR_MPRAGE_br_raw_20101223110525957_72_S97001_I209511.npy,0,1,0,1,0,,0,0,0,0,,1,0
/home/huangyunyou/amount_data/new_data/,ADNI_098_S_0172_MR_MP-RAGE__br_raw_20120508134644975_144_S85041_I173885.npy,1,0,0,0,0,0,0,0,0,0,,0,0
/home/huangyunyou/amount_data/new_data/,ADNI_141_S_2333_MR_MPRAGE_br_raw_20110330111212659_24_S102362_I224914.npy,0,1,0,1,0,,0,0,0,0,,1,0
/home/huangyunyou/amount_data/new_data/,ADNI_014_S_0557_MR_MP-RAGE_REPEAT_br_raw_20090609132514316_160_S68396_I145612.npy,0,1,0,1,0,0,0,0,0,0,,1,0
/home/huangyunyou/amount_data/new_data/,ADNI_003_S_1021_MR_MPRAGE_br_raw_20070627175329914_126_S34090_I57886.npy,1,0,0,0,0,0,0,0,0,0,,0,0
/home/huangyunyou/amount_data/new_data/,ADNI_002_S_0295_MR_MP-RAGE__br_raw_20100514031838903_42_S84944_I173732.npy,1,0,0,0,0,0,0,0,0,0,,0,0
/home/huangyunyou/amount_data/new_data/,00000127_S_6241.npy,0,1,0,1,0,,0,0,0,0,,1,0
/home/huangyunyou/amount_data/new_data/,ADNI_035_S_0555_MR_MPRAGE_br_raw_20100129153953550_100_S79574_I165551.npy,1,0,0,0,0,0,0,0,0,0,,0,0
/home/huangyunyou/amount_data/new_data/,ADNI_011_S_0168_MR_MPRAGE_br_raw_20060830132550388_1_S18381_I23559.npy,0,1,0,1,0,0,0,0,0,0,,1,0
/home/huangyunyou/amount_data/new_data/,ADNI_023_S_0217_MR_MPRAGE_br_raw_20100312123317975_22_S81061_I167824.npy,0,1,0,1,0,0,0,0,0,0,,1,0
/home/huangyunyou/amount_data/new_data/,ADNI_022_S_2087_MR_MPRAGE_br_raw_20101006171547116_161_S93012_I195225.npy,0,1,0,1,0,,0,0,0,0,,1,0
/home/huangyunyou/amount_data/new_data/,ADNI_023_S_6400_MR_Accelerated_Sagittal_MPRAGE__br_raw_20180530163448275_138_S690769_I1004030.npy,1,0,0,0,0,,0,0,0,0,,0,0
/home/huangyunyou/amount_data/new_data/,ADNI_109_S_1114_MR_MPRAGE_br_raw_20090408122926195_1_S65797_I140966.npy,0,1,0,1,0,0,0,0,0,0,,1,0
/home/huangyunyou/amount_data/new_data/,ADNI_002_S_6030_MR_Accelerated_Sagittal_MPRAGE__br_raw_20170616113814435_8_S573169_I861965.npy,1,0,0,0,0,,0,0,0,0,,0,0
/home/huangyunyou/amount_data/new_data/,ADNI_036_S_2380_MR_MPRAGE_br_raw_20110602093324658_105_S110431_I238494.npy,0,1,0,1,0,,0,0,0,0,,1,0
/home/huangyunyou/amount_data/new_data/,ADNI_072_S_1211_MR_MPRAGE_ASO_br_raw_20100306115856245_126_S80735_I167364.npy,0,1,0,1,0,0,0,0,0,0,,1,0
/home/huangyunyou/amount_data/new_data/,ADNI_009_S_6212_MR_Accelerated_Sag_IR-FSPGR_br_raw_20180227103604016_26_S662644_I968465.npy,1,0,0,0,0,,0,0,0,0,,0,0
/home/huangyunyou/amount_data/new_data/,ADNI_027_S_2245_MR_Accelerated_SAG_IR-SPGR__br_raw_20101215151725704_66_S96492_I208684.npy,0,1,0,1,0,,0,0,0,0,,1,0
/home/huangyunyou/amount_data/new_data/,ADNI_014_S_0548_MR_MP-RAGE__br_raw_20090720102035247_21_S70313_I149716.npy,1,0,0,0,0,0,0,0,0,0,,0,0
/home/huangyunyou/amount_data/new_data/,ADNI_021_S_2077_MR_Accelerated_Sag_IR-SPGR__br_raw_20100909161320873_171_S91933_I192498.npy,0,1,0,1,0,,0,0,0,0,,1,0
/home/huangyunyou/amount_data/new_data/,ADNI_133_S_0727_MR_Sag_MPRAGE_br_raw_20140806151408897_84_S226970_I438622.npy,0,1,0,1,0,0,0,0,0,0,,1,0
/home/huangyunyou/amount_data/new_data/,ADNI_168_S_6059_MR_Accelerated_Sagittal_MPRAGE__br_raw_20170821114231693_37_S598963_I892759.npy,1,0,0,0,0,,0,0,0,0,,0,0
/home/huangyunyou/amount_data/new_data/,ADNI_037_S_0377_MR_MP-RAGE__br_raw_20140711073113459_60_S224737_I435109.npy,0,1,0,1,0,0,0,0,0,0,,1,0
/home/huangyunyou/amount_data/new_data/,ADNI_013_S_1276_MR_MPRAGE_br_raw_20100430124219222_77_S84235_I172677.npy,1,0,0,0,0,0,0,0,0,0,,0,0
/home/huangyunyou/amount_data/new_data/,ADNI_022_S_0750_MR_MPRAGE_Repeat__br_raw_20080829165950857_23_S56105_I117292.npy,0,1,0,1,0,0,0,0,0,0,,1,0
/home/huangyunyou/amount_data/new_data/,ADNI_109_S_0967_MR_MPRAGE_br_raw_20090408113610928_1_S65788_I140954.npy,1,0,0,0,0,0,0,0,0,0,,0,0
/home/huangyunyou/amount_data/new_data/,ADNI_016_S_1092_MR_MPRAGE_br_raw_20091217111401205_97_S77272_I161040.npy,0,1,0,1,0,0,0,0,0,0,,1,0
/home/huangyunyou/amount_data/new_data/,ADNI_020_S_6449_MR_Accelerated_Sagittal_MPRAGE__br_raw_20180709093028550_206_S702254_I1018201.npy,1,0,0,0,0,,0,0,0,0,,0,0
/home/huangyunyou/amount_data/new_data/,ADNI_099_S_0111_MR_MPRAGE_br_raw_20070205105827031_98_S25863_I38078.npy,0,1,0,1,0,0,0,0,0,0,,1,0
/home/huangyunyou/amount_data/new_data/,ADNI_109_S_2278_MR_Accelerated_SAG_IR-SPGR__br_raw_20110317182336858_59_S101817_I224117.npy,0,1,0,1,0,,0,0,0,0,,1,0
/home/huangyunyou/amount_data/new_data/,ADNI_941_S_1202_MR_MPRAGE_br_raw_20100316165641848_48_S81149_I167951.npy,1,0,0,0,0,0,0,0,0,0,,0,0
/home/huangyunyou/amount_data/new_data/,ADNI_011_S_0241_MR_MPRAGE_br_raw_20100317103327167_34_S81165_I167969.npy,0,1,0,1,0,0,0,0,0,0,,1,0
/home/huangyunyou/amount_data/new_data/,ADNI_137_S_0283_MR_MP-RAGE__br_raw_20090423102452728_180_S66599_I142415.npy,1,0,0,0,0,0,0,0,0,0,,0,0
/home/huangyunyou/amount_data/new_data/,ADNI_033_S_0567_MR_MP-RAGE__br_raw_20090616122851388_3_S68614_I145927.npy,0,1,0,1,0,0,0,0,0,0,,1,0
/home/huangyunyou/amount_data/new_data/,ADNI_023_S_0042_MR_MPRAGE_br_raw_20100318123521726_128_S81237_I168064.npy,0,1,0,1,0,0,0,0,0,0,,1,0
/home/huangyunyou/amount_data/new_data/,ADNI_094_S_0526_MR_MP-RAGE__br_raw_20090626150111355_1_S69250_I146828.npy,1,0,0,0,0,0,0,0,0,0,,0,0
/home/huangyunyou/amount_data/new_data/,00000135_S_6110.npy,0,1,0,1,0,,0,0,0,0,,1,0
/home/huangyunyou/amount_data/new_data/,ADNI_072_S_0315_MR_MPRAGE_ASO_br_raw_20100409144231386_18_S83185_I170813.npy,1,0,0,0,0,0,0,0,0,0,,0,0
/home/huangyunyou/amount_data/new_data/,ADNI_023_S_0887_MR_MPRAGE_br_raw_20091103161634941_1_S75829_I158216.npy,0,1,0,1,0,0,0,0,0,0,,1,0
/home/huangyunyou/amount_data/new_data/,ADNI_168_S_6062_MR_Accelerated_Sagittal_MPRAGE__br_raw_20170821115315474_159_S598972_I892771.npy,1,0,0,0,0,,0,0,0,0,,0,0
/home/huangyunyou/amount_data/new_data/,00000168_S_6634.npy,0,1,0,1,0,,0,0,0,0,,1,0
/home/huangyunyou/amount_data/new_data/,ADNI_153_S_6237_MR_Accelerated_Sagittal_MPRAGE__br_raw_20180307135252368_4_S664777_I970943.npy,1,0,0,0,0,,0,0,0,0,,0,0
/home/huangyunyou/amount_data/new_data/,ADNI_035_S_0033_MR_MPRAGE_br_raw_20090601145154100_98_S68142_I145230.npy,0,1,0,1,0,0,0,0,0,0,,1,0
/home/huangyunyou/amount_data/new_data/,ADNI_136_S_0873_MR_MP-RAGE__br_raw_20081029152044270_1_S58049_I124413.npy,0,1,0,1,0,0,0,0,0,0,,1,0
/home/huangyunyou/amount_data/new_data/,ADNI_126_S_0680_MR_MP-RAGE__br_raw_20100722091404385_56_S89368_I185557.npy,1,0,0,0,0,0,0,0,0,0,,0,0
/home/huangyunyou/amount_data/new_data/,ADNI_033_S_1284_MR_MP-RAGE__br_raw_20080227135706411_3_S46258_I92891.npy,0,1,0,1,0,0,0,0,0,0,,1,0
/home/huangyunyou/amount_data/new_data/,ADNI_168_S_6049_MR_Accelerated_Sagittal_MPRAGE__br_raw_20171012100144282_201_S619050_I916365.npy,1,0,0,0,0,,0,0,0,0,,0,0
/home/huangyunyou/amount_data/new_data/,ADNI_021_S_2142_MR_Accelerated_Sag_IR-SPGR__br_raw_20101025143821734_19_S93661_I199167.npy,0,1,0,1,0,,0,0,0,0,,1,0
/home/huangyunyou/amount_data/new_data/,00000023_S_6334.npy,0,1,0,1,0,,0,0,0,0,,1,0
/home/huangyunyou/amount_data/new_data/,ADNI_057_S_0643_MR_MPRAGE_br_raw_20090722150548359_134_S70434_I150035.npy,1,0,0,0,0,0,0,0,0,0,,0,0
/home/huangyunyou/amount_data/new_data/,ADNI_131_S_0384_MR_MP-RAGE__br_raw_20100630093119887_83_S88428_I180692.npy,0,1,0,1,0,0,0,0,0,0,,1,0
/home/huangyunyou/amount_data/new_data/,ADNI_031_S_0618_MR_MPRAGE_ASO_br_raw_20090702124657453_1_S69380_I147771.npy,1,0,0,0,0,0,0,0,0,0,,0,0
/home/huangyunyou/amount_data/new_data/,ADNI_024_S_1393_MR_MP-RAGE__br_raw_20100413152418658_132_S83274_I170929.npy,0,1,0,1,0,0,0,0,0,0,,1,0
/home/huangyunyou/amount_data/new_data/,ADNI_023_S_0058_MR_MPRAGE_br_raw_20100319144152203_137_S81389_I168313.npy,1,0,0,0,0,0,0,0,0,0,,0,0
/home/huangyunyou/amount_data/new_data/,00000301_S_6615.npy,0,1,0,1,0,,0,0,0,0,,1,0
/home/huangyunyou/amount_data/new_data/,ADNI_018_S_0043_MR_MPRAGE_br_raw_20100223150511841_90_S80391_I166710.npy,1,0,0,0,0,0,0,0,0,0,,0,0
/home/huangyunyou/amount_data/new_data/,ADNI_098_S_0269_MR_MP-RAGE__br_raw_20100420165528541_113_S83524_I171457.npy,0,1,0,1,0,0,0,0,0,0,,1,0
/home/huangyunyou/amount_data/new_data/,ADNI_168_S_6151_MR_Accelerated_Sagittal_MPRAGE__br_raw_20171219114009450_45_S645502_I947540.npy,1,0,0,0,0,,0,0,0,0,,0,0
/home/huangyunyou/amount_data/new_data/,ADNI_131_S_0409_MR_MP-RAGE__br_raw_20070209092042807_1_S26167_I38686.npy,0,1,0,1,0,0,0,0,0,0,,1,0
/home/huangyunyou/amount_data/new_data/,ADNI_037_S_0552_MR_MP-RAGE__br_raw_20080618091759203_1_S51792_I110030.npy,0,1,0,1,0,0,0,0,0,0,,1,0
/home/huangyunyou/amount_data/new_data/,ADNI_141_S_0767_MR_MPRAGE_br_raw_20081007143046174_98_S57038_I119448.npy,1,0,0,0,0,0,0,0,0,0,,0,0
/home/huangyunyou/amount_data/new_data/,ADNI_037_S_1421_MR_MP-RAGE__br_raw_20100924141922999_132_S92610_I193604.npy,0,1,0,1,0,0,0,0,0,0,,1,0
/home/huangyunyou/amount_data/new_data/,ADNI_020_S_0899_MR_MPRAGE_br_raw_20091118125118234_160_S76597_I159479.npy,1,0,0,0,0,0,0,0,0,0,,0,0
/home/huangyunyou/amount_data/new_data/,ADNI_127_S_1427_MR_MP-RAGE__br_raw_20090826163347839_166_S72777_I153734.npy,0,1,0,1,0,0,0,0,0,0,,1,0
/home/huangyunyou/amount_data/new_data/,ADNI_067_S_0098_MR_MPRAGE_br_raw_20090326172731889_98_S65124_I139923.npy,0,1,0,1,0,0,0,0,0,0,,1,0
/home/huangyunyou/amount_data/new_data/,ADNI_141_S_0717_MR_MPRAGE_br_raw_20081006164354198_98_S56987_I119296.npy,1,0,0,0,0,0,0,0,0,0,,0,0
/home/huangyunyou/amount_data/new_data/,ADNI_031_S_1066_MR_MPRAGE_br_raw_20091209153600458_1_S77080_I160613.npy,0,1,0,1,0,0,0,0,0,0,,1,0
/home/huangyunyou/amount_data/new_data/,00000137_S_6654.npy,0,1,0,1,0,,0,0,0,0,,1,0
/home/huangyunyou/amount_data/new_data/,ADNI_007_S_6515_MR_Accelerated_Sagittal_MPRAGE__br_raw_20180731092144897_139_S711025_I1029029.npy,1,0,0,0,0,,0,0,0,0,,0,0
/home/huangyunyou/amount_data/new_data/,ADNI_941_S_2060_MR_MPRAGE_br_raw_20100908161012470_91_S91837_I192348.npy,0,1,0,1,0,,0,0,0,0,,1,0
/home/huangyunyou/amount_data/new_data/,ADNI_135_S_6104_MR_Accelerated_Sag_IR-FSPGR___br_raw_20171130154544576_144_S629806_I928920.npy,1,0,0,0,0,,0,0,0,0,,0,0
/home/huangyunyou/amount_data/new_data/,ADNI_041_S_6292_MR_Accelerated_Sagittal_MPRAGE__br_raw_20180418120239582_37_S677519_I986709.npy,1,0,0,0,0,,0,0,0,0,,0,0
/home/huangyunyou/amount_data/new_data/,ADNI_037_S_0182_MR_MP-RAGE__br_raw_20060214151603652_86_S11644_I11121.npy,0,1,0,1,0,0,0,0,0,0,,1,0
/home/huangyunyou/amount_data/new_data/,00000003_S_6606.npy,0,1,0,1,0,,0,0,0,0,,1,0
/home/huangyunyou/amount_data/new_data/,ADNI_098_S_6343_MR_Sag_Accel_IR-FSPGR_br_raw_20180509153620696_34_S684016_I995623.npy,1,0,0,0,0,,0,0,0,0,,0,0
/home/huangyunyou/amount_data/new_data/,ADNI_168_S_6051_MR_Accelerated_Sagittal_MPRAGE__br_raw_20170717143147015_47_S583955_I874879.npy,1,0,0,0,0,,0,0,0,0,,0,0
/home/huangyunyou/amount_data/new_data/,ADNI_094_S_1314_MR_MP-RAGE__br_raw_20100322143413515_33_S81492_I168429.npy,0,1,0,1,0,0,0,0,0,0,,1,0
/home/huangyunyou/amount_data/new_data/,ADNI_003_S_1057_MR_MPRAGE_br_raw_20100217150708453_60_S80181_I166383.npy,0,1,0,1,0,0,0,0,0,0,,1,0
/home/huangyunyou/amount_data/new_data/,ADNI_007_S_6255_MR_Accelerated_Sagittal_MPRAGE__br_raw_20180319110723648_54_S667835_I974757.npy,1,0,0,0,0,,0,0,0,0,,0,0
/home/huangyunyou/amount_data/new_data/,ADNI_013_S_2324_MR_MPRAGE_br_raw_20110328152402908_29_S102467_I225055.npy,0,1,0,1,0,,0,0,0,0,,1,0
/home/huangyunyou/amount_data/new_data/,ADNI_023_S_0963_MR_MPRAGE_br_raw_20091028121826771_1_S75636_I157902.npy,1,0,0,0,0,0,0,0,0,0,,0,0
/home/huangyunyou/amount_data/new_data/,00000007_S_6421.npy,0,1,0,1,0,,0,0,0,0,,1,0
/home/huangyunyou/amount_data/new_data/,ADNI_116_S_1232_MR_MP-RAGE__br_raw_20100211172224931_1_S80078_I166224.npy,1,0,0,0,0,0,0,0,0,0,,0,0
/home/huangyunyou/amount_data/new_data/,ADNI_022_S_0014_MR_MPRAGE_Repeat__br_raw_20081117165313913_138_S59373_I127031.npy,1,0,0,0,0,0,0,0,0,0,,0,0
/home/huangyunyou/amount_data/new_data/,ADNI_018_S_0087_MR_MPRAGE_ASO_br_raw_20070801133919016_86_S36727_I63688.npy,0,1,0,1,0,0,0,0,0,0,,1,0
/home/huangyunyou/amount_data/new_data/,ADNI_141_S_0982_MR_MPRAGE_br_raw_20080514133346469_98_S50075_I105540.npy,0,1,0,1,0,0,0,0,0,0,,1,0
/home/huangyunyou/amount_data/new_data/,ADNI_003_S_0931_MR_MPRAGE_br_raw_20070426113230984_98_S30780_I51292.npy,1,0,0,0,0,0,0,0,0,0,,0,0
/home/huangyunyou/amount_data/new_data/,00000018_S_6414.npy,0,1,0,1,0,,0,0,0,0,,1,0
/home/huangyunyou/amount_data/new_data/,ADNI_033_S_0723_MR_MP-RAGE__br_raw_20090818141524833_3_S72523_I153330.npy,0,1,0,1,0,0,0,0,0,0,,1,0
/home/huangyunyou/amount_data/new_data/,ADNI_005_S_0546_MR_MP-RAGE__br_raw_20090903135443968_3_S73049_I154173.npy,0,1,0,1,0,0,0,0,0,0,,1,0
/home/huangyunyou/amount_data/new_data/,ADNI_002_S_1280_MR_MP-RAGE__br_raw_20100218221258250_165_S80218_I166431.npy,1,0,0,0,0,0,0,0,0,0,,0,0
/home/huangyunyou/amount_data/new_data/,ADNI_116_S_0649_MR_MP-RAGE__br_raw_20090814154126079_1_S72457_I153216.npy,0,1,0,1,0,0,0,0,0,0,,1,0
/home/huangyunyou/amount_data/new_data/,ADNI_168_S_6321_MR_Accelerated_Sagittal_MPRAGE__br_raw_20180504092744599_190_S682320_I992613.npy,1,0,0,0,0,,0,0,0,0,,0,0
/home/huangyunyou/amount_data/new_data/,00000168_S_6180.npy,0,1,0,1,0,,0,0,0,0,,1,0
/home/huangyunyou/amount_data/new_data/,ADNI_013_S_0502_MR_MPRAGE_br_raw_20090908172714825_64_S73416_I154628.npy,1,0,0,0,0,0,0,0,0,0,,0,0
/home/huangyunyou/amount_data/new_data/,ADNI_141_S_0915_MR_MPRAGE_br_raw_20080514150318901_98_S50099_I105572.npy,0,1,0,1,0,0,0,0,0,0,,1,0
/home/huangyunyou/amount_data/new_data/,00000003_S_6268.npy,0,1,0,1,0,,0,0,0,0,,1,0
/home/huangyunyou/amount_data/new_data/,ADNI_035_S_6306_MR_Accelerated_Sagittal_MPRAGE__br_raw_20200831121053595_187_S679192_I988748.npy,1,0,0,0,0,,0,0,0,0,,0,0
/home/huangyunyou/amount_data/new_data/,ADNI_099_S_0060_MR_MPRAGE_br_raw_20070111134607453_98_S24972_I36068.npy,0,1,0,1,0,0,0,0,0,0,,1,0
/home/huangyunyou/amount_data/new_data/,ADNI_141_S_6008_MR_Accelerated_Sagittal_MPRAGE__br_raw_20170414151252566_160_S554628_I839474.npy,1,0,0,0,0,,0,0,0,0,,0,0
/home/huangyunyou/amount_data/new_data/,ADNI_082_S_2121_MR_MPRAGE_br_raw_20101012165441265_92_S93249_I196354.npy,0,1,0,1,0,,0,0,0,0,,1,0
/home/huangyunyou/amount_data/new_data/,ADNI_941_S_6044_MR_Accelerated_Sagittal_MPRAGE__br_raw_20170711130950417_26_S582377_I872975.npy,1,0,0,0,0,,0,0,0,0,,0,0
/home/huangyunyou/amount_data/new_data/,ADNI_094_S_6275_MR_Accelerated_Sagittal_MPRAGE__br_raw_20180418075015895_2_S677372_I986502.npy,1,0,0,0,0,,0,0,0,0,,0,0
/home/huangyunyou/amount_data/new_data/,ADNI_023_S_2068_MR_MPRAGE_br_raw_20100917160201937_52_S92230_I193007.npy,0,1,0,1,0,,0,0,0,0,,1,0
/home/huangyunyou/amount_data/new_data/,ADNI_037_S_0454_MR_MP-RAGE-Repeat_br_raw_20090708115006946_1_S69651_I148275.npy,1,0,0,0,0,0,0,0,0,0,,0,0
/home/huangyunyou/amount_data/new_data/,ADNI_098_S_0288_MR_MP-RAGE__br_raw_20060330160338521_1_S12607_I12654.npy,0,1,0,1,0,0,0,0,0,0,,1,0
/home/huangyunyou/amount_data/new_data/,ADNI_020_S_6513_MR_Accelerated_Sagittal_MPRAGE__br_raw_20180801134516870_91_S711472_I1029584.npy,1,0,0,0,0,,0,0,0,0,,0,0
/home/huangyunyou/amount_data/new_data/,00000123_S_0091.npy,0,0,1,2,1,0,,0,,0,1,2,
/home/huangyunyou/amount_data/new_data/,00000007_S_1248.npy,0,0,1,2,1,0,,0,,0,1,2,
/home/huangyunyou/amount_data/new_data/,00000021_S_0642.npy,0,0,1,2,1,0,,0,,0,1,2,
/home/huangyunyou/amount_data/new_data/,00000100_S_0743.npy,0,0,1,2,1,0,,0,,0,1,2,
/home/huangyunyou/amount_data/new_data/,00000094_S_1102.npy,0,0,1,2,1,0,,0,,0,1,2,
/home/huangyunyou/amount_data/new_data/,00000067_S_0812.npy,0,0,1,2,1,0,,0,,0,1,2,
/home/huangyunyou/amount_data/new_data/,ADNI_023_S_0078_MR_MPRAGE_br_raw_20070724123053465_1_S36266_I61968.npy,0,0,1,2,1,0,,0,,0,1,2,
/home/huangyunyou/amount_data/new_data/,00000032_S_0147.npy,0,0,1,2,1,0,,0,,0,1,2,
/home/huangyunyou/amount_data/new_data/,00000073_S_0565.npy,0,0,1,2,1,0,,0,,0,1,2,
/home/huangyunyou/amount_data/new_data/,00000035_S_0341.npy,0,0,1,2,1,0,,0,,0,1,2,
/home/huangyunyou/amount_data/new_data/,ADNI_135_S_6545_MR_Accelerated_Sag_IR-FSPGR___br_raw_20180822112953754_54_S719967_I1039632.npy,0,0,1,2,1,,,,,,1,2,
/home/huangyunyou/amount_data/new_data/,00000130_S_1290.npy,0,0,1,2,1,0,,0,,0,1,2,
/home/huangyunyou/amount_data/new_data/,ADNI_037_S_6216_MR_Accelerated_Sagittal_MPRAGE__br_raw_20180504092623852_186_S682335_I992628.npy,0,0,1,2,1,,,,,,1,2,
/home/huangyunyou/amount_data/new_data/,ADNI_037_S_6377_MR_Accelerated_Sagittal_MPRAGE__br_raw_20180706142306729_62_S701869_I1017725.npy,0,0,1,2,1,,,,,,1,2,
/home/huangyunyou/amount_data/new_data/,00000141_S_0696.npy,0,0,1,2,1,0,,0,,0,1,2,
/home/huangyunyou/amount_data/new_data/,00000029_S_1056.npy,0,0,1,2,1,0,,0,,0,1,2,
/home/huangyunyou/amount_data/new_data/,00000002_S_0619.npy,0,0,1,2,1,0,,0,,0,1,2,
/home/huangyunyou/amount_data/new_data/,00000010_S_0786.npy,0,0,1,2,1,0,,0,,0,1,2,
/home/huangyunyou/amount_data/new_data/,00000136_S_0300.npy,0,0,1,2,1,0,,0,,0,1,2,
/home/huangyunyou/amount_data/new_data/,00000067_S_1185.npy,0,0,1,2,1,0,,0,,0,1,2,
/home/huangyunyou/amount_data/new_data/,00000032_S_1101.npy,0,0,1,2,1,0,,0,,0,1,2,
/home/huangyunyou/amount_data/new_data/,ADNI_036_S_6231_MR_Accelerated_Sagittal_MPRAGE__br_raw_20180314163907460_7_S667002_I973656.npy,0,0,1,2,1,,,,,,1,2,
/home/huangyunyou/amount_data/new_data/,00000031_S_0554.npy,0,0,1,2,1,0,,0,,0,1,2,
/home/huangyunyou/amount_data/new_data/,ADNI_135_S_6687_MR_Accelerated_Sag_IR-FSPGR___br_raw_20190315105649164_47_S806442_I1142635.npy,0,0,1,2,1,,,,,,1,2,
/home/huangyunyou/amount_data/new_data/,00000141_S_0790.npy,0,0,1,2,1,0,,0,,0,1,2,
/home/huangyunyou/amount_data/new_data/,00000141_S_1137.npy,0,0,1,2,1,0,,0,,0,1,2,
/home/huangyunyou/amount_data/new_data/,ADNI_098_S_6655_MR_Sag_Accel_IR-FSPGR_br_raw_20190123115617585_173_S787653_I1119493.npy,0,0,1,2,1,,,,,,1,2,
/home/huangyunyou/amount_data/new_data/,00000027_S_1081.npy,0,0,1,2,1,0,,0,,0,1,2,
/home/huangyunyou/amount_data/new_data/,00000057_S_0474.npy,0,0,1,2,1,0,,0,,0,1,2,
/home/huangyunyou/amount_data/new_data/,00000137_S_0841.npy,0,0,1,2,1,0,,0,,0,1,2,
/home/huangyunyou/amount_data/new_data/,00000067_S_0110.npy,0,0,1,2,1,0,,0,,0,1,2,
/home/huangyunyou/amount_data/new_data/,00000127_S_0431.npy,0,0,1,2,1,0,,0,,0,1,2,
/home/huangyunyou/amount_data/new_data/,ADNI_114_S_6347_MR_Accelerated_Sagittal_MPRAGE__br_raw_20180619163003373_77_S697151_I1011824.npy,0,0,1,2,1,,,,,,1,2,
/home/huangyunyou/amount_data/new_data/,00000016_S_1263.npy,0,0,1,2,1,0,,0,,0,1,2,
/home/huangyunyou/amount_data/new_data/,00000099_S_0470.npy,0,0,1,2,1,0,,0,,0,1,2,
/home/huangyunyou/amount_data/new_data/,00000067_S_0076.npy,0,0,1,2,1,0,,0,,0,1,2,
/home/huangyunyou/amount_data/new_data/,00000002_S_1018.npy,0,0,1,2,1,0,,0,,0,1,2,
/home/huangyunyou/amount_data/new_data/,00000126_S_0891.npy,0,0,1,2,1,0,,0,,0,1,2,
/home/huangyunyou/amount_data/new_data/,00000027_S_1254.npy,0,0,1,2,1,0,,0,,0,1,2,
/home/huangyunyou/amount_data/new_data/,ADNI_082_S_6690_MR_Accelerated_Sagittal_MPRAGE__br_raw_20190507114933561_1_S821556_I1162188.npy,0,0,1,2,1,,,,,,1,2,
/home/huangyunyou/amount_data/new_data/,00000013_S_1161.npy,0,0,1,2,1,0,,0,,0,1,2,
/home/huangyunyou/amount_data/new_data/,00000141_S_0852.npy,0,0,1,2,1,0,,0,,0,1,2,
/home/huangyunyou/amount_data/new_data/,00000033_S_1308.npy,0,0,1,2,1,0,,0,,0,1,2,
/home/huangyunyou/amount_data/new_data/,00000127_S_6512.npy,0,1,0,1,0,,0,0,0,0,,1,0
/home/huangyunyou/amount_data/new_data/,ADNI_036_S_1023_MR_MPRAGE_br_raw_20100113131728362_1_S78290_I163447.npy,1,0,0,0,0,0,0,0,0,0,,0,0
/home/huangyunyou/amount_data/new_data/,ADNI_067_S_0077_MR_MPRAGE_br_raw_20080624163951740_98_S52073_I110535.npy,0,1,0,1,0,0,0,0,0,0,,1,0
/home/huangyunyou/amount_data/new_data/,ADNI_123_S_0108_MR_MPRAGEASO__br_raw_20100225175347520_120_S80470_I166821.npy,0,1,0,1,0,0,0,0,0,0,,1,0
/home/huangyunyou/amount_data/new_data/,ADNI_067_S_6117_MR_Accelerated_Sagittal_MPRAGE__br_raw_20171121150945949_153_S635418_I935436.npy,1,0,0,0,0,,0,0,0,0,,0,0
/home/huangyunyou/amount_data/new_data/,ADNI_007_S_0414_MR_MP-RAGE__br_raw_20080610162617464_165_S51335_I109011.npy,0,1,0,1,0,0,0,0,0,0,,1,0
/home/huangyunyou/amount_data/new_data/,ADNI_051_S_1131_MR_MPRAGE_br_raw_20100304113622778_51_S80637_I167224.npy,0,1,0,1,0,0,0,0,0,0,,1,0
/home/huangyunyou/amount_data/new_data/,ADNI_114_S_0416_MR_MPRAGE_br_raw_20090804200918281_98_S71817_I152300.npy,1,0,0,0,0,0,0,0,0,0,,0,0
/home/huangyunyou/amount_data/new_data/,ADNI_033_S_1086_MR_MP-RAGE__br_raw_20081203164535060_3_S60481_I129094.npy,1,0,0,0,0,0,0,0,0,0,,0,0
/home/huangyunyou/amount_data/new_data/,ADNI_016_S_0590_MR_MPRAGE_br_raw_20060612085608254_95_S15409_I16806.npy,0,1,0,1,0,0,0,0,0,0,,1,0
/home/huangyunyou/amount_data/new_data/,ADNI_031_S_2018_MR_MPRAGE_br_raw_20100709143139293_56_S88859_I181509.npy,0,1,0,1,0,,0,0,0,0,,1,0
/home/huangyunyou/amount_data/new_data/,ADNI_052_S_0951_MR_MP-RAGE__br_raw_20100205153128843_92_S79814_I165881.npy,1,0,0,0,0,0,0,0,0,0,,0,0
/home/huangyunyou/amount_data/new_data/,00000168_S_6619.npy,0,1,0,1,0,,0,0,0,0,,1,0
/home/huangyunyou/amount_data/new_data/,ADNI_041_S_6354_MR_Accelerated_Sagittal_MPRAGE__br_raw_20180529115407639_130_S690180_I1003294.npy,1,0,0,0,0,,0,0,0,0,,0,0
/home/huangyunyou/amount_data/new_data/,ADNI_128_S_0138_MR_REPEAT_SAG_3D_MPRAGE_br_raw_20070220160502234_1_S26783_I41083.npy,0,1,0,1,0,0,0,0,0,0,,1,0
/home/huangyunyou/amount_data/new_data/,ADNI_032_S_6211_MR_Accelerated_Sagittal_MPRAGE__br_raw_20180319151804490_53_S667996_I974943.npy,1,0,0,0,0,,0,0,0,0,,0,0
/home/huangyunyou/amount_data/new_data/,ADNI_014_S_6145_MR_Accelerated_Sagittal_MPRAGE__br_raw_20171219174030142_169_S645977_I948081.npy,1,0,0,0,0,,0,0,0,0,,0,0
/home/huangyunyou/amount_data/new_data/,00000130_S_6611.npy,0,1,0,1,0,,0,0,0,0,,1,0
/home/huangyunyou/amount_data/new_data/,ADNI_014_S_6522_MR_Accelerated_Sagittal_MPRAGE__br_raw_20180820130203983_41_S718494_I1037958.npy,1,0,0,0,0,,0,0,0,0,,0,0
/home/huangyunyou/amount_data/new_data/,ADNI_094_S_1417_MR_MP-RAGE__br_raw_20090219160846973_1_S63352_I136533.npy,0,1,0,1,0,0,0,0,0,0,,1,0
/home/huangyunyou/amount_data/new_data/,ADNI_123_S_0050_MR_ADNI_______MPRAGE_ASO__br_raw_20090309163604574_1_S64153_I138082.npy,0,1,0,1,0,0,0,0,0,0,,1,0
/home/huangyunyou/amount_data/new_data/,ADNI_024_S_6202_MR_Accelerated_Sagittal_MPRAGE__br_raw_20180213173615864_97_S658701_I963558.npy,1,0,0,0,0,,0,0,0,0,,0,0
/home/huangyunyou/amount_data/new_data/,ADNI_021_S_6312_MR_Accelerated_Sag_IR-FSPGR_br_raw_20180419161521792_176_S678419_I987823.npy,0,1,0,1,0,,0,0,0,0,,1,0
/home/huangyunyou/amount_data/new_data/,ADNI_068_S_2187_MR_MPRAGE_br_raw_20101117131314624_155_S94915_I205387.npy,0,1,0,1,0,,0,0,0,0,,1,0
/home/huangyunyou/amount_data/new_data/,ADNI_032_S_0677_MR_MPRAGE_br_raw_20100802153904539_90_S89769_I189180.npy,1,0,0,0,0,0,0,0,0,0,,0,0
/home/huangyunyou/amount_data/new_data/,ADNI_029_S_0914_MR_MP-RAGE__br_raw_20100205123506439_4_S79808_I165872.npy,0,1,0,1,0,0,0,0,0,0,,1,0
/home/huangyunyou/amount_data/new_data/,ADNI_072_S_2027_MR_MPRAGE_br_raw_20100722144412950_1_S89417_I185624.npy,0,1,0,1,0,,0,0,0,0,,1,0
/home/huangyunyou/amount_data/new_data/,ADNI_041_S_6447_MR_Accelerated_Sagittal_MPRAGE__br_raw_20180912155227554_149_S726646_I1047860.npy,1,0,0,0,0,,0,0,0,0,,0,0
/home/huangyunyou/amount_data/new_data/,00000027_S_6034.npy,0,1,0,1,0,,0,0,0,0,,1,0
/home/huangyunyou/amount_data/new_data/,ADNI_094_S_6485_MR_Accelerated_Sagittal_MPRAGE__br_raw_20180723100814750_31_S707068_I1024116.npy,1,0,0,0,0,,0,0,0,0,,0,0
/home/huangyunyou/amount_data/new_data/,ADNI_052_S_1168_MR_MP-RAGE__br_raw_20081201152743870_158_S60364_I128762.npy,0,1,0,1,0,0,0,0,0,0,,1,0
/home/huangyunyou/amount_data/new_data/,ADNI_114_S_0173_MR_MPRAGE_br_raw_20090311103317622_138_S64286_I138330.npy,1,0,0,0,0,0,0,0,0,0,,0,0
/home/huangyunyou/amount_data/new_data/,ADNI_003_S_0908_MR_MPRAGE_br_raw_20091022213424890_60_S75440_I157593.npy,0,1,0,1,0,0,0,0,0,0,,1,0
/home/huangyunyou/amount_data/new_data/,ADNI_941_S_6575_MR_Accelerated_Sagittal_MPRAGE__br_raw_20180907105401245_125_S725107_I1045984.npy,1,0,0,0,0,,0,0,0,0,,0,0
/home/huangyunyou/amount_data/new_data/,ADNI_002_S_0782_MR_MP-RAGE__br_raw_20090904154801461_1_S73356_I154520.npy,0,1,0,1,0,0,0,0,0,0,,1,0
/home/huangyunyou/amount_data/new_data/,ADNI_082_S_0832_MR_MPRAGE_br_raw_20081028125904638_75_S57970_I124222.npy,0,1,0,1,0,0,0,0,0,0,,1,0
/home/huangyunyou/amount_data/new_data/,ADNI_011_S_6418_MR_Accelerated_Sagittal_MPRAGE__br_raw_20180629105733513_72_S695453_I1009810.npy,1,0,0,0,0,,0,0,0,0,,0,0
/home/huangyunyou/amount_data/new_data/,ADNI_067_S_0290_MR_MPRAGE_br_raw_20090507134013833_97_S67156_I143394.npy,0,1,0,1,0,0,0,0,0,0,,1,0
/home/huangyunyou/amount_data/new_data/,ADNI_141_S_6240_MR_Accelerated_Sagittal_MPRAGE__br_raw_20180316100420523_113_S667446_I974280.npy,1,0,0,0,0,,0,0,0,0,,0,0
/home/huangyunyou/amount_data/new_data/,ADNI_023_S_0388_MR_MPRAGE_br_raw_20100402141727910_72_S82722_I170091.npy,0,1,0,1,0,0,0,0,0,0,,1,0
/home/huangyunyou/amount_data/new_data/,ADNI_024_S_6005_MR_Accelerated_Sagittal_MPRAGE__br_raw_20170313165704125_136_S544988_I828694.npy,1,0,0,0,0,,0,0,0,0,,0,0
/home/huangyunyou/amount_data/new_data/,ADNI_018_S_0080_MR_MPRAGE_br_raw_20070111141117917_85_S24962_I36025.npy,0,1,0,1,0,0,0,0,0,0,,1,0
/home/huangyunyou/amount_data/new_data/,ADNI_099_S_6016_MR_Accelerated_Sag_IR-FSPGR___br_raw_20170607105839338_156_S571311_I859714.npy,1,0,0,0,0,,0,0,0,0,,0,0
/home/huangyunyou/amount_data/new_data/,00000033_S_0739.npy,0,1,0,1,0,0,0,0,0,0,,1,0
/home/huangyunyou/amount_data/new_data/,ADNI_141_S_1094_MR_MPRAGE_br_raw_20080515093812988_98_S50174_I105672.npy,1,0,0,0,0,0,0,0,0,0,,0,0
/home/huangyunyou/amount_data/new_data/,ADNI_137_S_0158_MR_MP-RAGE__br_raw_20090324130818232_1_S64949_I139676.npy,0,1,0,1,0,0,0,0,0,0,,1,0
/home/huangyunyou/amount_data/new_data/,ADNI_305_S_6157_MR_Sagittal_3D_Accelerated_MPRAGE_br_raw_20180129144546395_1_S654124_I958026.npy,1,0,0,0,0,,0,0,0,0,,0,0
/home/huangyunyou/amount_data/new_data/,ADNI_009_S_2381_MR_MPRAGE_br_raw_20110518161936430_59_S109343_I235703.npy,0,1,0,1,0,,0,0,0,0,,1,0
/home/huangyunyou/amount_data/new_data/,ADNI_067_S_0019_MR_MPRAGE_br_raw_20081208164421164_63_S60632_I129564.npy,1,0,0,0,0,0,0,0,0,0,,0,0
/home/huangyunyou/amount_data/new_data/,00000006_S_6681.npy,0,1,0,1,0,,0,0,0,0,,1,0
/home/huangyunyou/amount_data/new_data/,ADNI_137_S_1414_MR_MP-RAGE__br_raw_20090827101803061_1_S72806_I153787.npy,0,1,0,1,0,0,0,0,0,0,,1,0
/home/huangyunyou/amount_data/new_data/,ADNI_168_S_6413_MR_Accelerated_Sagittal_MPRAGE__br_raw_20180612150859342_49_S694435_I1008547.npy,1,0,0,0,0,,0,0,0,0,,0,0
/home/huangyunyou/amount_data/new_data/,ADNI_006_S_6209_MR_Sagittal_3D_Accelerated_MPRAGE_br_raw_20180214162452226_102_S659015_I963926.npy,1,0,0,0,0,,0,0,0,0,,0,0
/home/huangyunyou/amount_data/new_data/,ADNI_035_S_2199_MR_MPRAGE_br_raw_20101201164135016_172_S95629_I207227.npy,0,1,0,1,0,,0,0,0,0,,1,0
/home/huangyunyou/amount_data/new_data/,00000341_S_6605.npy,0,1,0,1,0,,0,0,0,0,,1,0
/home/huangyunyou/amount_data/new_data/,ADNI_941_S_6499_MR_Accelerated_Sagittal_MPRAGE__br_raw_20180720091724327_119_S706650_I1023542.npy,1,0,0,0,0,,0,0,0,0,,0,0
/home/huangyunyou/amount_data/new_data/,ADNI_011_S_1282_MR_MPRAGE_br_raw_20100224131332646_132_S80412_I166738.npy,0,1,0,1,0,0,0,0,0,0,,1,0
/home/huangyunyou/amount_data/new_data/,ADNI_032_S_6279_MR_Accelerated_Sagittal_MPRAGE__br_raw_20180404132607750_11_S672893_I981036.npy,1,0,0,0,0,,0,0,0,0,,0,0
/home/huangyunyou/amount_data/new_data/,ADNI_016_S_0769_MR_MPRAGE_br_raw_20090826101021649_97_S72768_I153719.npy,0,1,0,1,0,0,0,0,0,0,,1,0
/home/huangyunyou/amount_data/new_data/,ADNI_128_S_0272_MR_REPEAT_SAG_3D_MPRAGE_br_raw_20090617165717418_77_S68833_I146223.npy,1,0,0,0,0,0,0,0,0,0,,0,0
/home/huangyunyou/amount_data/new_data/,ADNI_007_S_6120_MR_Accelerated_Sagittal_MPRAGE__br_raw_20171127103603866_54_S637544_I937847.npy,1,0,0,0,0,,0,0,0,0,,0,0
/home/huangyunyou/amount_data/new_data/,ADNI_130_S_0423_MR_MPRAGE_SENSE_br_raw_20080313131223114_1_S46995_I97345.npy,0,1,0,1,0,0,0,0,0,0,,1,0
/home/huangyunyou/amount_data/new_data/,ADNI_022_S_2167_MR_MPRAGE_br_raw_20101213125329678_143_S96319_I208292.npy,0,1,0,1,0,,0,0,0,0,,1,0
/home/huangyunyou/amount_data/new_data/,ADNI_014_S_6502_MR_Accelerated_Sagittal_MPRAGE__br_raw_20180817121119784_5_S718061_I1037417.npy,1,0,0,0,0,,0,0,0,0,,0,0
/home/huangyunyou/amount_data/new_data/,00000131_S_6143.npy,0,1,0,1,0,,0,0,0,0,,1,0
/home/huangyunyou/amount_data/new_data/,ADNI_094_S_6269_MR_Accelerated_Sagittal_MPRAGE__br_raw_20180330130907487_78_S672071_I979935.npy,1,0,0,0,0,,0,0,0,0,,0,0
/home/huangyunyou/amount_data/new_data/,ADNI_051_S_1338_MR_MPRAGE_br_raw_20070426155842741_95_S30843_I51377.npy,0,1,0,1,0,0,0,0,0,0,,1,0
/home/huangyunyou/amount_data/new_data/,ADNI_141_S_1255_MR_MPRAGE_br_raw_20110117121056908_118_S97660_I212324.npy,0,1,0,1,0,0,0,0,0,0,,1,0
/home/huangyunyou/amount_data/new_data/,ADNI_023_S_6346_MR_Accelerated_Sagittal_MPRAGE__br_raw_20180511144833591_162_S684655_I996485.npy,1,0,0,0,0,,0,0,0,0,,0,0
/home/huangyunyou/amount_data/new_data/,00000168_S_6541.npy,0,1,0,1,0,,0,0,0,0,,1,0
/home/huangyunyou/amount_data/new_data/,ADNI_133_S_0638_MR_Sag_MPRAGE_br_raw_20090918162211453_1_S73936_I155350.npy,0,1,0,1,0,0,0,0,0,0,,1,0
/home/huangyunyou/amount_data/new_data/,ADNI_127_S_0259_MR_MP-RAGE__br_raw_20100322095036996_126_S81479_I168410.npy,1,0,0,0,0,0,0,0,0,0,,0,0
/home/huangyunyou/amount_data/new_data/,ADNI_099_S_0054_MR_MPRAGE_br_raw_20071220122445485_98_S44189_I85779.npy,0,1,0,1,0,0,0,0,0,0,,1,0
/home/huangyunyou/amount_data/new_data/,ADNI_012_S_1292_MR_MPRAGE_AUTOSHIM_ON_br_raw_20080924123949109_86_S56687_I118358.npy,0,1,0,1,0,0,0,0,0,0,,1,0
/home/huangyunyou/amount_data/new_data/,ADNI_127_S_1140_MR_MP-RAGE__br_raw_20100112164746470_166_S78182_I163236.npy,0,1,0,1,0,0,0,0,0,0,,1,0
/home/huangyunyou/amount_data/new_data/,ADNI_109_S_1013_MR_MPRAGE_br_raw_20070705141700021_1_S34428_I58558.npy,1,0,0,0,0,0,0,0,0,0,,0,0
/home/huangyunyou/amount_data/new_data/,ADNI_022_S_0044_MR_MPRAGE_br_raw_20060531115940885_63_S15041_I16212.npy,0,1,0,1,0,0,0,0,0,0,,1,0
/home/huangyunyou/amount_data/new_data/,ADNI_036_S_0748_MR_MPRAGE_br_raw_20080827143832756_1_S56005_I117115.npy,0,1,0,1,0,0,0,0,0,0,,1,0
/home/huangyunyou/amount_data/new_data/,ADNI_067_S_6138_MR_Accelerated_Sagittal_MPRAGE__br_raw_20180611133135791_17_S694118_I1008180.npy,1,0,0,0,0,,0,0,0,0,,0,0
/home/huangyunyou/amount_data/new_data/,ADNI_021_S_0276_MR_MP-RAGE__br_raw_20100405094137578_64_S82731_I170106.npy,0,1,0,1,0,0,0,0,0,0,,1,0
/home/huangyunyou/amount_data/new_data/,ADNI_098_S_0896_MR_MP-RAGE__br_raw_20091015165249237_1_S75257_I157296.npy,1,0,0,0,0,0,0,0,0,0,,0,0
/home/huangyunyou/amount_data/new_data/,ADNI_053_S_0507_MR_MP-RAGE__br_raw_20090521121027812_3_S67536_I144312.npy,0,1,0,1,0,0,0,0,0,0,,1,0
/home/huangyunyou/amount_data/new_data/,ADNI_033_S_1309_MR_MP-RAGE__br_raw_20090225154735204_3_S63603_I137046.npy,0,1,0,1,0,0,0,0,0,0,,1,0
/home/huangyunyou/amount_data/new_data/,ADNI_011_S_0022_MR_MPRAGE_br_raw_20071024145445325_99_S41863_I78416.npy,1,0,0,0,0,0,0,0,0,0,,0,0
/home/huangyunyou/amount_data/new_data/,ADNI_114_S_1103_MR_MPRAGE_br_raw_20080721155610045_95_S53722_I113665.npy,0,1,0,1,0,0,0,0,0,0,,1,0
/home/huangyunyou/amount_data/new_data/,ADNI_051_S_1123_MR_MPRAGE_br_raw_20100323085714011_62_S81519_I168465.npy,1,0,0,0,0,0,0,0,0,0,,0,0
/home/huangyunyou/amount_data/new_data/,ADNI_003_S_1074_MR_MPRAGE_br_raw_20100416111102390_157_S83393_I171188.npy,0,1,0,1,0,0,0,0,0,0,,1,0
/home/huangyunyou/amount_data/new_data/,ADNI_128_S_0230_MR_REPEAT_SAG_3D_MPRAGE_br_raw_20080403180242789_1_S47914_I100581.npy,1,0,0,0,0,0,0,0,0,0,,0,0
/home/huangyunyou/amount_data/new_data/,ADNI_036_S_2378_MR_MPRAGE_br_raw_20110527103856537_22_S110057_I237733.npy,0,1,0,1,0,,0,0,0,0,,1,0
/home/huangyunyou/amount_data/new_data/,ADNI_041_S_1002_MR_MPRAGE_br_raw_20100114170952371_98_S78469_I163726.npy,1,0,0,0,0,0,0,0,0,0,,0,0
/home/huangyunyou/amount_data/new_data/,ADNI_099_S_6097_MR_Accelerated_Sag_IR-FSPGR___br_raw_20171110145831809_63_S631137_I930462.npy,1,0,0,0,0,,0,0,0,0,,0,0
/home/huangyunyou/amount_data/new_data/,ADNI_073_S_0445_MR_MPRAGE_br_raw_20060620104230908_98_S15683_I17227.npy,0,1,0,1,0,0,0,0,0,0,,1,0
/home/huangyunyou/amount_data/new_data/,ADNI_123_S_2363_MR_MPRAGE_br_raw_20110422154315603_52_S104979_I228730.npy,0,1,0,1,0,,0,0,0,0,,1,0
/home/huangyunyou/amount_data/new_data/,ADNI_082_S_6197_MR_Accelerated_Sagittal_MPRAGE__br_raw_20180503135740432_119_S682021_I992246.npy,1,0,0,0,0,,0,0,0,0,,0,0
/home/huangyunyou/amount_data/new_data/,ADNI_127_S_6168_MR_Accelerated_Sagittal_IR-FSPGR__br_raw_20180208120514101_192_S657047_I961594.npy,1,0,0,0,0,,0,0,0,0,,0,0
/home/huangyunyou/amount_data/new_data/,ADNI_027_S_2183_MR_Accelerated_SAG_IR-SPGR__br_raw_20101113180449295_111_S94824_I205085.npy,0,1,0,1,0,,0,0,0,0,,1,0
/home/huangyunyou/amount_data/new_data/,ADNI_041_S_1420_MR_MPRAGE_br_raw_20080416085302471_98_S48797_I102883.npy,0,1,0,1,0,0,0,0,0,0,,1,0
/home/huangyunyou/amount_data/new_data/,ADNI_126_S_6559_MR_Accelerated_Sagittal_IR-FSPGR__br_raw_20180821092646842_109_S719032_I1038586.npy,1,0,0,0,0,,0,0,0,0,,0,0
/home/huangyunyou/amount_data/new_data/,ADNI_141_S_0851_MR_MPRAGE_br_raw_20071016162447966_57_S41582_I77929.npy,0,1,0,1,0,0,0,0,0,0,,1,0
/home/huangyunyou/amount_data/new_data/,ADNI_070_S_6394_MR_Accelerated_Sagittal_MPRAGE__br_raw_20180614091746713_126_S695072_I1009372.npy,1,0,0,0,0,,0,0,0,0,,0,0
/home/huangyunyou/amount_data/new_data/,ADNI_029_S_1073_MR_MP-RAGE__br_raw_20100114163540144_4_S78484_I163765.npy,0,1,0,1,0,0,0,0,0,0,,1,0
/home/huangyunyou/amount_data/new_data/,ADNI_010_S_0420_MR_ASO-MPRAGE_br_raw_20080919153252750_90_S56593_I118189.npy,1,0,0,0,0,0,0,0,0,0,,0,0
/home/huangyunyou/amount_data/new_data/,ADNI_041_S_0314_MR_MPRAGE_br_raw_20100520093221939_82_S85269_I174182.npy,0,1,0,1,0,0,0,0,0,0,,1,0
/home/huangyunyou/amount_data/new_data/,00000130_S_6047.npy,0,1,0,1,0,,0,0,0,0,,1,0
/home/huangyunyou/amount_data/new_data/,ADNI_057_S_0818_MR_MPRAGE_br_raw_20090930144133765_153_S74337_I155902.npy,1,0,0,0,0,0,0,0,0,0,,0,0
/home/huangyunyou/amount_data/new_data/,00000098_S_6593.npy,0,1,0,1,0,,0,0,0,0,,1,0
/home/huangyunyou/amount_data/new_data/,ADNI_009_S_0842_MR_MP-RAGE__br_raw_20091007095938435_1_S74497_I156154.npy,1,0,0,0,0,0,0,0,0,0,,0,0
/home/huangyunyou/amount_data/new_data/,ADNI_100_S_1286_MR_ADNI_new___MPRAGE__br_raw_20090902153247171_1_S72983_I154073.npy,1,0,0,0,0,0,0,0,0,0,,0,0
/home/huangyunyou/amount_data/new_data/,ADNI_128_S_2011_MR_MPRAGE_br_raw_20100714140012500_25_S89004_I183855.npy,0,1,0,1,0,,0,0,0,0,,1,0
/home/huangyunyou/amount_data/new_data/,ADNI_003_S_6256_MR_Accelerated_Sagittal_MPRAGE__br_raw_20180313172540477_5_S666705_I973278.npy,1,0,0,0,0,,0,0,0,0,,0,0
/home/huangyunyou/amount_data/new_data/,00000130_S_6612.npy,0,1,0,1,0,,0,0,0,0,,1,0
/home/huangyunyou/amount_data/new_data/,ADNI_082_S_0640_MR_MPRAGE_br_raw_20060726154300786_63_S17279_I19679.npy,1,0,0,0,0,0,0,0,0,0,,0,0
/home/huangyunyou/amount_data/new_data/,00000027_S_6370.npy,0,1,0,1,0,,0,0,0,0,,1,0
/home/huangyunyou/amount_data/new_data/,ADNI_099_S_0534_MR_MPRAGE_br_raw_20090616080956663_98_S68588_I145890.npy,1,0,0,0,0,0,0,0,0,0,,0,0
/home/huangyunyou/amount_data/new_data/,ADNI_082_S_2099_MR_MPRAGE_br_raw_20100921121141132_27_S92304_I193109.npy,0,1,0,1,0,,0,0,0,0,,1,0
/home/huangyunyou/amount_data/new_data/,ADNI_129_S_6228_MR_Accelerated_Sag_IR-FSPGR___br_raw_20180222084809729_184_S661194_I966665.npy,1,0,0,0,0,,0,0,0,0,,0,0
/home/huangyunyou/amount_data/new_data/,ADNI_127_S_1032_MR_MP-RAGE__br_raw_20091214160054190_1_S77200_I160934.npy,0,1,0,1,0,0,0,0,0,0,,1,0
/home/huangyunyou/amount_data/new_data/,ADNI_014_S_6076_MR_Accelerated_Sagittal_MPRAGE__br_raw_20170922161901382_109_S611745_I907712.npy,1,0,0,0,0,,0,0,0,0,,0,0
/home/huangyunyou/amount_data/new_data/,00000006_S_6291.npy,0,1,0,1,0,,0,0,0,0,,1,0
/home/huangyunyou/amount_data/new_data/,ADNI_072_S_1380_MR_MPRAGE_ASO_br_raw_20100402131835401_165_S82718_I170086.npy,0,1,0,1,0,0,0,0,0,0,,1,0
/home/huangyunyou/amount_data/new_data/,ADNI_114_S_6113_MR_Accelerated_Sagittal_MPRAGE__br_raw_20180306083000447_111_S664010_I970020.npy,1,0,0,0,0,,0,0,0,0,,0,0
/home/huangyunyou/amount_data/new_data/,ADNI_005_S_0602_MR_MP-RAGE__br_raw_20090811161102185_3_S72243_I152889.npy,1,0,0,0,0,0,0,0,0,0,,0,0
/home/huangyunyou/amount_data/new_data/,ADNI_136_S_0695_MR_MP-RAGE__br_raw_20090922105303709_1_S74029_I155472.npy,0,1,0,1,0,0,0,0,0,0,,1,0
/home/huangyunyou/amount_data/new_data/,ADNI_029_S_2395_MR_IR-SPGR__br_raw_20110816195636820_47_S119056_I250985.npy,0,1,0,1,0,,0,0,0,0,,1,0
/home/huangyunyou/amount_data/new_data/,ADNI_005_S_0223_MR_MP-RAGE__br_raw_20090506144043629_3_S67114_I143295.npy,1,0,0,0,0,0,0,0,0,0,,0,0
/home/huangyunyou/amount_data/new_data/,ADNI_018_S_0057_MR_MPRAGE_ASO_br_raw_20080201160353303_85_S45260_I89234.npy,0,1,0,1,0,0,0,0,0,0,,1,0
/home/huangyunyou/amount_data/new_data/,ADNI_141_S_0726_MR_MPRAGE_br_raw_20071115145547191_101_S42773_I82396.npy,1,0,0,0,0,0,0,0,0,0,,0,0
/home/huangyunyou/amount_data/new_data/,00000941_S_6345.npy,0,1,0,1,0,,0,0,0,0,,1,0
/home/huangyunyou/amount_data/new_data/,ADNI_037_S_0566_MR_MP-RAGE__br_raw_20091202100355418_86_S76746_I159777.npy,0,1,0,1,0,0,0,0,0,0,,1,0
/home/huangyunyou/amount_data/new_data/,ADNI_018_S_0055_MR_MPRAGE_br_raw_20081009121510781_98_S57193_I119893.npy,1,0,0,0,0,0,0,0,0,0,,0,0
/home/huangyunyou/amount_data/new_data/,ADNI_137_S_0722_MR_MP-RAGE__br_raw_20090925105216126_1_S74188_I155700.npy,0,1,0,1,0,0,0,0,0,0,,1,0
/home/huangyunyou/amount_data/new_data/,ADNI_130_S_2373_MR_MPRAGE_br_raw_20110502161625249_1_S107310_I232233.npy,0,1,0,1,0,,0,0,0,0,,1,0
/home/huangyunyou/amount_data/new_data/,ADNI_100_S_0035_MR_ADNI_new___MPRAGE__br_raw_20090322190822093_1_S64878_I139556.npy,1,0,0,0,0,0,0,0,0,0,,0,0
/home/huangyunyou/amount_data/new_data/,ADNI_021_S_0231_MR_MP-RAGE__br_raw_20080905095458750_46_S56216_I117483.npy,0,1,0,1,0,0,0,0,0,0,,1,0
/home/huangyunyou/amount_data/new_data/,ADNI_127_S_6330_MR_Accelerated_Sagittal_IR-FSPGR__br_raw_20180530100639926_132_S690617_I1003831.npy,1,0,0,0,0,,0,0,0,0,,0,0
/home/huangyunyou/amount_data/new_data/,ADNI_014_S_0169_MR_MP-RAGE__br_raw_20100204150224569_144_S79737_I165780.npy,0,1,0,1,0,0,0,0,0,0,,1,0
/home/huangyunyou/amount_data/new_data/,ADNI_036_S_6189_MR_Accelerated_Sagittal_MPRAGE__br_raw_20180130121731044_27_S654290_I958275.npy,1,0,0,0,0,,0,0,0,0,,0,0
/home/huangyunyou/amount_data/new_data/,ADNI_018_S_0406_MR_MPRAGE_br_raw_20090710100510171_1_S69761_I148501.npy,0,1,0,1,0,0,0,0,0,0,,1,0
/home/huangyunyou/amount_data/new_data/,00000141_S_6041.npy,0,1,0,1,0,,0,0,0,0,,1,0
/home/huangyunyou/amount_data/new_data/,ADNI_168_S_6064_MR_Accelerated_Sagittal_MPRAGE__br_raw_20170901113243959_108_S604347_I899030.npy,1,0,0,0,0,,0,0,0,0,,0,0
/home/huangyunyou/amount_data/new_data/,ADNI_027_S_1387_MR_MP-RAGE__br_raw_20090309150113040_1_S64150_I138066.npy,0,1,0,1,0,0,0,0,0,0,,1,0
/home/huangyunyou/amount_data/new_data/,ADNI_024_S_6385_MR_Accelerated_Sagittal_MPRAGE__br_raw_20180529170731461_172_S690519_I1003706.npy,1,0,0,0,0,,0,0,0,0,,0,0
/home/huangyunyou/amount_data/new_data/,ADNI_128_S_2220_MR_MPRAGE_br_raw_20101220142238075_10_S96842_I209240.npy,0,1,0,1,0,,0,0,0,0,,1,0
/home/huangyunyou/amount_data/new_data/,ADNI_014_S_2185_MR_MPRAGE_br_raw_20101210100524291_171_S96208_I208097.npy,0,1,0,1,0,,0,0,0,0,,1,0
/home/huangyunyou/amount_data/new_data/,ADNI_177_S_6448_MR_Sagittal_3D_Accelerated_MPRAGE_br_raw_20180709150804578_46_S702538_I1018523.npy,1,0,0,0,0,,0,0,0,0,,0,0
/home/huangyunyou/amount_data/new_data/,ADNI_016_S_1117_MR_MPRAGE_br_raw_20090122115148944_98_S62093_I134258.npy,0,1,0,1,0,0,0,0,0,0,,1,0
/home/huangyunyou/amount_data/new_data/,ADNI_135_S_6359_MR_Accelerated_Sag_IR-FSPGR___br_raw_20180510155735831_56_S684334_I996107.npy,1,0,0,0,0,,0,0,0,0,,0,0
/home/huangyunyou/amount_data/new_data/,ADNI_031_S_2233_MR_MPRAGE_br_raw_20101216170208621_162_S96673_I208975.npy,0,1,0,1,0,,0,0,0,0,,1,0
/home/huangyunyou/amount_data/new_data/,ADNI_127_S_6357_MR_Accelerated_Sagittal_IR-FSPGR__br_raw_20180724141633150_106_S707782_I1025037.npy,1,0,0,0,0,,0,0,0,0,,0,0
/home/huangyunyou/amount_data/new_data/,ADNI_116_S_1271_MR_MP-RAGE__br_raw_20100301123614628_176_S80509_I167045.npy,0,1,0,1,0,0,0,0,0,0,,1,0
/home/huangyunyou/amount_data/new_data/,ADNI_023_S_1046_MR_MPRAGE_br_raw_20091105143406031_1_S75882_I158300.npy,0,1,0,1,0,0,0,0,0,0,,1,0
/home/huangyunyou/amount_data/new_data/,ADNI_003_S_6644_MR_Accelerated_Sagittal_MPRAGE__raw_20181206185832553_25_S755402_I1083042.npy,1,0,0,0,0,,0,0,0,0,,0,0
/home/huangyunyou/amount_data/new_data/,ADNI_127_S_0925_MR_MP-RAGE__br_raw_20091104155236318_1_S75868_I158276.npy,0,1,0,1,0,0,0,0,0,0,,1,0
/home/huangyunyou/amount_data/new_data/,ADNI_035_S_6551_MR_Accelerated_Sagittal_MPRAGE__br_raw_20200831115456580_129_S717903_I1037228.npy,1,0,0,0,0,,0,0,0,0,,0,0
/home/huangyunyou/amount_data/new_data/,ADNI_009_S_1030_MR_MP-RAGE__br_raw_20091109172624017_1_S75993_I158471.npy,0,1,0,1,0,0,0,0,0,0,,1,0
/home/huangyunyou/amount_data/new_data/,ADNI_941_S_6471_MR_Accelerated_Sagittal_MPRAGE__br_raw_20180702130452790_67_S700583_I1016136.npy,1,0,0,0,0,,0,0,0,0,,0,0
/home/huangyunyou/amount_data/new_data/,00000005_S_6427.npy,0,1,0,1,0,,0,0,0,0,,1,0
/home/huangyunyou/amount_data/new_data/,ADNI_068_S_0476_MR_ADNI_______MPRAGE__br_raw_20080213101609843_10_S45607_I90261.npy,0,1,0,1,0,0,0,0,0,0,,1,0
/home/huangyunyou/amount_data/new_data/,ADNI_036_S_0576_MR_MPRAGE_br_raw_20081021134753826_1_S53506_I113341.npy,1,0,0,0,0,0,0,0,0,0,,0,0
/home/huangyunyou/amount_data/new_data/,ADNI_073_S_0311_MR_MPRAGE_br_raw_20100826094801851_100_S91218_I191386.npy,1,0,0,0,0,0,0,0,0,0,,0,0
/home/huangyunyou/amount_data/new_data/,ADNI_073_S_0746_MR_MPRAGE_br_raw_20100201184757082_89_S79603_I165598.npy,0,1,0,1,0,0,0,0,0,0,,1,0
/home/huangyunyou/amount_data/new_data/,ADNI_136_S_0107_MR_MP-RAGE__br_raw_20100630103541046_138_S88437_I180707.npy,0,1,0,1,0,0,0,0,0,0,,1,0
/home/huangyunyou/amount_data/new_data/,ADNI_136_S_0186_MR_MP-RAGE__br_raw_20100920120139913_145_S85616_I174687.npy,1,0,0,0,0,0,0,0,0,0,,0,0
/home/huangyunyou/amount_data/new_data/,ADNI_010_S_0161_MR_MPRAGE_SENS__br_raw_20060816114938789_157_S17922_I20639.npy,0,1,0,1,0,0,0,0,0,0,,1,0
/home/huangyunyou/amount_data/new_data/,ADNI_128_S_2130_MR_MPRAGE_br_raw_20101104153526042_56_S94288_I202694.npy,0,1,0,1,0,,0,0,0,0,,1,0
/home/huangyunyou/amount_data/new_data/,ADNI_027_S_6183_MR_Accelerated_Sagittal_IR-FSPGR__br_raw_20180201160649344_128_S655257_I959453.npy,1,0,0,0,0,,0,0,0,0,,0,0
/home/huangyunyou/amount_data/new_data/,ADNI_052_S_1352_MR_MP-RAGE__br_raw_20100604153523358_58_S86927_I176834.npy,0,1,0,1,0,0,0,0,0,0,,1,0
/home/huangyunyou/amount_data/new_data/,ADNI_016_S_0538_MR_MPRAGE_br_raw_20090820113628551_98_S72604_I153444.npy,1,0,0,0,0,0,0,0,0,0,,0,0
/home/huangyunyou/amount_data/new_data/,00000301_S_6297.npy,0,1,0,1,0,,0,0,0,0,,1,0
/home/huangyunyou/amount_data/new_data/,ADNI_009_S_0751_MR_MP-RAGE__br_raw_20090901091506535_1_S72954_I154019.npy,1,0,0,0,0,0,0,0,0,0,,0,0
/home/huangyunyou/amount_data/new_data/,ADNI_011_S_0856_MR_MPRAGE_br_raw_20081002093141309_1_S56926_I118964.npy,0,1,0,1,0,0,0,0,0,0,,1,0
/home/huangyunyou/amount_data/new_data/,ADNI_128_S_0863_MR_REPEAT_SAG_3D_MP_RAGE__br_raw_20140725115847982_128_S225957_I437014.npy,1,0,0,0,0,0,0,0,0,0,,0,0
/home/huangyunyou/amount_data/new_data/,ADNI_128_S_2123_MR_MPRAGE_br_raw_20101026163320894_94_S93738_I199265.npy,0,1,0,1,0,,0,0,0,0,,1,0
/home/huangyunyou/amount_data/new_data/,ADNI_013_S_1035_MR_MPRAGE_br_raw_20091119151843062_63_S76633_I159563.npy,1,0,0,0,0,0,0,0,0,0,,0,0
/home/huangyunyou/amount_data/new_data/,ADNI_018_S_0103_MR_MPRAGE_br_raw_20060809084815807_69_S17663_I20279.npy,0,1,0,1,0,0,0,0,0,0,,1,0
/home/huangyunyou/amount_data/new_data/,ADNI_130_S_0783_MR_SAG_MP-RAGE__br_raw_20080826095308563_3_S55884_I116930.npy,0,1,0,1,0,0,0,0,0,0,,1,0
/home/huangyunyou/amount_data/new_data/,ADNI_099_S_6175_MR_Accelerated_Sag_IR-FSPGR___br_raw_20180321150305679_16_S669212_I976382.npy,1,0,0,0,0,,0,0,0,0,,0,0
/home/huangyunyou/amount_data/new_data/,00000135_S_6446.npy,0,1,0,1,0,,0,0,0,0,,1,0
/home/huangyunyou/amount_data/new_data/,ADNI_135_S_6360_MR_Accelerated_Sag_IR-FSPGR___br_raw_20180521153209239_112_S687810_I1000359.npy,1,0,0,0,0,,0,0,0,0,,0,0
/home/huangyunyou/amount_data/new_data/,00000301_S_6056.npy,0,1,0,1,0,,0,0,0,0,,1,0
/home/huangyunyou/amount_data/new_data/,ADNI_029_S_1384_MR_MP-RAGE__br_raw_20100429121302223_75_S84065_I172441.npy,0,1,0,1,0,0,0,0,0,0,,1,0
/home/huangyunyou/amount_data/new_data/,ADNI_032_S_1169_MR_MPRAGE_br_raw_20100112173803630_97_S78176_I163225.npy,1,0,0,0,0,0,0,0,0,0,,0,0
/home/huangyunyou/amount_data/new_data/,ADNI_094_S_2201_MR_Accelerated_SAG_IR-SPGR__br_raw_20110103094344505_11_S97059_I209597.npy,0,1,0,1,0,,0,0,0,0,,1,0
/home/huangyunyou/amount_data/new_data/,ADNI_037_S_0501_MR_MP-RAGE__br_raw_20090923162832610_86_S74159_I155643.npy,0,1,0,1,0,0,0,0,0,0,,1,0
/home/huangyunyou/amount_data/new_data/,ADNI_130_S_0232_MR_MP-RAGE__br_raw_20100318152559637_37_S81302_I168184.npy,1,0,0,0,0,0,0,0,0,0,,0,0
/home/huangyunyou/amount_data/new_data/,ADNI_013_S_1120_MR_MPRAGE_br_raw_20080707124912390_98_S53049_I112623.npy,0,1,0,1,0,0,0,0,0,0,,1,0
/home/huangyunyou/amount_data/new_data/,ADNI_068_S_1191_MR_ADNI_______MPRAGE__br_raw_20070207154543132_86_S26021_I38369.npy,1,0,0,0,0,0,0,0,0,0,,0,0
/home/huangyunyou/amount_data/new_data/,00000135_S_6544.npy,0,1,0,1,0,,0,0,0,0,,1,0
/home/huangyunyou/amount_data/new_data/,ADNI_135_S_6510_MR_Accelerated_Sag_IR-FSPGR___br_raw_20180720091520795_137_S706677_I1023583.npy,1,0,0,0,0,,0,0,0,0,,0,0
/home/huangyunyou/amount_data/new_data/,ADNI_003_S_2374_MR_Accelerated_SAG_IR-SPGR__br_raw_20110510171437835_78_S108555_I234465.npy,0,1,0,1,0,,0,0,0,0,,1,0
/home/huangyunyou/amount_data/new_data/,ADNI_037_S_6204_MR_Accelerated_Sagittal_MPRAGE__br_raw_20180309150302002_2_S665435_I971779.npy,1,0,0,0,0,,0,0,0,0,,0,0
/home/huangyunyou/amount_data/new_data/,ADNI_033_S_6352_MR_Accelerated_Sagittal_MPRAGE__br_raw_20180514111540163_121_S684875_I996786.npy,1,0,0,0,0,,0,0,0,0,,0,0
/home/huangyunyou/amount_data/new_data/,ADNI_099_S_2146_MR_MPRAGE_br_raw_20101109075036275_142_S94454_I203622.npy,0,1,0,1,0,,0,0,0,0,,1,0
/home/huangyunyou/amount_data/new_data/,00000019_S_6635.npy,0,1,0,1,0,,0,0,0,0,,1,0
/home/huangyunyou/amount_data/new_data/,ADNI_129_S_6304_MR_Accelerated_Sag_IR-FSPGR___br_raw_20180417111833396_195_S676889_I985933.npy,1,0,0,0,0,,0,0,0,0,,0,0
/home/huangyunyou/amount_data/new_data/,ADNI_072_S_2070_MR_MPRAGE_br_raw_20100908101811461_22_S91785_I192258.npy,0,1,0,1,0,,0,0,0,0,,1,0
/home/huangyunyou/amount_data/new_data/,ADNI_033_S_1016_MR_MP-RAGE__br_raw_20091204131536703_3_S76928_I160288.npy,1,0,0,0,0,0,0,0,0,0,,0,0
/home/huangyunyou/amount_data/new_data/,ADNI_130_S_0102_MR_SAG_MP-RAGE__br_raw_20080116093446372_35_S44605_I87543.npy,0,1,0,1,0,0,0,0,0,0,,1,0
/home/huangyunyou/amount_data/new_data/,ADNI_052_S_1250_MR_MP-RAGE__br_raw_20100607114324889_98_S86978_I176995.npy,1,0,0,0,0,0,0,0,0,0,,0,0
/home/huangyunyou/amount_data/new_data/,ADNI_027_S_0461_MR_MP-RAGE__br_raw_20071220090434754_1_S44173_I85756.npy,0,1,0,1,0,0,0,0,0,0,,1,0
/home/huangyunyou/amount_data/new_data/,ADNI_014_S_6148_MR_Accelerated_Sagittal_MPRAGE__br_raw_20180108165114610_41_S648626_I951357.npy,1,0,0,0,0,,0,0,0,0,,0,0
/home/huangyunyou/amount_data/new_data/,ADNI_036_S_0976_MR_MPRAGE_br_raw_20100204160334561_1_S79731_I165770.npy,0,1,0,1,0,0,0,0,0,0,,1,0
/home/huangyunyou/amount_data/new_data/,ADNI_009_S_0862_MR_MP-RAGE__br_raw_20091015102619812_121_S75189_I157179.npy,1,0,0,0,0,0,0,0,0,0,,0,0
/home/huangyunyou/amount_data/new_data/,ADNI_133_S_0913_MR_MP-RAGE__br_raw_20080731085333203_3_S54543_I114933.npy,0,1,0,1,0,0,0,0,0,0,,1,0
/home/huangyunyou/amount_data/new_data/,ADNI_098_S_2052_MR_Accelerated_Sag_IR-SPGR__br_raw_20100909125151200_115_S91923_I192488.npy,0,1,0,1,0,,0,0,0,0,,1,0
/home/huangyunyou/amount_data/new_data/,ADNI_005_S_0324_MR_MP-RAGE__br_raw_20090601161518446_7_S68159_I145259.npy,0,1,0,1,0,0,0,0,0,0,,1,0
/home/huangyunyou/amount_data/new_data/,ADNI_123_S_6118_MR_Sagittal_3D_Accelerated_MPRAGE_br_raw_20171106141927170_1_S628540_I927419.npy,1,0,0,0,0,,0,0,0,0,,0,0
/home/huangyunyou/amount_data/new_data/,00000153_S_6274.npy,0,1,0,1,0,,0,0,0,0,,1,0
/home/huangyunyou/amount_data/new_data/,ADNI_006_S_0681_MR_MP-RAGE__br_raw_20081017125951421_1_S57565_I121918.npy,1,0,0,0,0,0,0,0,0,0,,0,0
/home/huangyunyou/amount_data/new_data/,ADNI_128_S_0715_MR_REPEAT_SAG_3D_MPRAGE_br_raw_20070802214054492_5_S36826_I64446.npy,0,1,0,1,0,0,0,0,0,0,,1,0
/home/huangyunyou/amount_data/new_data/,ADNI_014_S_6424_MR_Accelerated_Sagittal_MPRAGE__br_raw_20180817115500499_105_S718041_I1037394.npy,1,0,0,0,0,,0,0,0,0,,0,0
/home/huangyunyou/amount_data/new_data/,00000037_S_6125.npy,0,1,0,1,0,,0,0,0,0,,1,0
/home/huangyunyou/amount_data/new_data/,ADNI_129_S_1204_MR_MP-RAGE__br_raw_20071025202020210_29_S41944_I78554.npy,0,1,0,1,0,0,0,0,0,0,,1,0
/home/huangyunyou/amount_data/new_data/,ADNI_010_S_0422_MR_ASO-MPRAGE_br_raw_20100715125848437_99_S89061_I184305.npy,0,1,0,1,0,0,0,0,0,0,,1,0
/home/huangyunyou/amount_data/new_data/,ADNI_029_S_6505_MR_Accelerated_Sag_IR-FSPGR___br_raw_20181026114303745_177_S740206_I1064831.npy,1,0,0,0,0,,0,0,0,0,,0,0
/home/huangyunyou/amount_data/new_data/,ADNI_067_S_6442_MR_Accelerated_Sagittal_MPRAGE__br_raw_20180618111252832_206_S696628_I1011188.npy,1,0,0,0,0,,0,0,0,0,,0,0
/home/huangyunyou/amount_data/new_data/,ADNI_068_S_2193_MR_MPRAGE_br_raw_20101203113011319_101_S95762_I207426.npy,0,1,0,1,0,,0,0,0,0,,1,0
/home/huangyunyou/amount_data/new_data/,ADNI_129_S_6146_MR_Accelerated_Sag_IR-FSPGR___br_raw_20171219130910366_168_S645782_I947862.npy,1,0,0,0,0,,0,0,0,0,,0,0
/home/huangyunyou/amount_data/new_data/,ADNI_098_S_6362_MR_Sag_Accel_IR-FSPGR_br_raw_20180518135812612_97_S687290_I999708.npy,1,0,0,0,0,,0,0,0,0,,0,0
/home/huangyunyou/amount_data/new_data/,00000006_S_6672.npy,0,1,0,1,0,,0,0,0,0,,1,0
/home/huangyunyou/amount_data/new_data/,ADNI_013_S_0575_MR_MPRAGE_br_raw_20080917111158093_98_S56509_I118044.npy,1,0,0,0,0,0,0,0,0,0,,0,0
/home/huangyunyou/amount_data/new_data/,ADNI_127_S_0397_MR_MP-RAGE__br_raw_20061207184154876_1_S23564_I32084.npy,0,1,0,1,0,0,0,0,0,0,,1,0
/home/huangyunyou/amount_data/new_data/,ADNI_082_S_0363_MR_MPRAGE_br_raw_20060410112252042_98_S13017_I13204.npy,1,0,0,0,0,0,0,0,0,0,,0,0
