path,filename,NC,MCI,DE,COG,AD,PD,FTD,VD,DLB,PDD,ADD,ALL,OTHER
/root/workspace/lxs/ADNI/npy/,00000094_S_1402.npy,0,0,1,2,1,0,,0,,0,1,2,
/root/workspace/lxs/ADNI/npy/,ADNI_011_S_6303_MR_Accelerated_Sagittal_MPRAGE__br_raw_20180413145533400_127_S676284_I985197.npy,0,0,1,2,1,,,,,,1,2,
/root/workspace/lxs/ADNI/npy/,00000036_S_1001.npy,0,0,1,2,1,0,,0,,0,1,2,
/root/workspace/lxs/ADNI/npy/,00000131_S_0691.npy,0,0,1,2,1,0,,0,,0,1,2,
/root/workspace/lxs/ADNI/npy/,00000032_S_0147.npy,0,0,1,2,1,0,,0,,0,1,2,
/root/workspace/lxs/ADNI/npy/,00000067_S_1185.npy,0,0,1,2,1,0,,0,,0,1,2,
/root/workspace/lxs/ADNI/npy/,00000035_S_0341.npy,0,0,1,2,1,0,,0,,0,1,2,
/root/workspace/lxs/ADNI/npy/,00000007_S_1339.npy,0,0,1,2,1,0,,0,,0,1,2,
/root/workspace/lxs/ADNI/npy/,00000002_S_0816.npy,0,0,1,2,1,0,,0,,0,1,2,
/root/workspace/lxs/ADNI/npy/,ADNI_100_S_0190_MR_ADNI_new___MPRAGE__br_raw_20080514133206176_86_S50085_I105552.npy,0,0,1,2,1,0,,0,,0,1,2,
/root/workspace/lxs/ADNI/npy/,00000128_S_1409.npy,0,0,1,2,1,0,,0,,0,1,2,
/root/workspace/lxs/ADNI/npy/,00000067_S_1253.npy,0,0,1,2,1,0,,0,,0,1,2,
/root/workspace/lxs/ADNI/npy/,00000114_S_0374.npy,0,0,1,2,1,0,,0,,0,1,2,
/root/workspace/lxs/ADNI/npy/,00000032_S_1101.npy,0,0,1,2,1,0,,0,,0,1,2,
/root/workspace/lxs/ADNI/npy/,00000136_S_0426.npy,0,0,1,2,1,0,,0,,0,1,2,
/root/workspace/lxs/ADNI/npy/,00000005_S_0929.npy,0,0,1,2,1,0,,0,,0,1,2,
/root/workspace/lxs/ADNI/npy/,00000128_S_0216.npy,0,0,1,2,1,0,,0,,0,1,2,
/root/workspace/lxs/ADNI/npy/,00000012_S_0689.npy,0,0,1,2,1,0,,0,,0,1,2,
/root/workspace/lxs/ADNI/npy/,00000133_S_1055.npy,0,0,1,2,1,0,,0,,0,1,2,
/root/workspace/lxs/ADNI/npy/,ADNI_100_S_1226_MR_ASO-MPRAGE_br_raw_20100323145816634_140_S81565_I168530.npy,0,0,1,2,1,0,,0,,0,1,2,
/root/workspace/lxs/ADNI/npy/,00000005_S_1341.npy,0,0,1,2,1,0,,0,,0,1,2,
/root/workspace/lxs/ADNI/npy/,00000016_S_1263.npy,0,0,1,2,1,0,,0,,0,1,2,
/root/workspace/lxs/ADNI/npy/,00000023_S_0916.npy,0,0,1,2,1,0,,0,,0,1,2,
/root/workspace/lxs/ADNI/npy/,00000130_S_1290.npy,0,0,1,2,1,0,,0,,0,1,2,
/root/workspace/lxs/ADNI/npy/,00000094_S_1027.npy,0,0,1,2,1,0,,0,,0,1,2,
/root/workspace/lxs/ADNI/npy/,00000062_S_0535.npy,0,0,1,2,1,0,,0,,0,1,2,
/root/workspace/lxs/ADNI/npy/,00000033_S_1281.npy,0,0,1,2,1,0,,0,,0,1,2,
/root/workspace/lxs/ADNI/npy/,00000036_S_0760.npy,0,0,1,2,1,0,,0,,0,1,2,
/root/workspace/lxs/ADNI/npy/,ADNI_082_S_6690_MR_Accelerated_Sagittal_MPRAGE__br_raw_20190507114933561_1_S821556_I1162188.npy,0,0,1,2,1,,,,,,1,2,
/root/workspace/lxs/ADNI/npy/,00000057_S_1373.npy,0,0,1,2,1,0,,0,,0,1,2,
/root/workspace/lxs/ADNI/npy/,00000012_S_0712.npy,0,0,1,2,1,0,,0,,0,1,2,
/root/workspace/lxs/ADNI/npy/,00000029_S_1184.npy,0,0,1,2,1,0,,0,,0,1,2,
/root/workspace/lxs/ADNI/npy/,00000136_S_0299.npy,0,0,1,2,1,0,,0,,0,1,2,
/root/workspace/lxs/ADNI/npy/,00000014_S_1095.npy,0,0,1,2,1,0,,0,,0,1,2,
/root/workspace/lxs/ADNI/npy/,00000114_S_0979.npy,0,0,1,2,1,0,,0,,0,1,2,
/root/workspace/lxs/ADNI/npy/,00000051_S_1296.npy,0,0,1,2,1,0,,0,,0,1,2,
/root/workspace/lxs/ADNI/npy/,00000128_S_0740.npy,0,0,1,2,1,0,,0,,0,1,2,
/root/workspace/lxs/ADNI/npy/,00000100_S_0743.npy,0,0,1,2,1,0,,0,,0,1,2,
/root/workspace/lxs/ADNI/npy/,00000033_S_1308.npy,0,0,1,2,1,0,,0,,0,1,2,
/root/workspace/lxs/ADNI/npy/,00000013_S_1161.npy,0,0,1,2,1,0,,0,,0,1,2,
/root/workspace/lxs/ADNI/npy/,00000100_S_0747.npy,0,0,1,2,1,0,,0,,0,1,2,
/root/workspace/lxs/ADNI/npy/,00000013_S_0592.npy,0,0,1,2,1,0,,0,,0,1,2,
/root/workspace/lxs/ADNI/npy/,00000011_S_0183.npy,0,0,1,2,1,0,,0,,0,1,2,
/root/workspace/lxs/ADNI/npy/,00000006_S_6610.npy,0,1,0,1,0,,0,0,0,0,,1,0
/root/workspace/lxs/ADNI/npy/,ADNI_068_S_0473_MR_ADNI_SH____MPRAGE_ASO__br_raw_20100514122516208_158_S84956_I173752.npy,1,0,0,0,0,0,0,0,0,0,,0,0
/root/workspace/lxs/ADNI/npy/,ADNI_098_S_0288_MR_MP-RAGE__br_raw_20060330160338521_1_S12607_I12654.npy,0,1,0,1,0,0,0,0,0,0,,1,0
/root/workspace/lxs/ADNI/npy/,ADNI_037_S_6115_MR_Accelerated_Sagittal_MPRAGE__br_raw_20171130152758669_207_S639842_I940645.npy,1,0,0,0,0,,0,0,0,0,,0,0
/root/workspace/lxs/ADNI/npy/,ADNI_116_S_6624_MR_Accelerated_Sagittal_MPRAGE__br_raw_20181102152703088_161_S744292_I1069428.npy,1,0,0,0,0,,0,0,0,0,,0,0
/root/workspace/lxs/ADNI/npy/,ADNI_022_S_1097_MR_MPRAGE_Repeat__br_raw_20091216154019316_138_S77241_I161002.npy,0,1,0,1,0,0,0,0,0,0,,1,0
/root/workspace/lxs/ADNI/npy/,ADNI_010_S_0419_MR_ASO-MPRAGE_br_raw_20100506044845078_93_S73338_I154490.npy,1,0,0,0,0,0,0,0,0,0,,0,0
/root/workspace/lxs/ADNI/npy/,ADNI_072_S_2072_MR_MPRAGE_br_raw_20100909142732476_72_S91908_I192465.npy,0,1,0,1,0,,0,0,0,0,,1,0
/root/workspace/lxs/ADNI/npy/,ADNI_133_S_0493_MR_MP-RAGE__br_raw_20090519133705265_3_S67428_I144139.npy,1,0,0,0,0,,0,0,0,0,,0,0
/root/workspace/lxs/ADNI/npy/,ADNI_006_S_0675_MR_MP-RAGE__br_raw_20081212140853599_1_S60799_I130217.npy,0,1,0,1,0,0,0,0,0,0,,1,0
/root/workspace/lxs/ADNI/npy/,ADNI_067_S_2304_MR_MPRAGE_br_raw_20110224103419715_155_S100454_I219904.npy,0,1,0,1,0,,0,0,0,0,,1,0
/root/workspace/lxs/ADNI/npy/,ADNI_127_S_6168_MR_Accelerated_Sagittal_IR-FSPGR__br_raw_20180208120514101_192_S657047_I961594.npy,1,0,0,0,0,,0,0,0,0,,0,0
/root/workspace/lxs/ADNI/npy/,ADNI_036_S_2378_MR_MPRAGE_br_raw_20110527103856537_22_S110057_I237733.npy,0,1,0,1,0,,0,0,0,0,,1,0
/root/workspace/lxs/ADNI/npy/,ADNI_099_S_0533_MR_MPRAGE_br_raw_20090618104123421_98_S68859_I146272.npy,1,0,0,0,0,0,0,0,0,0,,0,0
/root/workspace/lxs/ADNI/npy/,ADNI_037_S_6046_MR_Accelerated_Sagittal_MPRAGE__br_raw_20170717132733846_100_S583899_I874809.npy,1,0,0,0,0,,0,0,0,0,,0,0
/root/workspace/lxs/ADNI/npy/,ADNI_301_S_6326_MR_Sagittal_3D_Accelerated_MPRAGE_br_raw_20180426115252313_97_S679961_I989757.npy,0,1,0,1,0,,0,0,0,0,,1,0
/root/workspace/lxs/ADNI/npy/,ADNI_052_S_0951_MR_MP-RAGE__br_raw_20100205153128843_92_S79814_I165881.npy,1,0,0,0,0,0,0,0,0,0,,0,0
/root/workspace/lxs/ADNI/npy/,00000070_S_6236.npy,0,1,0,1,0,,0,0,0,0,,1,0
/root/workspace/lxs/ADNI/npy/,ADNI_141_S_6253_MR_Accelerated_Sagittal_MPRAGE__br_raw_20180319111437558_2_S667797_I974714.npy,1,0,0,0,0,,0,0,0,0,,0,0
/root/workspace/lxs/ADNI/npy/,ADNI_073_S_0312_MR_MPRAGE_br_raw_20070706085440686_5_S34472_I58624.npy,1,0,0,0,0,0,0,0,0,0,,0,0
/root/workspace/lxs/ADNI/npy/,ADNI_023_S_6400_MR_Accelerated_Sagittal_MPRAGE__br_raw_20180530163448275_138_S690769_I1004030.npy,1,0,0,0,0,,0,0,0,0,,0,0
/root/workspace/lxs/ADNI/npy/,ADNI_014_S_2185_MR_MPRAGE_br_raw_20101210100524291_171_S96208_I208097.npy,0,1,0,1,0,,0,0,0,0,,1,0
/root/workspace/lxs/ADNI/npy/,ADNI_018_S_0450_MR_MPRAGE_br_raw_20090707082627293_1_S69489_I147957.npy,0,1,0,1,0,0,0,0,0,0,,1,0
/root/workspace/lxs/ADNI/npy/,ADNI_057_S_0818_MR_MPRAGE_br_raw_20090930144133765_153_S74337_I155902.npy,1,0,0,0,0,0,0,0,0,0,,0,0
/root/workspace/lxs/ADNI/npy/,ADNI_032_S_6279_MR_Accelerated_Sagittal_MPRAGE__br_raw_20180404132607750_11_S672893_I981036.npy,1,0,0,0,0,,0,0,0,0,,0,0
/root/workspace/lxs/ADNI/npy/,ADNI_068_S_2187_MR_MPRAGE_br_raw_20101117131314624_155_S94915_I205387.npy,0,1,0,1,0,,0,0,0,0,,1,0
/root/workspace/lxs/ADNI/npy/,ADNI_037_S_6031_MR_Accelerated_Sagittal_MPRAGE__br_raw_20170703123517263_35_S579834_I870102.npy,1,0,0,0,0,,0,0,0,0,,0,0
/root/workspace/lxs/ADNI/npy/,ADNI_021_S_2125_MR_Accelerated_Sag_IR-SPGR__br_raw_20101015120236627_97_S93369_I196583.npy,0,1,0,1,0,,0,0,0,0,,1,0
/root/workspace/lxs/ADNI/npy/,ADNI_018_S_0055_MR_MPRAGE_br_raw_20081009121510781_98_S57193_I119893.npy,1,0,0,0,0,0,0,0,0,0,,0,0
/root/workspace/lxs/ADNI/npy/,ADNI_099_S_0880_MR_MPRAGE_br_raw_20071207101224853_138_S43443_I84328.npy,0,1,0,1,0,0,0,0,0,0,,1,0
/root/workspace/lxs/ADNI/npy/,ADNI_094_S_6278_MR_Accelerated_Sagittal_MPRAGE__br_raw_20180525113429934_168_S689530_I1002458.npy,1,0,0,0,0,,0,0,0,0,,0,0
/root/workspace/lxs/ADNI/npy/,ADNI_014_S_0658_MR_MP-RAGE__br_raw_20090731155106996_85_S71202_I151414.npy,0,1,0,1,0,0,0,0,0,0,,1,0
/root/workspace/lxs/ADNI/npy/,ADNI_011_S_0016_MR_MPRAGE_br_raw_20081021085030928_1_S57702_I122503.npy,1,0,0,0,0,0,0,0,0,0,,0,0
/root/workspace/lxs/ADNI/npy/,ADNI_036_S_0869_MR_MPRAGE_br_raw_20091116133831798_1_S76486_I159317.npy,0,1,0,1,0,0,0,0,0,0,,1,0
/root/workspace/lxs/ADNI/npy/,00000168_S_6619.npy,0,1,0,1,0,,0,0,0,0,,1,0
/root/workspace/lxs/ADNI/npy/,ADNI_023_S_6346_MR_Accelerated_Sagittal_MPRAGE__br_raw_20180511144833591_162_S684655_I996485.npy,1,0,0,0,0,,0,0,0,0,,0,0
/root/workspace/lxs/ADNI/npy/,ADNI_123_S_0106_MR_MPRAGEASO__br_raw_20100129104838944_170_S79540_I165499.npy,1,0,0,0,0,0,0,0,0,0,,0,0
/root/workspace/lxs/ADNI/npy/,ADNI_114_S_0458_MR_MPRAGE_br_raw_20071218161115206_98_S44099_I85410.npy,0,1,0,1,0,0,0,0,0,0,,1,0
/root/workspace/lxs/ADNI/npy/,00000941_S_6345.npy,0,1,0,1,0,,0,0,0,0,,1,0
/root/workspace/lxs/ADNI/npy/,ADNI_941_S_6496_MR_Accelerated_Sagittal_MPRAGE__br_raw_20180717164009014_136_S705437_I1022057.npy,1,0,0,0,0,,0,0,0,0,,0,0
/root/workspace/lxs/ADNI/npy/,ADNI_126_S_1077_MR_MP-RAGE__br_raw_20091215133642733_1_S77219_I160965.npy,0,1,0,1,0,0,0,0,0,0,,1,0
/root/workspace/lxs/ADNI/npy/,ADNI_099_S_6175_MR_Accelerated_Sag_IR-FSPGR___br_raw_20180321150305679_16_S669212_I976382.npy,1,0,0,0,0,,0,0,0,0,,0,0
/root/workspace/lxs/ADNI/npy/,ADNI_137_S_0800_MR_MP-RAGE__br_raw_20090831124508265_1_S72920_I153964.npy,0,1,0,1,0,0,0,0,0,0,,1,0
/root/workspace/lxs/ADNI/npy/,ADNI_127_S_6232_MR_Accelerated_Sagittal_IR-FSPGR__br_raw_20180330161620603_78_S672272_I980179.npy,1,0,0,0,0,,0,0,0,0,,0,0
/root/workspace/lxs/ADNI/npy/,00000018_S_6414.npy,0,1,0,1,0,,0,0,0,0,,1,0
/root/workspace/lxs/ADNI/npy/,ADNI_014_S_0558_MR_MP-RAGE__br_raw_20090708093517252_36_S69649_I148261.npy,1,0,0,0,0,0,0,0,0,0,,0,0
/root/workspace/lxs/ADNI/npy/,ADNI_021_S_2124_MR_Accelerated_Sag_IR-SPGR__br_raw_20101015181056693_26_S93427_I196684.npy,0,1,0,1,0,,0,0,0,0,,1,0
/root/workspace/lxs/ADNI/npy/,ADNI_130_S_6019_MR_Sagittal_3D_Accelerated_MPRAGE_br_raw_20170609162912879_190_S567412_I854993.npy,1,0,0,0,0,,0,0,0,0,,0,0
/root/workspace/lxs/ADNI/npy/,00000109_S_6364.npy,0,1,0,1,0,,0,0,0,0,,1,0
/root/workspace/lxs/ADNI/npy/,ADNI_037_S_6271_MR_Accelerated_Sagittal_MPRAGE__br_raw_20180517142517257_37_S686551_I998806.npy,1,0,0,0,0,,0,0,0,0,,0,0
/root/workspace/lxs/ADNI/npy/,00000168_S_6634.npy,0,1,0,1,0,,0,0,0,0,,1,0
/root/workspace/lxs/ADNI/npy/,ADNI_305_S_6157_MR_Sagittal_3D_Accelerated_MPRAGE_br_raw_20180129144546395_1_S654124_I958026.npy,1,0,0,0,0,,0,0,0,0,,0,0
/root/workspace/lxs/ADNI/npy/,ADNI_141_S_0851_MR_MPRAGE_br_raw_20071016162447966_57_S41582_I77929.npy,0,1,0,1,0,0,0,0,0,0,,1,0
/root/workspace/lxs/ADNI/npy/,ADNI_024_S_6385_MR_Accelerated_Sagittal_MPRAGE__br_raw_20180529170731461_172_S690519_I1003706.npy,1,0,0,0,0,,0,0,0,0,,0,0
/root/workspace/lxs/ADNI/npy/,ADNI_021_S_0276_MR_MP-RAGE__br_raw_20100405094137578_64_S82731_I170106.npy,0,1,0,1,0,0,0,0,0,0,,1,0
/root/workspace/lxs/ADNI/npy/,ADNI_153_S_6237_MR_Accelerated_Sagittal_MPRAGE__br_raw_20180307135252368_4_S664777_I970943.npy,1,0,0,0,0,,0,0,0,0,,0,0
/root/workspace/lxs/ADNI/npy/,ADNI_100_S_6578_MR_Sagittal_3D_Accelerated_MPRAGE_br_raw_20180927134629717_1_S730670_I1052843.npy,1,0,0,0,0,,0,0,0,0,,0,0
/root/workspace/lxs/ADNI/npy/,ADNI_067_S_0607_MR_MPRAGE_br_raw_20081114122118599_97_S59060_I126544.npy,0,1,0,1,0,0,0,0,0,0,,1,0
/root/workspace/lxs/ADNI/npy/,ADNI_128_S_2036_MR_MPRAGE_br_raw_20100819133204468_132_S90869_I190934.npy,0,1,0,1,0,,0,0,0,0,,1,0
/root/workspace/lxs/ADNI/npy/,ADNI_029_S_0878_MR_MP-RAGE__br_raw_20091207113711179_3_S76983_I160409.npy,0,1,0,1,0,0,0,0,0,0,,1,0
/root/workspace/lxs/ADNI/npy/,ADNI_116_S_1232_MR_MP-RAGE__br_raw_20100211172224931_1_S80078_I166224.npy,1,0,0,0,0,0,0,0,0,0,,0,0
/root/workspace/lxs/ADNI/npy/,ADNI_027_S_1045_MR_MP-RAGE__br_raw_20091113072352168_1_S76310_I159061.npy,0,1,0,1,0,0,0,0,0,0,,1,0
/root/workspace/lxs/ADNI/npy/,ADNI_002_S_0954_MR_MP-RAGE__br_raw_20080605221022417_1_S51093_I108600.npy,0,1,0,1,0,0,0,0,0,0,,1,0
/root/workspace/lxs/ADNI/npy/,ADNI_116_S_0648_MR_MP-RAGE__br_raw_20090812141555032_1_S72302_I152986.npy,1,0,0,0,0,0,0,0,0,0,,0,0
/root/workspace/lxs/ADNI/npy/,ADNI_099_S_0111_MR_MPRAGE_br_raw_20070205105827031_98_S25863_I38078.npy,0,1,0,1,0,0,0,0,0,0,,1,0
/root/workspace/lxs/ADNI/npy/,ADNI_137_S_0459_MR_MP-RAGE__br_raw_20090505141502501_1_S67053_I143203.npy,1,0,0,0,0,0,0,0,0,0,,0,0
/root/workspace/lxs/ADNI/npy/,ADNI_082_S_0928_MR_MPRAGE_br_raw_20080609112539344_75_S51161_I108707.npy,0,1,0,1,0,0,0,0,0,0,,1,0
/root/workspace/lxs/ADNI/npy/,00000006_S_6681.npy,0,1,0,1,0,,0,0,0,0,,1,0
/root/workspace/lxs/ADNI/npy/,ADNI_012_S_1133_MR_MPRAGE_AUTOSHIM_ON_br_raw_20100513115931514_98_S84880_I173635.npy,1,0,0,0,0,0,0,0,0,0,,0,0
/root/workspace/lxs/ADNI/npy/,ADNI_027_S_2183_MR_Accelerated_SAG_IR-SPGR__br_raw_20101113180449295_111_S94824_I205085.npy,0,1,0,1,0,,0,0,0,0,,1,0
/root/workspace/lxs/ADNI/npy/,ADNI_033_S_1098_MR_MP-RAGE__br_raw_20091204133639658_3_S76934_I160297.npy,1,0,0,0,0,0,0,0,0,0,,0,0
/root/workspace/lxs/ADNI/npy/,ADNI_132_S_0339_MR_MP-RAGE__br_raw_20060502104243770_1_S13850_I14367.npy,0,1,0,1,0,0,0,0,0,0,,1,0
/root/workspace/lxs/ADNI/npy/,ADNI_068_S_2184_MR_MPRAGE_br_raw_20101117133904572_129_S94922_I205396.npy,0,1,0,1,0,,0,0,0,0,,1,0
/root/workspace/lxs/ADNI/npy/,ADNI_023_S_1306_MR_MPRAGE_br_raw_20070216110116671_1_S26604_I40549.npy,1,0,0,0,0,0,0,0,0,0,,0,0
/root/workspace/lxs/ADNI/npy/,ADNI_053_S_0919_MR_MP-RAGE__br_raw_20101104125835593_107_S94278_I202609.npy,0,1,0,1,0,0,0,0,0,0,,1,0
/root/workspace/lxs/ADNI/npy/,ADNI_029_S_0866_MR_MP-RAGE__br_raw_20091030144749097_84_S75772_I158102.npy,1,0,0,0,0,0,0,0,0,0,,0,0
/root/workspace/lxs/ADNI/npy/,00000024_S_6033.npy,0,1,0,1,0,,0,0,0,0,,1,0
/root/workspace/lxs/ADNI/npy/,ADNI_041_S_0679_MR_MPRAGE_br_raw_20100811163707317_148_S90365_I189966.npy,0,1,0,1,0,0,0,0,0,0,,1,0
/root/workspace/lxs/ADNI/npy/,ADNI_016_S_1092_MR_MPRAGE_br_raw_20091217111401205_97_S77272_I161040.npy,0,1,0,1,0,0,0,0,0,0,,1,0
/root/workspace/lxs/ADNI/npy/,ADNI_341_S_6494_MR_Accelerated_Sagittal_MPRAGE__br_raw_20181004122527428_148_S733426_I1056183.npy,1,0,0,0,0,,0,0,0,0,,0,0
/root/workspace/lxs/ADNI/npy/,ADNI_027_S_0461_MR_MP-RAGE__br_raw_20071220090434754_1_S44173_I85756.npy,0,1,0,1,0,0,0,0,0,0,,1,0
/root/workspace/lxs/ADNI/npy/,ADNI_027_S_0408_MR_MP-RAGE__br_raw_20100520143741059_20_S85293_I174215.npy,0,1,0,1,0,0,0,0,0,0,,1,0
/root/workspace/lxs/ADNI/npy/,ADNI_002_S_0559_MR_MP-RAGE__br_raw_20090701011344227_1_S69298_I147113.npy,1,0,0,0,0,0,0,0,0,0,,0,0
/root/workspace/lxs/ADNI/npy/,ADNI_127_S_6147_MR_Accelerated_Sagittal_IR-FSPGR__br_raw_20180214075052945_133_S658857_I963736.npy,1,0,0,0,0,,0,0,0,0,,0,0
/root/workspace/lxs/ADNI/npy/,00000135_S_6544.npy,0,1,0,1,0,,0,0,0,0,,1,0
/root/workspace/lxs/ADNI/npy/,ADNI_099_S_0054_MR_MPRAGE_br_raw_20071220122445485_98_S44189_I85779.npy,0,1,0,1,0,0,0,0,0,0,,1,0
/root/workspace/lxs/ADNI/npy/,ADNI_098_S_2079_MR_Accelerated_Sag_IR-SPGR__br_raw_20100922162457579_103_S92420_I193312.npy,0,1,0,1,0,,0,0,0,0,,1,0
/root/workspace/lxs/ADNI/npy/,ADNI_128_S_0229_MR_REPEAT_SAG_3D_MPRAGE_br_raw_20090828225158380_25_S72906_I153935.npy,1,0,0,0,0,0,0,0,0,0,,0,0
/root/workspace/lxs/ADNI/npy/,ADNI_133_S_0629_MR_MPRAGE_br_raw_20080204133034863_1_S45287_I89297.npy,0,1,0,1,0,0,0,0,0,0,,1,0
/root/workspace/lxs/ADNI/npy/,ADNI_128_S_0770_MR_REPEAT_SAG_3D_MPRAGE_br_raw_20090826171938044_19_S72793_I153756.npy,0,1,0,1,0,0,0,0,0,0,,1,0
/root/workspace/lxs/ADNI/npy/,ADNI_009_S_0751_MR_MP-RAGE__br_raw_20090901091506535_1_S72954_I154019.npy,1,0,0,0,0,0,0,0,0,0,,0,0
/root/workspace/lxs/ADNI/npy/,ADNI_027_S_0118_MR_MP-RAGE__br_raw_20100215155250741_1_S80112_I166285.npy,1,0,0,0,0,0,0,0,0,0,,0,0
/root/workspace/lxs/ADNI/npy/,ADNI_127_S_1210_MR_MP-RAGE__br_raw_20070206183419915_1_S25997_I38319.npy,0,1,0,1,0,0,0,0,0,0,,1,0
/root/workspace/lxs/ADNI/npy/,ADNI_012_S_0917_MR_MPRAGE_br_raw_20070619125108328_157_S33757_I57265.npy,0,1,0,1,0,0,0,0,0,0,,1,0
/root/workspace/lxs/ADNI/npy/,ADNI_128_S_0863_MR_REPEAT_SAG_3D_MP_RAGE__br_raw_20140725115847982_128_S225957_I437014.npy,1,0,0,0,0,0,0,0,0,0,,0,0
/root/workspace/lxs/ADNI/npy/,00000027_S_6643.npy,0,1,0,1,0,,0,0,0,0,,1,0
/root/workspace/lxs/ADNI/npy/,00000305_S_6498.npy,0,1,0,1,0,,0,0,0,0,,1,0
/root/workspace/lxs/ADNI/npy/,ADNI_062_S_0578_MR_MPRAGE_br_raw_20080612144430260_98_S51518_I109368.npy,1,0,0,0,0,0,0,0,0,0,,0,0
/root/workspace/lxs/ADNI/npy/,ADNI_041_S_0898_MR_MPRAGE_br_raw_20091110151223731_98_S76014_I158501.npy,1,0,0,0,0,0,0,0,0,0,,0,0
/root/workspace/lxs/ADNI/npy/,ADNI_129_S_2347_MR_IR-SPGR__br_raw_20110421120149034_166_S104873_I228523.npy,0,1,0,1,0,,0,0,0,0,,1,0
/root/workspace/lxs/ADNI/npy/,ADNI_023_S_1126_MR_MPRAGE_br_raw_20090206133757119_1_S62753_I135446.npy,0,1,0,1,0,0,0,0,0,0,,1,0
/root/workspace/lxs/ADNI/npy/,ADNI_014_S_0548_MR_MP-RAGE__br_raw_20090720102035247_21_S70313_I149716.npy,1,0,0,0,0,0,0,0,0,0,,0,0
/root/workspace/lxs/ADNI/npy/,ADNI_130_S_0449_MR_MPRAGE_SENSE_br_raw_20080812104559073_1_S55263_I115926.npy,0,1,0,1,0,0,0,0,0,0,,1,0
/root/workspace/lxs/ADNI/npy/,ADNI_116_S_1249_MR_MP-RAGE__br_raw_20100204153954034_1_S79763_I165814.npy,1,0,0,0,0,0,0,0,0,0,,0,0
/root/workspace/lxs/ADNI/npy/,ADNI_126_S_1340_MR_MP-RAGE__br_raw_20070808093020868_166_S36996_I65796.npy,0,1,0,1,0,0,0,0,0,0,,1,0
/root/workspace/lxs/ADNI/npy/,ADNI_082_S_0640_MR_MPRAGE_br_raw_20060726154300786_63_S17279_I19679.npy,1,0,0,0,0,0,0,0,0,0,,0,0
/root/workspace/lxs/ADNI/npy/,ADNI_011_S_0326_MR_MPRAGE_br_raw_20090407073853571_1_S65639_I140635.npy,0,1,0,1,0,0,0,0,0,0,,1,0
/root/workspace/lxs/ADNI/npy/,ADNI_067_S_6528_MR_Accelerated_Sagittal_MPRAGE__br_raw_20180809170853206_27_S714456_I1033265.npy,1,0,0,0,0,,0,0,0,0,,0,0
/root/workspace/lxs/ADNI/npy/,ADNI_007_S_0698_MR_MP-RAGE__br_raw_20090903113520890_22_S73014_I154112.npy,0,1,0,1,0,0,0,0,0,0,,1,0
/root/workspace/lxs/ADNI/npy/,ADNI_073_S_2190_MR_MPRAGE_br_raw_20101210160627018_37_S96298_I208263.npy,0,1,0,1,0,,0,0,0,0,,1,0
/root/workspace/lxs/ADNI/npy/,ADNI_141_S_6061_MR_Accelerated_Sagittal_MPRAGE__br_raw_20170815161008680_29_S595332_I887923.npy,1,0,0,0,0,,0,0,0,0,,0,0
/root/workspace/lxs/ADNI/npy/,ADNI_035_S_2199_MR_MPRAGE_br_raw_20101201164135016_172_S95629_I207227.npy,0,1,0,1,0,,0,0,0,0,,1,0
/root/workspace/lxs/ADNI/npy/,ADNI_035_S_6200_MR_Accelerated_Sagittal_MPRAGE__br_raw_20180215141217553_121_S659829_I964917.npy,1,0,0,0,0,,0,0,0,0,,0,0
/root/workspace/lxs/ADNI/npy/,ADNI_031_S_0821_MR_MP-RAGE__br_raw_20070412164217500_1_S29602_I48836.npy,0,1,0,1,0,0,0,0,0,0,,1,0
/root/workspace/lxs/ADNI/npy/,ADNI_100_S_6493_MR_Sagittal_3D_Accelerated_MPRAGE_br_raw_20180920153713502_1_S728849_I1050518.npy,1,0,0,0,0,,0,0,0,0,,0,0
/root/workspace/lxs/ADNI/npy/,ADNI_128_S_1406_MR_REPEAT_SAG_3D_MP_RAGE__br_raw_20100615143218687_10_S87326_I178294.npy,0,1,0,1,0,0,0,0,0,0,,1,0
/root/workspace/lxs/ADNI/npy/,ADNI_022_S_0130_MR_MPRAGE_Repeat__br_raw_20100329175157772_80_S82532_I169829.npy,1,0,0,0,0,0,0,0,0,0,,0,0
/root/workspace/lxs/ADNI/npy/,ADNI_021_S_0647_MR_MP-RAGE__br_raw_20080820152110552_54_S55593_I116498.npy,1,0,0,0,0,0,0,0,0,0,,0,0
/root/workspace/lxs/ADNI/npy/,ADNI_128_S_0230_MR_REPEAT_SAG_3D_MPRAGE_br_raw_20080403180242789_1_S47914_I100581.npy,1,0,0,0,0,0,0,0,0,0,,0,0
/root/workspace/lxs/ADNI/npy/,ADNI_109_S_1114_MR_MPRAGE_br_raw_20090408122926195_1_S65797_I140966.npy,0,1,0,1,0,0,0,0,0,0,,1,0
/root/workspace/lxs/ADNI/npy/,ADNI_052_S_1346_MR_MP-RAGE__br_raw_20100611150757937_65_S87214_I177365.npy,0,1,0,1,0,0,0,0,0,0,,1,0
/root/workspace/lxs/ADNI/npy/,ADNI_027_S_6577_MR_Accelerated_Sagittal_IR-FSPGR__br_raw_20180920141044513_36_S728755_I1050410.npy,1,0,0,0,0,,0,0,0,0,,0,0
/root/workspace/lxs/ADNI/npy/,ADNI_003_S_1122_MR_MPRAGE_br_raw_20100217125930031_60_S80176_I166377.npy,0,1,0,1,0,0,0,0,0,0,,1,0
/root/workspace/lxs/ADNI/npy/,ADNI_033_S_6352_MR_Accelerated_Sagittal_MPRAGE__br_raw_20180514111540163_121_S684875_I996786.npy,1,0,0,0,0,,0,0,0,0,,0,0
/root/workspace/lxs/ADNI/npy/,ADNI_133_S_0792_MR_MP-RAGE__br_raw_20080918113002328_3_S56555_I118116.npy,0,1,0,1,0,0,0,0,0,0,,1,0
/root/workspace/lxs/ADNI/npy/,ADNI_006_S_6375_MR_Sagittal_3D_Accelerated_MPRAGE_br_raw_20180529125451093_128_S690265_I1003400.npy,1,0,0,0,0,,0,0,0,0,,0,0
/root/workspace/lxs/ADNI/npy/,ADNI_010_S_0161_MR_MPRAGE_SENS__br_raw_20060816114938789_157_S17922_I20639.npy,0,1,0,1,0,0,0,0,0,0,,1,0
/root/workspace/lxs/ADNI/npy/,ADNI_109_S_6213_MR_Accelerated_Sagittal_MPRAGE__br_raw_20180305161732498_76_S663821_I969812.npy,1,0,0,0,0,,0,0,0,0,,0,0
/root/workspace/lxs/ADNI/npy/,ADNI_129_S_1246_MR_MP-RAGE__br_raw_20100310121141206_5_S80864_I167555.npy,0,1,0,1,0,0,0,0,0,0,,1,0
/root/workspace/lxs/ADNI/npy/,ADNI_070_S_6548_MR_Accelerated_Sagittal_MPRAGE__br_raw_20180808144009880_76_S713665_I1032324.npy,1,0,0,0,0,,0,0,0,0,,0,0
/root/workspace/lxs/ADNI/npy/,00000130_S_6612.npy,0,1,0,1,0,,0,0,0,0,,1,0
/root/workspace/lxs/ADNI/npy/,ADNI_023_S_0887_MR_MPRAGE_br_raw_20091103161634941_1_S75829_I158216.npy,0,1,0,1,0,0,0,0,0,0,,1,0
/root/workspace/lxs/ADNI/npy/,ADNI_128_S_2123_MR_MPRAGE_br_raw_20101026163320894_94_S93738_I199265.npy,0,1,0,1,0,,0,0,0,0,,1,0
/root/workspace/lxs/ADNI/npy/,00000019_S_6315.npy,0,1,0,1,0,,0,0,0,0,,1,0
/root/workspace/lxs/ADNI/npy/,ADNI_082_S_0363_MR_MPRAGE_br_raw_20060410112252042_98_S13017_I13204.npy,1,0,0,0,0,0,0,0,0,0,,0,0
/root/workspace/lxs/ADNI/npy/,ADNI_022_S_0044_MR_MPRAGE_br_raw_20060531115940885_63_S15041_I16212.npy,0,1,0,1,0,0,0,0,0,0,,1,0
/root/workspace/lxs/ADNI/npy/,ADNI_094_S_0531_MR_MP-RAGE__br_raw_20140707165440940_140_S224386_I434637.npy,0,1,0,1,0,0,0,0,0,0,,1,0
/root/workspace/lxs/ADNI/npy/,ADNI_027_S_0403_MR_MP-RAGE__br_raw_20100429163903181_92_S84108_I172501.npy,1,0,0,0,0,0,0,0,0,0,,0,0
/root/workspace/lxs/ADNI/npy/,ADNI_041_S_0446_MR_MPRAGE_br_raw_20070605103340828_98_S33006_I55872.npy,0,1,0,1,0,0,0,0,0,0,,1,0
/root/workspace/lxs/ADNI/npy/,ADNI_007_S_6310_MR_Accelerated_Sagittal_MPRAGE__br_raw_20180410105753237_54_S674913_I983493.npy,1,0,0,0,0,,0,0,0,0,,0,0
/root/workspace/lxs/ADNI/npy/,ADNI_099_S_0551_MR_MPRAGE_br_raw_20090623074239540_98_S69106_I146610.npy,0,1,0,1,0,0,0,0,0,0,,1,0
/root/workspace/lxs/ADNI/npy/,ADNI_029_S_0824_MR_MP-RAGE__br_raw_20091007124340211_4_S74588_I156289.npy,1,0,0,0,0,0,0,0,0,0,,0,0
/root/workspace/lxs/ADNI/npy/,00000099_S_6632.npy,0,1,0,1,0,,0,0,0,0,,1,0
/root/workspace/lxs/ADNI/npy/,ADNI_072_S_1380_MR_MPRAGE_ASO_br_raw_20100402131835401_165_S82718_I170086.npy,0,1,0,1,0,0,0,0,0,0,,1,0
/root/workspace/lxs/ADNI/npy/,ADNI_067_S_0056_MR_MPRAGE_br_raw_20081209155740172_63_S60709_I129904.npy,1,0,0,0,0,0,0,0,0,0,,0,0
/root/workspace/lxs/ADNI/npy/,ADNI_010_S_0422_MR_ASO-MPRAGE_br_raw_20100715125848437_99_S89061_I184305.npy,0,1,0,1,0,0,0,0,0,0,,1,0
/root/workspace/lxs/ADNI/npy/,ADNI_006_S_6500_MR_Sagittal_3D_Accelerated_MPRAGE_br_raw_20180730125446170_68_S710554_I1028499.npy,1,0,0,0,0,,0,0,0,0,,0,0
/root/workspace/lxs/ADNI/npy/,ADNI_137_S_0283_MR_MP-RAGE__br_raw_20090423102452728_180_S66599_I142415.npy,1,0,0,0,0,0,0,0,0,0,,0,0
/root/workspace/lxs/ADNI/npy/,ADNI_123_S_2055_MR_MPRAGE_br_raw_20100820122952095_114_S90949_I191053.npy,0,1,0,1,0,,0,0,0,0,,1,0
/root/workspace/lxs/ADNI/npy/,ADNI_003_S_6256_MR_Accelerated_Sagittal_MPRAGE__br_raw_20180313172540477_5_S666705_I973278.npy,1,0,0,0,0,,0,0,0,0,,0,0
/root/workspace/lxs/ADNI/npy/,00000301_S_6297.npy,0,1,0,1,0,,0,0,0,0,,1,0
/root/workspace/lxs/ADNI/npy/,ADNI_137_S_0825_MR_MP-RAGE__br_raw_20071029121025389_180_S41988_I79420.npy,0,1,0,1,0,0,0,0,0,0,,1,0
/root/workspace/lxs/ADNI/npy/,ADNI_099_S_0352_MR_MPRAGE_br_raw_20100428101642014_16_S83899_I172065.npy,1,0,0,0,0,0,0,0,0,0,,0,0
/root/workspace/lxs/ADNI/npy/,ADNI_136_S_0873_MR_MP-RAGE__br_raw_20081029152044270_1_S58049_I124413.npy,0,1,0,1,0,0,0,0,0,0,,1,0
/root/workspace/lxs/ADNI/npy/,ADNI_099_S_2205_MR_MPRAGE_br_raw_20101130075326278_111_S95395_I206900.npy,0,1,0,1,0,,0,0,0,0,,1,0
/root/workspace/lxs/ADNI/npy/,ADNI_032_S_6293_MR_Accelerated_Sagittal_MPRAGE__br_raw_20180507124610626_66_S682850_I993285.npy,1,0,0,0,0,,0,0,0,0,,0,0
/root/workspace/lxs/ADNI/npy/,ADNI_005_S_0448_MR_MP-RAGE__br_raw_20080602121459558_3_S50865_I108088.npy,0,1,0,1,0,0,0,0,0,0,,1,0
/root/workspace/lxs/ADNI/npy/,ADNI_127_S_6348_MR_Accelerated_Sagittal_IR-FSPGR__br_raw_20180727073046706_192_S709511_I1027175.npy,1,0,0,0,0,,0,0,0,0,,0,0
/root/workspace/lxs/ADNI/npy/,ADNI_011_S_0856_MR_MPRAGE_br_raw_20081002093141309_1_S56926_I118964.npy,0,1,0,1,0,0,0,0,0,0,,1,0
/root/workspace/lxs/ADNI/npy/,ADNI_035_S_0156_MR_MPRAGE_br_raw_20100303145740438_78_S80595_I167167.npy,1,0,0,0,0,0,0,0,0,0,,0,0
/root/workspace/lxs/ADNI/npy/,ADNI_941_S_2060_MR_MPRAGE_br_raw_20100908161012470_91_S91837_I192348.npy,0,1,0,1,0,,0,0,0,0,,1,0
/root/workspace/lxs/ADNI/npy/,ADNI_168_S_6065_MR_Accelerated_Sagittal_MPRAGE__br_raw_20170906091852871_2_S605966_I900796.npy,1,0,0,0,0,,0,0,0,0,,0,0
/root/workspace/lxs/ADNI/npy/,ADNI_068_S_0442_MR_ADNI_______MPRAGE__br_raw_20070626141739637_54_S34034_I57784.npy,0,1,0,1,0,0,0,0,0,0,,1,0
/root/workspace/lxs/ADNI/npy/,ADNI_067_S_6138_MR_Accelerated_Sagittal_MPRAGE__br_raw_20180611133135791_17_S694118_I1008180.npy,1,0,0,0,0,,0,0,0,0,,0,0
/root/workspace/lxs/ADNI/npy/,ADNI_072_S_2083_MR_MPRAGE_br_raw_20101217110249464_94_S92127_I192825.npy,0,1,0,1,0,,0,0,0,0,,1,0
/root/workspace/lxs/ADNI/npy/,ADNI_099_S_2063_MR_MPRAGE_br_raw_20101015080944927_169_S93362_I196572.npy,0,1,0,1,0,,0,0,0,0,,1,0
/root/workspace/lxs/ADNI/npy/,ADNI_014_S_6522_MR_Accelerated_Sagittal_MPRAGE__br_raw_20180820130203983_41_S718494_I1037958.npy,1,0,0,0,0,,0,0,0,0,,0,0
/root/workspace/lxs/ADNI/npy/,ADNI_027_S_6582_MR_Accelerated_Sagittal_IR-FSPGR__br_raw_20181009185624477_130_S734730_I1057804.npy,1,0,0,0,0,,0,0,0,0,,0,0
/root/workspace/lxs/ADNI/npy/,ADNI_037_S_1225_MR_MP-RAGE__br_raw_20080908112912798_56_S56270_I117597.npy,0,1,0,1,0,0,0,0,0,0,,1,0
/root/workspace/lxs/ADNI/npy/,ADNI_006_S_6209_MR_Sagittal_3D_Accelerated_MPRAGE_br_raw_20180214162452226_102_S659015_I963926.npy,1,0,0,0,0,,0,0,0,0,,0,0
/root/workspace/lxs/ADNI/npy/,ADNI_036_S_6189_MR_Accelerated_Sagittal_MPRAGE__br_raw_20180130121731044_27_S654290_I958275.npy,1,0,0,0,0,,0,0,0,0,,0,0
/root/workspace/lxs/ADNI/npy/,ADNI_018_S_0057_MR_MPRAGE_ASO_br_raw_20080201160353303_85_S45260_I89234.npy,0,1,0,1,0,0,0,0,0,0,,1,0
/root/workspace/lxs/ADNI/npy/,ADNI_133_S_0727_MR_Sag_MPRAGE_br_raw_20140806151408897_84_S226970_I438622.npy,0,1,0,1,0,0,0,0,0,0,,1,0
/root/workspace/lxs/ADNI/npy/,ADNI_007_S_1206_MR_MP-RAGE__br_raw_20100210134639777_67_S80030_I166158.npy,1,0,0,0,0,0,0,0,0,0,,0,0
/root/workspace/lxs/ADNI/npy/,00000168_S_6180.npy,0,1,0,1,0,,0,0,0,0,,1,0
/root/workspace/lxs/ADNI/npy/,ADNI_941_S_6514_MR_Accelerated_Sagittal_MPRAGE__br_raw_20180727104527197_65_S709616_I1027315.npy,1,0,0,0,0,,0,0,0,0,,0,0
/root/workspace/lxs/ADNI/npy/,ADNI_012_S_1321_MR_MPRAGE_AUTOSHIM_ON_br_raw_20090327171949312_1_S65187_I140013.npy,0,1,0,1,0,0,0,0,0,0,,1,0
/root/workspace/lxs/ADNI/npy/,ADNI_129_S_6452_MR_Accelerated_Sag_IR-FSPGR___br_raw_20180712062022571_1_S703855_I1020096.npy,1,0,0,0,0,,0,0,0,0,,0,0
/root/workspace/lxs/ADNI/npy/,ADNI_027_S_0835_MR_MP-RAGE__br_raw_20100902122939095_25_S91582_I191943.npy,0,1,0,1,0,0,0,0,0,0,,1,0
/root/workspace/lxs/ADNI/npy/,ADNI_153_S_2148_MR_MPRAGE_br_raw_20101026193925656_53_S93769_I199312.npy,0,1,0,1,0,,0,0,0,0,,1,0
/root/workspace/lxs/ADNI/npy/,ADNI_053_S_2357_MR_MPRAGE_br_raw_20110420152029982_129_S104829_I228464.npy,0,1,0,1,0,,0,0,0,0,,1,0
/root/workspace/lxs/ADNI/npy/,ADNI_011_S_6418_MR_Accelerated_Sagittal_MPRAGE__br_raw_20180629105733513_72_S695453_I1009810.npy,1,0,0,0,0,,0,0,0,0,,0,0
/root/workspace/lxs/ADNI/npy/,ADNI_123_S_0108_MR_MPRAGEASO__br_raw_20100225175347520_120_S80470_I166821.npy,0,1,0,1,0,0,0,0,0,0,,1,0
/root/workspace/lxs/ADNI/npy/,ADNI_116_S_6517_MR_Accelerated_Sagittal_MPRAGE__br_raw_20180910165235976_89_S726036_I1047168.npy,1,0,0,0,0,,0,0,0,0,,0,0
/root/workspace/lxs/ADNI/npy/,ADNI_051_S_1040_MR_MPRAGE_br_raw_20071102140202906_98_S42211_I80550.npy,0,1,0,1,0,0,0,0,0,0,,1,0
/root/workspace/lxs/ADNI/npy/,ADNI_023_S_1190_MR_MPRAGE_br_raw_20100219163707538_20_S80249_I166476.npy,1,0,0,0,0,0,0,0,0,0,,0,0
/root/workspace/lxs/ADNI/npy/,ADNI_941_S_1363_MR_MPRAGE_br_raw_20070313130707971_98_S28008_I44495.npy,0,1,0,1,0,0,0,0,0,0,,1,0
/root/workspace/lxs/ADNI/npy/,ADNI_098_S_0896_MR_MP-RAGE__br_raw_20091015165249237_1_S75257_I157296.npy,1,0,0,0,0,0,0,0,0,0,,0,0
/root/workspace/lxs/ADNI/npy/,ADNI_141_S_1052_MR_MPRAGE_br_raw_20080610133258804_98_S51307_I108946.npy,0,1,0,1,0,0,0,0,0,0,,1,0
/root/workspace/lxs/ADNI/npy/,ADNI_133_S_0488_MR_MP-RAGE__br_raw_20090608155514734_3_S68339_I145531.npy,1,0,0,0,0,0,0,0,0,0,,0,0
/root/workspace/lxs/ADNI/npy/,00000002_S_6652.npy,0,1,0,1,0,,0,0,0,0,,1,0
/root/workspace/lxs/ADNI/npy/,ADNI_007_S_0101_MR_MP-RAGE__br_raw_20100128131558614_99_S79530_I165486.npy,0,1,0,1,0,0,0,0,0,0,,1,0
/root/workspace/lxs/ADNI/npy/,ADNI_126_S_0506_MR_MP-RAGE_REPEAT_br_raw_20060620103342790_1_S15652_I17185.npy,1,0,0,0,0,0,0,0,0,0,,0,0
/root/workspace/lxs/ADNI/npy/,00000130_S_6329.npy,0,1,0,1,0,,0,0,0,0,,1,0
/root/workspace/lxs/ADNI/npy/,ADNI_129_S_6304_MR_Accelerated_Sag_IR-FSPGR___br_raw_20180417111833396_195_S676889_I985933.npy,1,0,0,0,0,,0,0,0,0,,0,0
/root/workspace/lxs/ADNI/npy/,ADNI_013_S_1275_MR_MPRAGE_br_raw_20081217122318484_98_S60939_I131152.npy,0,1,0,1,0,0,0,0,0,0,,1,0
/root/workspace/lxs/ADNI/npy/,ADNI_127_S_1427_MR_MP-RAGE__br_raw_20090826163347839_166_S72777_I153734.npy,0,1,0,1,0,0,0,0,0,0,,1,0
/root/workspace/lxs/ADNI/npy/,ADNI_073_S_0386_MR_MPRAGE_br_raw_20100603104856106_47_S86848_I176717.npy,1,0,0,0,0,0,0,0,0,0,,0,0
/root/workspace/lxs/ADNI/npy/,ADNI_006_S_0681_MR_MP-RAGE__br_raw_20081017125951421_1_S57565_I121918.npy,1,0,0,0,0,0,0,0,0,0,,0,0
/root/workspace/lxs/ADNI/npy/,ADNI_114_S_0378_MR_MPRAGE_br_raw_20090430093442142_97_S66813_I142821.npy,0,1,0,1,0,0,0,0,0,0,,1,0
/root/workspace/lxs/ADNI/npy/,ADNI_057_S_1265_MR_MPRAGE_br_raw_20090219112019343_98_S63286_I136399.npy,0,1,0,1,0,0,0,0,0,0,,1,0
/root/workspace/lxs/ADNI/npy/,ADNI_068_S_2168_MR_MPRAGE_br_raw_20101105101616430_122_S94292_I202818.npy,0,1,0,1,0,,0,0,0,0,,1,0
/root/workspace/lxs/ADNI/npy/,ADNI_032_S_1169_MR_MPRAGE_br_raw_20100112173803630_97_S78176_I163225.npy,1,0,0,0,0,0,0,0,0,0,,0,0
/root/workspace/lxs/ADNI/npy/,ADNI_128_S_0608_MR_REPEAT_SAG_3D_MPRAGE_br_raw_20090605121833192_48_S68309_I145490.npy,0,1,0,1,0,0,0,0,0,0,,1,0
/root/workspace/lxs/ADNI/npy/,ADNI_073_S_0518_MR_MPRAGE_br_raw_20091209180621171_63_S77090_I160628.npy,0,1,0,1,0,0,0,0,0,0,,1,0
/root/workspace/lxs/ADNI/npy/,ADNI_099_S_6097_MR_Accelerated_Sag_IR-FSPGR___br_raw_20171110145831809_63_S631137_I930462.npy,1,0,0,0,0,,0,0,0,0,,0,0
/root/workspace/lxs/ADNI/npy/,ADNI_014_S_0520_MR_MP-RAGE__br_raw_20090604122842627_4_S68263_I145417.npy,1,0,0,0,0,0,0,0,0,0,,0,0
/root/workspace/lxs/ADNI/npy/,ADNI_041_S_1423_MR_MPRAGE_br_raw_20080825150026231_98_S55786_I116809.npy,0,1,0,1,0,0,0,0,0,0,,1,0
/root/workspace/lxs/ADNI/npy/,ADNI_037_S_0150_MR_MP-RAGE__br_raw_20090422142747677_85_S66566_I142324.npy,0,1,0,1,0,0,0,0,0,0,,1,0
/root/workspace/lxs/ADNI/npy/,ADNI_014_S_6199_MR_Accelerated_Sagittal_MPRAGE__br_raw_20180222154612346_5_S661310_I966803.npy,1,0,0,0,0,,0,0,0,0,,0,0
/root/workspace/lxs/ADNI/npy/,ADNI_037_S_1078_MR_MP-RAGE__br_raw_20100301145830103_51_S80504_I167036.npy,0,1,0,1,0,0,0,0,0,0,,1,0
/root/workspace/lxs/ADNI/npy/,ADNI_027_S_6516_MR_Accelerated_Sagittal_IR-FSPGR__br_raw_20180817112025329_193_S717965_I1037308.npy,1,0,0,0,0,,0,0,0,0,,0,0
/root/workspace/lxs/ADNI/npy/,ADNI_023_S_0604_MR_MPRAGE_br_raw_20090710144919515_1_S69779_I148533.npy,0,1,0,1,0,0,0,0,0,0,,1,0
/root/workspace/lxs/ADNI/npy/,00000168_S_6426.npy,0,1,0,1,0,,0,0,0,0,,1,0
/root/workspace/lxs/ADNI/npy/,ADNI_067_S_0243_MR_MPRAGE_br_raw_20070404152344429_63_S29311_I48177.npy,0,1,0,1,0,0,0,0,0,0,,1,0
/root/workspace/lxs/ADNI/npy/,ADNI_037_S_0182_MR_MP-RAGE__br_raw_20060214151603652_86_S11644_I11121.npy,0,1,0,1,0,0,0,0,0,0,,1,0
/root/workspace/lxs/ADNI/npy/,ADNI_123_S_0298_MR_MPRAGEASO__br_raw_20100419102052805_133_S83458_I171280.npy,1,0,0,0,0,0,0,0,0,0,,0,0
/root/workspace/lxs/ADNI/npy/,ADNI_035_S_0033_MR_MPRAGE_br_raw_20090601145154100_98_S68142_I145230.npy,0,1,0,1,0,0,0,0,0,0,,1,0
/root/workspace/lxs/ADNI/npy/,ADNI_011_S_0023_MR_MPRAGE_br_raw_20100106135916895_1_S77996_I162465.npy,1,0,0,0,0,0,0,0,0,0,,0,0
/root/workspace/lxs/ADNI/npy/,00000019_S_6533.npy,0,1,0,1,0,,0,0,0,0,,1,0
/root/workspace/lxs/ADNI/npy/,ADNI_067_S_0290_MR_MPRAGE_br_raw_20090507134013833_97_S67156_I143394.npy,0,1,0,1,0,0,0,0,0,0,,1,0
/root/workspace/lxs/ADNI/npy/,ADNI_002_S_6009_MR_Accelerated_Sagittal_MPRAGE__br_raw_20170418133703199_1_S555304_I840235.npy,1,0,0,0,0,,0,0,0,0,,0,0
/root/workspace/lxs/ADNI/npy/,ADNI_068_S_0872_MR_ADNI_SH____MPRAGE_ASO__br_raw_20090330162312181_170_S65229_I140074.npy,0,1,0,1,0,0,0,0,0,0,,1,0
/root/workspace/lxs/ADNI/npy/,00000126_S_1221.npy,0,0,1,2,1,0,,0,,0,1,2,
/root/workspace/lxs/ADNI/npy/,00000130_S_0956.npy,0,0,1,2,1,0,,0,,0,1,2,
/root/workspace/lxs/ADNI/npy/,00000062_S_0793.npy,0,0,1,2,1,0,,0,,0,1,2,
/root/workspace/lxs/ADNI/npy/,00000141_S_1152.npy,0,0,1,2,1,0,,0,,0,1,2,
/root/workspace/lxs/ADNI/npy/,00000131_S_0457.npy,0,0,1,2,1,0,,0,,0,1,2,
/root/workspace/lxs/ADNI/npy/,ADNI_036_S_6231_MR_Accelerated_Sagittal_MPRAGE__br_raw_20180314163907460_7_S667002_I973656.npy,0,0,1,2,1,,,,,,1,2,
/root/workspace/lxs/ADNI/npy/,00000137_S_0841.npy,0,0,1,2,1,0,,0,,0,1,2,
/root/workspace/lxs/ADNI/npy/,ADNI_135_S_6389_MR_Accelerated_Sag_IR-FSPGR___br_raw_20180529163541369_55_S690538_I1003730.npy,0,0,1,2,1,,,,,,1,2,
/root/workspace/lxs/ADNI/npy/,ADNI_098_S_6655_MR_Sag_Accel_IR-FSPGR_br_raw_20190123115617585_173_S787653_I1119493.npy,0,0,1,2,1,,,,,,1,2,
/root/workspace/lxs/ADNI/npy/,00000007_S_1304.npy,0,0,1,2,1,0,,0,,0,1,2,
/root/workspace/lxs/ADNI/npy/,00000082_S_1079.npy,0,0,1,2,1,0,,0,,0,1,2,
/root/workspace/lxs/ADNI/npy/,00000033_S_0733.npy,0,0,1,2,1,0,,0,,0,1,2,
/root/workspace/lxs/ADNI/npy/,00000027_S_1081.npy,0,0,1,2,1,0,,0,,0,1,2,
/root/workspace/lxs/ADNI/npy/,00000010_S_0786.npy,0,0,1,2,1,0,,0,,0,1,2,
/root/workspace/lxs/ADNI/npy/,00000094_S_1397.npy,0,0,1,2,1,0,,0,,0,1,2,
/root/workspace/lxs/ADNI/npy/,00000053_S_1044.npy,0,0,1,2,1,0,,0,,0,1,2,
/root/workspace/lxs/ADNI/npy/,00000011_S_0010.npy,0,0,1,2,1,0,,0,,0,1,2,
/root/workspace/lxs/ADNI/npy/,00000006_S_0653.npy,0,0,1,2,1,0,,0,,0,1,2,
/root/workspace/lxs/ADNI/npy/,ADNI_116_S_6100_MR_Accelerated_Sagittal_MPRAGE__br_raw_20181220100406092_10_S763123_I1092329.npy,0,0,1,2,1,,,,,,1,2,
/root/workspace/lxs/ADNI/npy/,00000024_S_1171.npy,0,0,1,2,1,0,,0,,0,1,2,
/root/workspace/lxs/ADNI/npy/,00000033_S_0724.npy,0,0,1,2,1,0,,0,,0,1,2,
/root/workspace/lxs/ADNI/npy/,ADNI_100_S_6713_MR_Sagittal_3D_Accelerated_MPRAGE_br_raw_20190418160341621_1_S817034_I1156438.npy,0,0,1,2,1,,,,,,1,2,
/root/workspace/lxs/ADNI/npy/,00000128_S_0167.npy,0,0,1,2,1,0,,0,,0,1,2,
/root/workspace/lxs/ADNI/npy/,00000023_S_1289.npy,0,0,1,2,1,0,,0,,0,1,2,
/root/workspace/lxs/ADNI/npy/,00000067_S_0828.npy,0,0,1,2,1,0,,0,,0,1,2,
/root/workspace/lxs/ADNI/npy/,00000116_S_0370.npy,0,0,1,2,1,0,,0,,0,1,2,
/root/workspace/lxs/ADNI/npy/,00000099_S_0470.npy,0,0,1,2,1,0,,0,,0,1,2,
/root/workspace/lxs/ADNI/npy/,00000031_S_1209.npy,0,0,1,2,1,0,,0,,0,1,2,
/root/workspace/lxs/ADNI/npy/,00000002_S_0938.npy,0,0,1,2,1,0,,0,,0,1,2,
/root/workspace/lxs/ADNI/npy/,00000098_S_0884.npy,0,0,1,2,1,0,,0,,0,1,2,
/root/workspace/lxs/ADNI/npy/,00000022_S_0007.npy,0,0,1,2,1,0,,0,,0,1,2,
/root/workspace/lxs/ADNI/npy/,00000029_S_0999.npy,0,0,1,2,1,0,,0,,0,1,2,
/root/workspace/lxs/ADNI/npy/,00000062_S_0690.npy,0,0,1,2,1,0,,0,,0,1,2,
/root/workspace/lxs/ADNI/npy/,ADNI_100_S_0995_MR_ASO-MPRAGE_br_raw_20091204191738474_1_S76951_I160323.npy,0,0,1,2,1,0,,0,,0,1,2,
/root/workspace/lxs/ADNI/npy/,00000029_S_1056.npy,0,0,1,2,1,0,,0,,0,1,2,
/root/workspace/lxs/ADNI/npy/,00000141_S_0696.npy,0,0,1,2,1,0,,0,,0,1,2,
/root/workspace/lxs/ADNI/npy/,00000130_S_1337.npy,0,0,1,2,1,0,,0,,0,1,2,
/root/workspace/lxs/ADNI/npy/,00000116_S_0392.npy,0,0,1,2,1,0,,0,,0,1,2,
/root/workspace/lxs/ADNI/npy/,00000033_S_1285.npy,0,0,1,2,1,0,,0,,0,1,2,
/root/workspace/lxs/ADNI/npy/,00000021_S_0343.npy,0,0,1,2,1,0,,0,,0,1,2,
/root/workspace/lxs/ADNI/npy/,00000127_S_0431.npy,0,0,1,2,1,0,,0,,0,1,2,
/root/workspace/lxs/ADNI/npy/,00000057_S_1379.npy,0,0,1,2,1,0,,0,,0,1,2,
/root/workspace/lxs/ADNI/npy/,ADNI_032_S_6600_MR_Accelerated_Sagittal_MPRAGE__br_raw_20181019125457091_63_S737783_I1061844.npy,0,0,1,2,1,,,,,,1,2,
/root/workspace/lxs/ADNI/npy/,ADNI_036_S_2380_MR_MPRAGE_br_raw_20110602093324658_105_S110431_I238494.npy,0,1,0,1,0,,0,0,0,0,,1,0
/root/workspace/lxs/ADNI/npy/,ADNI_002_S_1261_MR_MP-RAGE__br_raw_20100225171339402_123_S80484_I166845.npy,1,0,0,0,0,0,0,0,0,0,,0,0
/root/workspace/lxs/ADNI/npy/,ADNI_016_S_0590_MR_MPRAGE_br_raw_20060612085608254_95_S15409_I16806.npy,0,1,0,1,0,0,0,0,0,0,,1,0
/root/workspace/lxs/ADNI/npy/,ADNI_123_S_0113_MR_MPRAGEASO__br_raw_20100408093625440_75_S83010_I170559.npy,1,0,0,0,0,0,0,0,0,0,,0,0
/root/workspace/lxs/ADNI/npy/,ADNI_136_S_0186_MR_MP-RAGE__br_raw_20100920120139913_145_S85616_I174687.npy,1,0,0,0,0,0,0,0,0,0,,0,0
/root/workspace/lxs/ADNI/npy/,ADNI_041_S_1010_MR_MPRAGE_br_raw_20091217161459347_98_S77319_I161111.npy,0,1,0,1,0,0,0,0,0,0,,1,0
/root/workspace/lxs/ADNI/npy/,ADNI_003_S_6307_MR_Accelerated_Sagittal_MPRAGE__br_raw_20180621214551941_82_S698034_I1012896.npy,1,0,0,0,0,,0,0,0,0,,0,0
/root/workspace/lxs/ADNI/npy/,ADNI_033_S_0511_MR_MP-RAGE__br_raw_20080609133045772_3_S51223_I108828.npy,0,1,0,1,0,0,0,0,0,0,,1,0
/root/workspace/lxs/ADNI/npy/,ADNI_014_S_0519_MR_MP-RAGE__br_raw_20090604120929300_128_S68248_I145394.npy,1,0,0,0,0,0,0,0,0,0,,0,0
/root/workspace/lxs/ADNI/npy/,ADNI_041_S_0721_MR_MPRAGE_br_raw_20070313090711171_98_S27992_I44469.npy,0,1,0,1,0,0,0,0,0,0,,1,0
/root/workspace/lxs/ADNI/npy/,ADNI_024_S_1393_MR_MP-RAGE__br_raw_20100413152418658_132_S83274_I170929.npy,0,1,0,1,0,0,0,0,0,0,,1,0
/root/workspace/lxs/ADNI/npy/,ADNI_168_S_6318_MR_Accelerated_Sagittal_MPRAGE__br_raw_20180419133538469_150_S678370_I987768.npy,1,0,0,0,0,,0,0,0,0,,0,0
/root/workspace/lxs/ADNI/npy/,ADNI_094_S_0692_MR_MP-RAGE__br_raw_20081111141948935_1_S58717_I126004.npy,1,0,0,0,0,0,0,0,0,0,,0,0
/root/workspace/lxs/ADNI/npy/,ADNI_072_S_1211_MR_MPRAGE_ASO_br_raw_20100306115856245_126_S80735_I167364.npy,0,1,0,1,0,0,0,0,0,0,,1,0
/root/workspace/lxs/ADNI/npy/,ADNI_128_S_1242_MR_MPRAGE_br_raw_20080321131954421_1_S47327_I99234.npy,1,0,0,0,0,0,0,0,0,0,,0,0
/root/workspace/lxs/ADNI/npy/,ADNI_003_S_1074_MR_MPRAGE_br_raw_20100416111102390_157_S83393_I171188.npy,0,1,0,1,0,0,0,0,0,0,,1,0
/root/workspace/lxs/ADNI/npy/,ADNI_941_S_6546_MR_Accelerated_Sagittal_MPRAGE__br_raw_20180814084158709_26_S715829_I1034852.npy,1,0,0,0,0,,0,0,0,0,,0,0
/root/workspace/lxs/ADNI/npy/,ADNI_041_S_1260_MR_MPRAGE_br_raw_20100728110019331_44_S89590_I187656.npy,0,1,0,1,0,0,0,0,0,0,,1,0
/root/workspace/lxs/ADNI/npy/,ADNI_137_S_0301_MR_MP-RAGE__br_raw_20090424083735970_180_S66609_I142514.npy,1,0,0,0,0,0,0,0,0,0,,0,0
/root/workspace/lxs/ADNI/npy/,ADNI_127_S_6436_MR_Accelerated_Sagittal_IR-FSPGR__br_raw_20180719121014413_88_S704955_I1021434.npy,1,0,0,0,0,,0,0,0,0,,0,0
/root/workspace/lxs/ADNI/npy/,ADNI_031_S_0294_MR_MPRAGE_ASO_br_raw_20090403154141161_1_S65459_I140388.npy,0,1,0,1,0,0,0,0,0,0,,1,0
/root/workspace/lxs/ADNI/npy/,ADNI_094_S_1241_MR_MP-RAGE__br_raw_20100219144306932_32_S80225_I166442.npy,1,0,0,0,0,0,0,0,0,0,,0,0
/root/workspace/lxs/ADNI/npy/,ADNI_006_S_6277_MR_Sagittal_3D_Accelerated_MPRAGE_br_raw_20180328125656099_29_S670775_I978374.npy,1,0,0,0,0,,0,0,0,0,,0,0
/root/workspace/lxs/ADNI/npy/,ADNI_027_S_1387_MR_MP-RAGE__br_raw_20090309150113040_1_S64150_I138066.npy,0,1,0,1,0,0,0,0,0,0,,1,0
/root/workspace/lxs/ADNI/npy/,ADNI_129_S_6228_MR_Accelerated_Sag_IR-FSPGR___br_raw_20180222084809729_184_S661194_I966665.npy,1,0,0,0,0,,0,0,0,0,,0,0
/root/workspace/lxs/ADNI/npy/,ADNI_023_S_1247_MR_MPRAGE_br_raw_20090312154140796_1_S64441_I138591.npy,0,1,0,1,0,0,0,0,0,0,,1,0
/root/workspace/lxs/ADNI/npy/,ADNI_027_S_6327_MR_Accelerated_Sagittal_IR-FSPGR__br_raw_20180514122451154_16_S684905_I996822.npy,1,0,0,0,0,,0,0,0,0,,0,0
/root/workspace/lxs/ADNI/npy/,ADNI_094_S_2201_MR_Accelerated_SAG_IR-SPGR__br_raw_20110103094344505_11_S97059_I209597.npy,0,1,0,1,0,,0,0,0,0,,1,0
/root/workspace/lxs/ADNI/npy/,ADNI_941_S_6044_MR_Accelerated_Sagittal_MPRAGE__br_raw_20170711130950417_26_S582377_I872975.npy,1,0,0,0,0,,0,0,0,0,,0,0
/root/workspace/lxs/ADNI/npy/,ADNI_031_S_0351_MR_MPRAGE_ASO_br_raw_20090429162052306_170_S66794_I142787.npy,0,1,0,1,0,0,0,0,0,0,,1,0
/root/workspace/lxs/ADNI/npy/,ADNI_020_S_6449_MR_Accelerated_Sagittal_MPRAGE__br_raw_20180709093028550_206_S702254_I1018201.npy,1,0,0,0,0,,0,0,0,0,,0,0
/root/workspace/lxs/ADNI/npy/,ADNI_041_S_0598_MR_MPRAGE_br_raw_20080131091903972_98_S45159_I89002.npy,0,1,0,1,0,0,0,0,0,0,,1,0
/root/workspace/lxs/ADNI/npy/,ADNI_041_S_6226_MR_Accelerated_Sagittal_MPRAGE__br_raw_20180402142608910_71_S672440_I980386.npy,1,0,0,0,0,,0,0,0,0,,0,0
/root/workspace/lxs/ADNI/npy/,ADNI_082_S_1119_MR_MPRAGE_br_raw_20080903125833987_75_S56158_I117374.npy,0,1,0,1,0,0,0,0,0,0,,1,0
/root/workspace/lxs/ADNI/npy/,ADNI_127_S_1419_MR_MP-RAGE__br_raw_20090820091308391_1_S72592_I153427.npy,0,1,0,1,0,0,0,0,0,0,,1,0
/root/workspace/lxs/ADNI/npy/,ADNI_130_S_6043_MR_Sagittal_3D_Accelerated_MPRAGE_br_raw_20200805115511270_99_S581424_I871899.npy,1,0,0,0,0,,0,0,0,0,,0,0
/root/workspace/lxs/ADNI/npy/,ADNI_041_S_0282_MR_MPRAGE_br_raw_20071207132930593_98_S43461_I84356.npy,0,1,0,1,0,0,0,0,0,0,,1,0
/root/workspace/lxs/ADNI/npy/,ADNI_941_S_6333_MR_Accelerated_Sagittal_MPRAGE__br_raw_20180601135049721_102_S691304_I1004681.npy,1,0,0,0,0,,0,0,0,0,,0,0
/root/workspace/lxs/ADNI/npy/,00000135_S_6622.npy,0,1,0,1,0,,0,0,0,0,,1,0
/root/workspace/lxs/ADNI/npy/,ADNI_006_S_0484_MR_MP-RAGE__br_raw_20070328132352187_1_S29042_I47327.npy,1,0,0,0,0,0,0,0,0,0,,0,0
/root/workspace/lxs/ADNI/npy/,00000135_S_6446.npy,0,1,0,1,0,,0,0,0,0,,1,0
/root/workspace/lxs/ADNI/npy/,ADNI_020_S_6282_MR_Accelerated_Sagittal_MPRAGE__br_raw_20180410115246940_150_S674862_I983428.npy,1,0,0,0,0,,0,0,0,0,,0,0
/root/workspace/lxs/ADNI/npy/,ADNI_011_S_0241_MR_MPRAGE_br_raw_20100317103327167_34_S81165_I167969.npy,0,1,0,1,0,0,0,0,0,0,,1,0
/root/workspace/lxs/ADNI/npy/,ADNI_007_S_6120_MR_Accelerated_Sagittal_MPRAGE__br_raw_20171127103603866_54_S637544_I937847.npy,1,0,0,0,0,,0,0,0,0,,0,0
/root/workspace/lxs/ADNI/npy/,ADNI_041_S_1420_MR_MPRAGE_br_raw_20080416085302471_98_S48797_I102883.npy,0,1,0,1,0,0,0,0,0,0,,1,0
/root/workspace/lxs/ADNI/npy/,ADNI_141_S_0717_MR_MPRAGE_br_raw_20081006164354198_98_S56987_I119296.npy,1,0,0,0,0,0,0,0,0,0,,0,0
/root/workspace/lxs/ADNI/npy/,ADNI_027_S_1277_MR_MP-RAGE__br_raw_20080219144213982_1_S45870_I90784.npy,0,1,0,1,0,0,0,0,0,0,,1,0
/root/workspace/lxs/ADNI/npy/,ADNI_082_S_6287_MR_Accelerated_Sagittal_MPRAGE__br_raw_20180516110410685_21_S685923_I998049.npy,1,0,0,0,0,,0,0,0,0,,0,0
/root/workspace/lxs/ADNI/npy/,ADNI_027_S_0307_MR_MP-RAGE__br_raw_20100512064328606_64_S84771_I173472.npy,0,1,0,1,0,0,0,0,0,0,,1,0
/root/workspace/lxs/ADNI/npy/,ADNI_011_S_0021_MR_MPRAGE_br_raw_20081106091234237_1_S58355_I125318.npy,1,0,0,0,0,0,0,0,0,0,,0,0
/root/workspace/lxs/ADNI/npy/,ADNI_013_S_2324_MR_MPRAGE_br_raw_20110328152402908_29_S102467_I225055.npy,0,1,0,1,0,,0,0,0,0,,1,0
/root/workspace/lxs/ADNI/npy/,ADNI_014_S_6148_MR_Accelerated_Sagittal_MPRAGE__br_raw_20180108165114610_41_S648626_I951357.npy,1,0,0,0,0,,0,0,0,0,,0,0
/root/workspace/lxs/ADNI/npy/,ADNI_022_S_1351_MR_MPRAGE_Repeat__br_raw_20100326172827100_72_S82401_I169637.npy,0,1,0,1,0,0,0,0,0,0,,1,0
/root/workspace/lxs/ADNI/npy/,ADNI_941_S_1194_MR_MPRAGE_br_raw_20100219144349471_2_S80235_I166456.npy,1,0,0,0,0,0,0,0,0,0,,0,0
/root/workspace/lxs/ADNI/npy/,ADNI_126_S_0709_MR_MP-RAGE__br_raw_20140715140956820_121_S225106_I435652.npy,0,1,0,1,0,0,0,0,0,0,,1,0
/root/workspace/lxs/ADNI/npy/,ADNI_052_S_1251_MR_MP-RAGE__br_raw_20100607102001936_15_S86973_I176986.npy,1,0,0,0,0,0,0,0,0,0,,0,0
/root/workspace/lxs/ADNI/npy/,ADNI_005_S_2390_MR_Accelerated_Sag_IR-SPGR__br_raw_20110627132729403_144_S112697_I241958.npy,0,1,0,1,0,,0,0,0,0,,1,0
/root/workspace/lxs/ADNI/npy/,ADNI_070_S_6542_MR_Accelerated_Sagittal_MPRAGE__br_raw_20180806110621533_19_S712833_I1031290.npy,1,0,0,0,0,,0,0,0,0,,0,0
/root/workspace/lxs/ADNI/npy/,ADNI_128_S_2003_MR_MPRAGE_br_raw_20100707221529337_96_S88768_I181153.npy,0,1,0,1,0,,0,0,0,0,,1,0
/root/workspace/lxs/ADNI/npy/,ADNI_032_S_2247_MR_MPRAGE_br_raw_20101229140030897_41_S96961_I209412.npy,0,1,0,1,0,,0,0,0,0,,1,0
/root/workspace/lxs/ADNI/npy/,ADNI_024_S_0985_MR_MP-RAGE__br_raw_20091201122154309_1_S76830_I159930.npy,1,0,0,0,0,0,0,0,0,0,,0,0
/root/workspace/lxs/ADNI/npy/,ADNI_099_S_0958_MR_MPRAGE_br_raw_20130418083020260_62_S187330_I367798.npy,0,1,0,1,0,0,0,0,0,0,,1,0
/root/workspace/lxs/ADNI/npy/,ADNI_130_S_0505_MR_MP-RAGE__br_raw_20101202090924220_38_S95637_I207242.npy,0,1,0,1,0,0,0,0,0,0,,1,0
/root/workspace/lxs/ADNI/npy/,ADNI_082_S_1256_MR_MPRAGE_Repeat__br_raw_20140715141120307_63_S225113_I435660.npy,1,0,0,0,0,0,0,0,0,0,,0,0
/root/workspace/lxs/ADNI/npy/,ADNI_153_S_2109_MR_MPRAGE_br_raw_20101006094717370_14_S92984_I195034.npy,0,1,0,1,0,,0,0,0,0,,1,0
/root/workspace/lxs/ADNI/npy/,ADNI_128_S_0545_MR_REPEAT_SAG_3D_MPRAGE_br_raw_20090618145524028_1_S68921_I146352.npy,1,0,0,0,0,0,0,0,0,0,,0,0
/root/workspace/lxs/ADNI/npy/,ADNI_031_S_0830_MR_MPRAGE_br_raw_20090922164806845_1_S74049_I155595.npy,0,1,0,1,0,0,0,0,0,0,,1,0
/root/workspace/lxs/ADNI/npy/,ADNI_002_S_2043_MR_MPRAGE_br_raw_20100901071618763_8_S91525_I191821.npy,0,1,0,1,0,,0,0,0,0,,1,0
/root/workspace/lxs/ADNI/npy/,ADNI_135_S_6104_MR_Accelerated_Sag_IR-FSPGR___br_raw_20171130154544576_144_S629806_I928920.npy,1,0,0,0,0,,0,0,0,0,,0,0
/root/workspace/lxs/ADNI/npy/,ADNI_032_S_2119_MR_MPRAGE_br_raw_20101006081511184_49_S92974_I194936.npy,0,1,0,1,0,,0,0,0,0,,1,0
/root/workspace/lxs/ADNI/npy/,00000006_S_6441.npy,0,1,0,1,0,,0,0,0,0,,1,0
/root/workspace/lxs/ADNI/npy/,ADNI_168_S_6492_MR_Accelerated_Sagittal_MPRAGE__br_raw_20180806165920079_56_S713177_I1031685.npy,1,0,0,0,0,,0,0,0,0,,0,0
/root/workspace/lxs/ADNI/npy/,ADNI_007_S_2058_MR_Accelerated_SAG_IR-SPGR__br_raw_20100902134847177_180_S91590_I191954.npy,0,1,0,1,0,,0,0,0,0,,1,0
/root/workspace/lxs/ADNI/npy/,ADNI_033_S_6572_MR_Accelerated_Sagittal_MPRAGE__br_raw_20180905092530775_154_S724488_I1045204.npy,1,0,0,0,0,,0,0,0,0,,0,0
/root/workspace/lxs/ADNI/npy/,ADNI_137_S_1414_MR_MP-RAGE__br_raw_20090827101803061_1_S72806_I153787.npy,0,1,0,1,0,0,0,0,0,0,,1,0
/root/workspace/lxs/ADNI/npy/,ADNI_032_S_0677_MR_MPRAGE_br_raw_20100802153904539_90_S89769_I189180.npy,1,0,0,0,0,0,0,0,0,0,,0,0
/root/workspace/lxs/ADNI/npy/,ADNI_027_S_1213_MR_MP-RAGE__br_raw_20090126173604255_1_S62260_I134499.npy,0,1,0,1,0,0,0,0,0,0,,1,0
/root/workspace/lxs/ADNI/npy/,ADNI_014_S_2308_MR_MPRAGE_br_raw_20110217125443143_125_S100040_I217969.npy,0,1,0,1,0,,0,0,0,0,,1,0
/root/workspace/lxs/ADNI/npy/,ADNI_036_S_0656_MR_MPRAGE_br_raw_20090723193003782_1_S70534_I150230.npy,0,1,0,1,0,0,0,0,0,0,,1,0
/root/workspace/lxs/ADNI/npy/,ADNI_023_S_0058_MR_MPRAGE_br_raw_20100319144152203_137_S81389_I168313.npy,1,0,0,0,0,0,0,0,0,0,,0,0
/root/workspace/lxs/ADNI/npy/,00000007_S_6341.npy,0,1,0,1,0,,0,0,0,0,,1,0
/root/workspace/lxs/ADNI/npy/,ADNI_098_S_2052_MR_Accelerated_Sag_IR-SPGR__br_raw_20100909125151200_115_S91923_I192488.npy,0,1,0,1,0,,0,0,0,0,,1,0
/root/workspace/lxs/ADNI/npy/,ADNI_141_S_6008_MR_Accelerated_Sagittal_MPRAGE__br_raw_20170414151252566_160_S554628_I839474.npy,1,0,0,0,0,,0,0,0,0,,0,0
/root/workspace/lxs/ADNI/npy/,00000027_S_6002.npy,0,1,0,1,0,,0,0,0,0,,1,0
/root/workspace/lxs/ADNI/npy/,ADNI_020_S_6566_MR_Accelerated_Sagittal_MPRAGE__br_raw_20180906133031334_92_S724792_I1045619.npy,1,0,0,0,0,,0,0,0,0,,0,0
/root/workspace/lxs/ADNI/npy/,ADNI_014_S_0169_MR_MP-RAGE__br_raw_20100204150224569_144_S79737_I165780.npy,0,1,0,1,0,0,0,0,0,0,,1,0
/root/workspace/lxs/ADNI/npy/,ADNI_131_S_1389_MR_MP-RAGE__br_raw_20100709102822087_26_S88834_I181374.npy,0,1,0,1,0,0,0,0,0,0,,1,0
/root/workspace/lxs/ADNI/npy/,ADNI_003_S_6067_MR_Accelerated_Sagittal_MPRAGE__br_raw_20170929150556024_46_S615856_I912447.npy,1,0,0,0,0,,0,0,0,0,,0,0
/root/workspace/lxs/ADNI/npy/,ADNI_018_S_2180_MR_MPRAGE_br_raw_20101209104657021_13_S96133_I207992.npy,0,1,0,1,0,,0,0,0,0,,1,0
/root/workspace/lxs/ADNI/npy/,ADNI_033_S_1309_MR_MP-RAGE__br_raw_20090225154735204_3_S63603_I137046.npy,0,1,0,1,0,0,0,0,0,0,,1,0
/root/workspace/lxs/ADNI/npy/,ADNI_941_S_6580_MR_Accelerated_Sagittal_MPRAGE__br_raw_20180910133430726_13_S725681_I1046736.npy,1,0,0,0,0,,0,0,0,0,,0,0
/root/workspace/lxs/ADNI/npy/,ADNI_022_S_6069_MR_Accelerated_Sagittal_MPRAGE__br_raw_20170825154345956_147_S600948_I895056.npy,1,0,0,0,0,,0,0,0,0,,0,0
/root/workspace/lxs/ADNI/npy/,ADNI_130_S_0289_MR_MP-RAGE__br_raw_20100512102647440_26_S84788_I173500.npy,0,1,0,1,0,0,0,0,0,0,,1,0
/root/workspace/lxs/ADNI/npy/,ADNI_018_S_0406_MR_MPRAGE_br_raw_20090710100510171_1_S69761_I148501.npy,0,1,0,1,0,0,0,0,0,0,,1,0
/root/workspace/lxs/ADNI/npy/,ADNI_027_S_6183_MR_Accelerated_Sagittal_IR-FSPGR__br_raw_20180201160649344_128_S655257_I959453.npy,1,0,0,0,0,,0,0,0,0,,0,0
/root/workspace/lxs/ADNI/npy/,ADNI_094_S_1314_MR_MP-RAGE__br_raw_20100322143413515_33_S81492_I168429.npy,0,1,0,1,0,0,0,0,0,0,,1,0
/root/workspace/lxs/ADNI/npy/,ADNI_029_S_0914_MR_MP-RAGE__br_raw_20100205123506439_4_S79808_I165872.npy,0,1,0,1,0,0,0,0,0,0,,1,0
/root/workspace/lxs/ADNI/npy/,ADNI_007_S_6323_MR_Accelerated_Sagittal_MPRAGE__br_raw_20180418112444100_54_S677652_I986872.npy,1,0,0,0,0,,0,0,0,0,,0,0
/root/workspace/lxs/ADNI/npy/,ADNI_033_S_0922_MR_MP-RAGE__br_raw_20091030125801186_3_S75730_I158043.npy,0,1,0,1,0,0,0,0,0,0,,1,0
/root/workspace/lxs/ADNI/npy/,ADNI_014_S_6145_MR_Accelerated_Sagittal_MPRAGE__br_raw_20171219174030142_169_S645977_I948081.npy,1,0,0,0,0,,0,0,0,0,,0,0
/root/workspace/lxs/ADNI/npy/,ADNI_098_S_2047_MR_Accelerated_Sag_IR-SPGR__br_raw_20100826163852140_117_S91294_I191489.npy,0,1,0,1,0,,0,0,0,0,,1,0
/root/workspace/lxs/ADNI/npy/,ADNI_130_S_6105_MR_Sagittal_3D_Accelerated_MPRAGE_br_raw_20171103110011389_128_S627832_I926577.npy,1,0,0,0,0,,0,0,0,0,,0,0
/root/workspace/lxs/ADNI/npy/,00000023_S_6535.npy,0,1,0,1,0,,0,0,0,0,,1,0
/root/workspace/lxs/ADNI/npy/,ADNI_029_S_0843_MR_MP-RAGE__br_raw_20091120165952123_71_S76699_I159681.npy,1,0,0,0,0,0,0,0,0,0,,0,0
/root/workspace/lxs/ADNI/npy/,ADNI_116_S_0649_MR_MP-RAGE__br_raw_20090814154126079_1_S72457_I153216.npy,0,1,0,1,0,0,0,0,0,0,,1,0
/root/workspace/lxs/ADNI/npy/,ADNI_023_S_6374_MR_Accelerated_Sagittal_MPRAGE__br_raw_20180525155032970_194_S689824_I1002815.npy,1,0,0,0,0,,0,0,0,0,,0,0
/root/workspace/lxs/ADNI/npy/,ADNI_099_S_2042_MR_MPRAGE_br_raw_20100818124926738_71_S90767_I190791.npy,0,1,0,1,0,,0,0,0,0,,1,0
/root/workspace/lxs/ADNI/npy/,ADNI_127_S_6024_MR_Accelerated_Sagittal_IR-FSPGR__br_raw_20171115144656499_45_S632099_I931614.npy,1,0,0,0,0,,0,0,0,0,,0,0
/root/workspace/lxs/ADNI/npy/,00000109_S_6376.npy,0,1,0,1,0,,0,0,0,0,,1,0
/root/workspace/lxs/ADNI/npy/,00000131_S_6143.npy,0,1,0,1,0,,0,0,0,0,,1,0
/root/workspace/lxs/ADNI/npy/,ADNI_041_S_6354_MR_Accelerated_Sagittal_MPRAGE__br_raw_20180529115407639_130_S690180_I1003294.npy,1,0,0,0,0,,0,0,0,0,,0,0
/root/workspace/lxs/ADNI/npy/,00000130_S_6047.npy,0,1,0,1,0,,0,0,0,0,,1,0
/root/workspace/lxs/ADNI/npy/,ADNI_114_S_0173_MR_MPRAGE_br_raw_20090311103317622_138_S64286_I138330.npy,1,0,0,0,0,0,0,0,0,0,,0,0
/root/workspace/lxs/ADNI/npy/,ADNI_053_S_0507_MR_MP-RAGE__br_raw_20090521121027812_3_S67536_I144312.npy,0,1,0,1,0,0,0,0,0,0,,1,0
/root/workspace/lxs/ADNI/npy/,ADNI_041_S_0262_MR_MPRAGE_br_raw_20100409094831908_70_S83134_I170756.npy,1,0,0,0,0,0,0,0,0,0,,0,0
/root/workspace/lxs/ADNI/npy/,ADNI_100_S_6273_MR_Sagittal_3D_Accelerated_MPRAGE_br_raw_20180412150007519_1_S676015_I984878.npy,1,0,0,0,0,,0,0,0,0,,0,0
/root/workspace/lxs/ADNI/npy/,ADNI_141_S_1378_MR_MPRAGE_br_raw_20080428152640208_98_S49400_I104130.npy,0,1,0,1,0,0,0,0,0,0,,1,0
/root/workspace/lxs/ADNI/npy/,ADNI_024_S_6472_MR_Accelerated_Sagittal_MPRAGE__br_raw_20180703134025672_73_S700935_I1016587.npy,1,0,0,0,0,,0,0,0,0,,0,0
/root/workspace/lxs/ADNI/npy/,ADNI_941_S_6454_MR_Accelerated_Sagittal_MPRAGE__br_raw_20180627120646481_101_S699034_I1014117.npy,1,0,0,0,0,,0,0,0,0,,0,0
/root/workspace/lxs/ADNI/npy/,ADNI_052_S_2249_MR_Accelerated_Sag_IR-SPGR__br_raw_20101215124002444_174_S96515_I208716.npy,0,1,0,1,0,,0,0,0,0,,1,0
/root/workspace/lxs/ADNI/npy/,ADNI_128_S_0715_MR_REPEAT_SAG_3D_MPRAGE_br_raw_20070802214054492_5_S36826_I64446.npy,0,1,0,1,0,0,0,0,0,0,,1,0
/root/workspace/lxs/ADNI/npy/,ADNI_041_S_6192_MR_Accelerated_Sagittal_MPRAGE__br_raw_20180202100848710_147_S655414_I959644.npy,1,0,0,0,0,,0,0,0,0,,0,0
/root/workspace/lxs/ADNI/npy/,ADNI_116_S_1315_MR_MP-RAGE__br_raw_20100401143828147_138_S82700_I170064.npy,0,1,0,1,0,0,0,0,0,0,,1,0
/root/workspace/lxs/ADNI/npy/,ADNI_131_S_6170_MR_Sagittal_3D_Accelerated_MPRAGE_br_raw_20180515082917242_23_S685474_I997517.npy,1,0,0,0,0,,0,0,0,0,,0,0
/root/workspace/lxs/ADNI/npy/,00000023_S_6356.npy,0,1,0,1,0,,0,0,0,0,,1,0
/root/workspace/lxs/ADNI/npy/,ADNI_073_S_0089_MR_MPRAGE_br_raw_20090203115955837_98_S62603_I135141.npy,1,0,0,0,0,0,0,0,0,0,,0,0
/root/workspace/lxs/ADNI/npy/,00000037_S_6083.npy,0,1,0,1,0,,0,0,0,0,,1,0
/root/workspace/lxs/ADNI/npy/,ADNI_168_S_6131_MR_Accelerated_Sagittal_MPRAGE__br_raw_20180108144803578_185_S648469_I951181.npy,1,0,0,0,0,,0,0,0,0,,0,0
/root/workspace/lxs/ADNI/npy/,ADNI_023_S_2068_MR_MPRAGE_br_raw_20100917160201937_52_S92230_I193007.npy,0,1,0,1,0,,0,0,0,0,,1,0
/root/workspace/lxs/ADNI/npy/,ADNI_003_S_6260_MR_Accelerated_Sagittal_MPRAGE__raw_20180522221050379_22_S688417_I1001084.npy,1,0,0,0,0,,0,0,0,0,,0,0
/root/workspace/lxs/ADNI/npy/,ADNI_027_S_0485_MR_MP-RAGE__br_raw_20071106155929847_1_S42310_I80992.npy,0,1,0,1,0,0,0,0,0,0,,1,0
/root/workspace/lxs/ADNI/npy/,ADNI_114_S_2392_MR_MPRAGE_br_raw_20110624141320765_85_S112488_I241614.npy,0,1,0,1,0,,0,0,0,0,,1,0
/root/workspace/lxs/ADNI/npy/,ADNI_041_S_0314_MR_MPRAGE_br_raw_20100520093221939_82_S85269_I174182.npy,0,1,0,1,0,0,0,0,0,0,,1,0
/root/workspace/lxs/ADNI/npy/,ADNI_133_S_0912_MR_MP-RAGE__br_raw_20081106150811656_3_S58409_I125423.npy,0,1,0,1,0,0,0,0,0,0,,1,0
/root/workspace/lxs/ADNI/npy/,ADNI_127_S_6330_MR_Accelerated_Sagittal_IR-FSPGR__br_raw_20180530100639926_132_S690617_I1003831.npy,1,0,0,0,0,,0,0,0,0,,0,0
/root/workspace/lxs/ADNI/npy/,ADNI_128_S_2045_MR_MPRAGE_br_raw_20100829132141071_42_S91366_I191601.npy,0,1,0,1,0,,0,0,0,0,,1,0
/root/workspace/lxs/ADNI/npy/,00000116_S_6428.npy,0,1,0,1,0,,0,0,0,0,,1,0
/root/workspace/lxs/ADNI/npy/,ADNI_024_S_6005_MR_Accelerated_Sagittal_MPRAGE__br_raw_20170313165704125_136_S544988_I828694.npy,1,0,0,0,0,,0,0,0,0,,0,0
/root/workspace/lxs/ADNI/npy/,ADNI_082_S_2099_MR_MPRAGE_br_raw_20100921121141132_27_S92304_I193109.npy,0,1,0,1,0,,0,0,0,0,,1,0
/root/workspace/lxs/ADNI/npy/,ADNI_099_S_6476_MR_Accelerated_Sag_IR-FSPGR___br_raw_20180727144416461_70_S710062_I1027856.npy,1,0,0,0,0,,0,0,0,0,,0,0
/root/workspace/lxs/ADNI/npy/,ADNI_005_S_0222_MR_MP-RAGE__br_raw_20080327144914333_3_S47599_I99685.npy,0,1,0,1,0,0,0,0,0,0,,1,0
/root/workspace/lxs/ADNI/npy/,ADNI_021_S_0337_MR_MP-RAGE__br_raw_20100505135304718_138_S84483_I173062.npy,1,0,0,0,0,0,0,0,0,0,,0,0
/root/workspace/lxs/ADNI/npy/,ADNI_037_S_0501_MR_MP-RAGE__br_raw_20090923162832610_86_S74159_I155643.npy,0,1,0,1,0,0,0,0,0,0,,1,0
/root/workspace/lxs/ADNI/npy/,ADNI_003_S_0908_MR_MPRAGE_br_raw_20091022213424890_60_S75440_I157593.npy,0,1,0,1,0,0,0,0,0,0,,1,0
/root/workspace/lxs/ADNI/npy/,ADNI_012_S_0637_MR_MPRAGE_AUTOSHIM_ON_br_raw_20090904155022203_1_S73344_I154499.npy,1,0,0,0,0,0,0,0,0,0,,0,0
/root/workspace/lxs/ADNI/npy/,ADNI_018_S_0087_MR_MPRAGE_ASO_br_raw_20070801133919016_86_S36727_I63688.npy,0,1,0,1,0,0,0,0,0,0,,1,0
/root/workspace/lxs/ADNI/npy/,ADNI_036_S_1023_MR_MPRAGE_br_raw_20100113131728362_1_S78290_I163447.npy,1,0,0,0,0,0,0,0,0,0,,0,0
/root/workspace/lxs/ADNI/npy/,ADNI_131_S_1301_MR_MP-RAGE__br_raw_20100302144322396_68_S80537_I167080.npy,1,0,0,0,0,0,0,0,0,0,,0,0
/root/workspace/lxs/ADNI/npy/,00000341_S_6686.npy,0,1,0,1,0,,0,0,0,0,,1,0
/root/workspace/lxs/ADNI/npy/,ADNI_005_S_6084_MR_Accelerated_Sagittal_IR-FSPGR__br_raw_20171006105407043_178_S618192_I915206.npy,1,0,0,0,0,,0,0,0,0,,0,0
/root/workspace/lxs/ADNI/npy/,ADNI_016_S_0702_MR_MPRAGE_br_raw_20090901091800527_153_S72946_I154002.npy,0,1,0,1,0,0,0,0,0,0,,1,0
/root/workspace/lxs/ADNI/npy/,ADNI_023_S_0855_MR_MPRAGE_br_raw_20080321131531968_1_S47315_I99179.npy,0,1,0,1,0,0,0,0,0,0,,1,0
/root/workspace/lxs/ADNI/npy/,ADNI_100_S_0015_MR_ADNI_new___MPRAGE__br_raw_20090429110603896_170_S66778_I142764.npy,1,0,0,0,0,0,0,0,0,0,,0,0
/root/workspace/lxs/ADNI/npy/,ADNI_036_S_0976_MR_MPRAGE_br_raw_20100204160334561_1_S79731_I165770.npy,0,1,0,1,0,0,0,0,0,0,,1,0
/root/workspace/lxs/ADNI/npy/,ADNI_073_S_0445_MR_MPRAGE_br_raw_20060620104230908_98_S15683_I17227.npy,0,1,0,1,0,0,0,0,0,0,,1,0
/root/workspace/lxs/ADNI/npy/,ADNI_130_S_6035_MR_Sagittal_3D_Accelerated_MPRAGE_br_raw_20171003170211592_167_S617391_I914208.npy,1,0,0,0,0,,0,0,0,0,,0,0
/root/workspace/lxs/ADNI/npy/,ADNI_014_S_0563_MR_MP-RAGE__br_raw_20090722090845869_35_S70380_I149949.npy,0,1,0,1,0,0,0,0,0,0,,1,0
/root/workspace/lxs/ADNI/npy/,ADNI_094_S_6269_MR_Accelerated_Sagittal_MPRAGE__br_raw_20180330130907487_78_S672071_I979935.npy,1,0,0,0,0,,0,0,0,0,,0,0
/root/workspace/lxs/ADNI/npy/,ADNI_023_S_1046_MR_MPRAGE_br_raw_20091105143406031_1_S75882_I158300.npy,0,1,0,1,0,0,0,0,0,0,,1,0
/root/workspace/lxs/ADNI/npy/,ADNI_099_S_0090_MR_MPRAGE_br_raw_20090127081626495_98_S62271_I134528.npy,1,0,0,0,0,0,0,0,0,0,,0,0
/root/workspace/lxs/ADNI/npy/,00000003_S_6258.npy,0,1,0,1,0,,0,0,0,0,,1,0
/root/workspace/lxs/ADNI/npy/,ADNI_067_S_6443_MR_Accelerated_Sagittal_MPRAGE__br_raw_20180618121151366_169_S696646_I1011216.npy,1,0,0,0,0,,0,0,0,0,,0,0
/root/workspace/lxs/ADNI/npy/,ADNI_133_S_0638_MR_Sag_MPRAGE_br_raw_20090918162211453_1_S73936_I155350.npy,0,1,0,1,0,0,0,0,0,0,,1,0
/root/workspace/lxs/ADNI/npy/,ADNI_082_S_6563_MR_Accelerated_Sagittal_MPRAGE__br_raw_20180924102628743_57_S729285_I1051051.npy,1,0,0,0,0,,0,0,0,0,,0,0
/root/workspace/lxs/ADNI/npy/,ADNI_136_S_0429_MR_MP-RAGE__br_raw_20090714145144120_1_S69984_I148977.npy,0,1,0,1,0,0,0,0,0,0,,1,0
/root/workspace/lxs/ADNI/npy/,ADNI_031_S_2022_MR_MPRAGE_br_raw_20100715143835351_140_S89098_I184533.npy,0,1,0,1,0,,0,0,0,0,,1,0
/root/workspace/lxs/ADNI/npy/,ADNI_114_S_0166_MR_MPRAGE_br_raw_20090311092315950_22_S64271_I138303.npy,1,0,0,0,0,0,0,0,0,0,,0,0
/root/workspace/lxs/ADNI/npy/,ADNI_014_S_6502_MR_Accelerated_Sagittal_MPRAGE__br_raw_20180817121119784_5_S718061_I1037417.npy,1,0,0,0,0,,0,0,0,0,,0,0
/root/workspace/lxs/ADNI/npy/,ADNI_057_S_1217_MR_MPRAGE_br_raw_20110328190038962_58_S102502_I225113.npy,0,1,0,1,0,0,0,0,0,0,,1,0
/root/workspace/lxs/ADNI/npy/,ADNI_033_S_6266_MR_Accelerated_Sagittal_MPRAGE__br_raw_20180309132258271_1_S665410_I971748.npy,1,0,0,0,0,,0,0,0,0,,0,0
/root/workspace/lxs/ADNI/npy/,ADNI_941_S_6384_MR_Accelerated_Sagittal_MPRAGE__br_raw_20180604114953815_78_S691655_I1005122.npy,1,0,0,0,0,,0,0,0,0,,0,0
/root/workspace/lxs/ADNI/npy/,ADNI_068_S_1075_MR_ADNI_SH____MPRAGE_ASO__br_raw_20080910143344138_85_S56350_I117730.npy,0,1,0,1,0,0,0,0,0,0,,1,0
/root/workspace/lxs/ADNI/npy/,ADNI_128_S_1088_MR_MPRAGE_br_raw_20091030131546984_103_S75755_I158075.npy,0,1,0,1,0,0,0,0,0,0,,1,0
/root/workspace/lxs/ADNI/npy/,ADNI_131_S_0319_MR_MP-RAGE__br_raw_20061020133306821_1_S20477_I26800.npy,1,0,0,0,0,0,0,0,0,0,,0,0
/root/workspace/lxs/ADNI/npy/,ADNI_057_S_0941_MR_MPRAGE_br_raw_20081023140806234_98_S57832_I123126.npy,0,1,0,1,0,0,0,0,0,0,,1,0
/root/workspace/lxs/ADNI/npy/,ADNI_052_S_1250_MR_MP-RAGE__br_raw_20100607114324889_98_S86978_I176995.npy,1,0,0,0,0,0,0,0,0,0,,0,0
/root/workspace/lxs/ADNI/npy/,ADNI_057_S_0839_MR_MPRAGE_br_raw_20091015100317229_80_S75181_I157161.npy,0,1,0,1,0,0,0,0,0,0,,1,0
/root/workspace/lxs/ADNI/npy/,ADNI_128_S_0522_MR_REPEAT_SAG_3D_MPRAGE_br_raw_20090806134206234_106_S72026_I152574.npy,1,0,0,0,0,0,0,0,0,0,,0,0
/root/workspace/lxs/ADNI/npy/,ADNI_032_S_2240_MR_MPRAGE_br_raw_20101216112423374_87_S96597_I208838.npy,0,1,0,1,0,,0,0,0,0,,1,0
/root/workspace/lxs/ADNI/npy/,00000070_S_6229.npy,0,1,0,1,0,,0,0,0,0,,1,0
/root/workspace/lxs/ADNI/npy/,ADNI_068_S_2193_MR_MPRAGE_br_raw_20101203113011319_101_S95762_I207426.npy,0,1,0,1,0,,0,0,0,0,,1,0
/root/workspace/lxs/ADNI/npy/,ADNI_129_S_6146_MR_Accelerated_Sag_IR-FSPGR___br_raw_20171219130910366_168_S645782_I947862.npy,1,0,0,0,0,,0,0,0,0,,0,0
/root/workspace/lxs/ADNI/npy/,ADNI_022_S_0924_MR_MPRAGE_Repeat__br_raw_20070529092910768_23_S32697_I55337.npy,0,1,0,1,0,0,0,0,0,0,,1,0
/root/workspace/lxs/ADNI/npy/,ADNI_135_S_6359_MR_Accelerated_Sag_IR-FSPGR___br_raw_20180510155735831_56_S684334_I996107.npy,1,0,0,0,0,,0,0,0,0,,0,0
/root/workspace/lxs/ADNI/npy/,ADNI_053_S_2396_MR_MPRAGE_br_raw_20110728121454125_4_S116651_I247535.npy,0,1,0,1,0,,0,0,0,0,,1,0
/root/workspace/lxs/ADNI/npy/,ADNI_033_S_6298_MR_Accelerated_Sagittal_MPRAGE__br_raw_20180412115919714_106_S675965_I984807.npy,1,0,0,0,0,,0,0,0,0,,0,0
/root/workspace/lxs/ADNI/npy/,ADNI_082_S_0641_MR_MPRAGE_SAG_br_raw_20060620142336161_98_S15699_I17259.npy,0,1,0,1,0,0,0,0,0,0,,1,0
/root/workspace/lxs/ADNI/npy/,ADNI_009_S_6212_MR_Accelerated_Sag_IR-FSPGR_br_raw_20180227103604016_26_S662644_I968465.npy,1,0,0,0,0,,0,0,0,0,,0,0
/root/workspace/lxs/ADNI/npy/,00000027_S_6370.npy,0,1,0,1,0,,0,0,0,0,,1,0
/root/workspace/lxs/ADNI/npy/,ADNI_016_S_0359_MR_MPRAGE_br_raw_20090622110555277_98_S69076_I146568.npy,1,0,0,0,0,0,0,0,0,0,,0,0
/root/workspace/lxs/ADNI/npy/,ADNI_033_S_0906_MR_MP-RAGE__br_raw_20091002155756458_3_S74386_I155983.npy,0,1,0,1,0,0,0,0,0,0,,1,0
/root/workspace/lxs/ADNI/npy/,ADNI_029_S_6505_MR_Accelerated_Sag_IR-FSPGR___br_raw_20181026114303745_177_S740206_I1064831.npy,1,0,0,0,0,,0,0,0,0,,0,0
/root/workspace/lxs/ADNI/npy/,ADNI_013_S_2389_MR_MPRAGE_br_raw_20110624150420867_166_S112355_I241411.npy,0,1,0,1,0,,0,0,0,0,,1,0
/root/workspace/lxs/ADNI/npy/,ADNI_023_S_0217_MR_MPRAGE_br_raw_20100312123317975_22_S81061_I167824.npy,0,1,0,1,0,0,0,0,0,0,,1,0
/root/workspace/lxs/ADNI/npy/,ADNI_137_S_0668_MR_MP-RAGE__br_raw_20090825094957033_1_S72706_I153625.npy,0,1,0,1,0,0,0,0,0,0,,1,0
/root/workspace/lxs/ADNI/npy/,ADNI_010_S_0067_MR_ASO-MPRAGE_br_raw_20080129115255805_155_S45044_I88825.npy,1,0,0,0,0,0,0,0,0,0,,0,0
/root/workspace/lxs/ADNI/npy/,ADNI_022_S_0544_MR_MPRAGE_Repeat__br_raw_20080514162635911_29_S50132_I105625.npy,0,1,0,1,0,0,0,0,0,0,,1,0
/root/workspace/lxs/ADNI/npy/,ADNI_168_S_6233_MR_Accelerated_Sagittal_MPRAGE__br_raw_20180226142908946_117_S662438_I968225.npy,1,0,0,0,0,,0,0,0,0,,0,0
/root/workspace/lxs/ADNI/npy/,ADNI_109_S_0876_MR_MPRAGE_br_raw_20060920205315571_1_S19132_I24763.npy,1,0,0,0,0,0,0,0,0,0,,0,0
/root/workspace/lxs/ADNI/npy/,ADNI_067_S_0045_MR_MPRAGE_br_raw_20060719155422588_98_S16967_I19190.npy,0,1,0,1,0,0,0,0,0,0,,1,0
/root/workspace/lxs/ADNI/npy/,ADNI_016_S_1028_MR_MPRAGE_br_raw_20081210131408487_98_S60736_I129967.npy,0,1,0,1,0,0,0,0,0,0,,1,0
/root/workspace/lxs/ADNI/npy/,ADNI_016_S_1138_MR_MPRAGE_br_raw_20070731154106006_47_S36688_I63269.npy,0,1,0,1,0,0,0,0,0,0,,1,0
/root/workspace/lxs/ADNI/npy/,ADNI_003_S_6257_MR_Accelerated_Sagittal_MPRAGE__br_raw_20180316104559281_109_S667501_I974338.npy,1,0,0,0,0,,0,0,0,0,,0,0
/root/workspace/lxs/ADNI/npy/,ADNI_116_S_1271_MR_MP-RAGE__br_raw_20100301123614628_176_S80509_I167045.npy,0,1,0,1,0,0,0,0,0,0,,1,0
/root/workspace/lxs/ADNI/npy/,ADNI_114_S_6113_MR_Accelerated_Sagittal_MPRAGE__br_raw_20180306083000447_111_S664010_I970020.npy,1,0,0,0,0,,0,0,0,0,,0,0
/root/workspace/lxs/ADNI/npy/,ADNI_057_S_1269_MR_MPRAGE_br_raw_20110328175718779_150_S102494_I225101.npy,0,1,0,1,0,0,0,0,0,0,,1,0
/root/workspace/lxs/ADNI/npy/,ADNI_002_S_0685_MR_MP-RAGE__br_raw_20090722002738871_1_S70360_I149924.npy,1,0,0,0,0,0,0,0,0,0,,0,0
/root/workspace/lxs/ADNI/npy/,00000941_S_6052.npy,0,1,0,1,0,,0,0,0,0,,1,0
/root/workspace/lxs/ADNI/npy/,ADNI_035_S_2074_MR_MPRAGE_br_raw_20101123103549001_86_S95156_I206273.npy,0,1,0,1,0,,0,0,0,0,,1,0
/root/workspace/lxs/ADNI/npy/,ADNI_168_S_6321_MR_Accelerated_Sagittal_MPRAGE__br_raw_20180504092744599_190_S682320_I992613.npy,1,0,0,0,0,,0,0,0,0,,0,0
/root/workspace/lxs/ADNI/npy/,00000036_S_6134.npy,0,1,0,1,0,,0,0,0,0,,1,0
/root/workspace/lxs/ADNI/npy/,ADNI_094_S_1330_MR_MP-RAGE__br_raw_20140707174342955_110_S224397_I434655.npy,0,1,0,1,0,0,0,0,0,0,,1,0
/root/workspace/lxs/ADNI/npy/,ADNI_094_S_6275_MR_Accelerated_Sagittal_MPRAGE__br_raw_20180418075015895_2_S677372_I986502.npy,1,0,0,0,0,,0,0,0,0,,0,0
/root/workspace/lxs/ADNI/npy/,ADNI_073_S_0746_MR_MPRAGE_br_raw_20100201184757082_89_S79603_I165598.npy,0,1,0,1,0,0,0,0,0,0,,1,0
/root/workspace/lxs/ADNI/npy/,ADNI_036_S_0748_MR_MPRAGE_br_raw_20080827143832756_1_S56005_I117115.npy,0,1,0,1,0,0,0,0,0,0,,1,0
/root/workspace/lxs/ADNI/npy/,ADNI_052_S_0989_MR_MP-RAGE__br_raw_20100222164034890_11_S80362_I166662.npy,0,1,0,1,0,0,0,0,0,0,,1,0
/root/workspace/lxs/ADNI/npy/,ADNI_128_S_0611_MR_REPEAT_SAG_3D_MPRAGE_br_raw_20140724143959832_108_S225829_I436691.npy,0,1,0,1,0,0,0,0,0,0,,1,0
/root/workspace/lxs/ADNI/npy/,ADNI_020_S_0899_MR_MPRAGE_br_raw_20091118125118234_160_S76597_I159479.npy,1,0,0,0,0,0,0,0,0,0,,0,0
/root/workspace/lxs/ADNI/npy/,ADNI_003_S_6259_MR_Accelerated_Sagittal_MPRAGE__br_raw_20180323234331389_68_S670001_I977365.npy,1,0,0,0,0,,0,0,0,0,,0,0
/root/workspace/lxs/ADNI/npy/,ADNI_116_S_0834_MR_MP-RAGE__br_raw_20091116094023707_101_S76467_I159287.npy,0,1,0,1,0,0,0,0,0,0,,1,0
/root/workspace/lxs/ADNI/npy/,ADNI_033_S_0567_MR_MP-RAGE__br_raw_20090616122851388_3_S68614_I145927.npy,0,1,0,1,0,0,0,0,0,0,,1,0
/root/workspace/lxs/ADNI/npy/,ADNI_305_S_6188_MR_Sagittal_3D_Accelerated_MPRAGE_br_raw_20180227164438538_1_S662746_I968581.npy,1,0,0,0,0,,0,0,0,0,,0,0
/root/workspace/lxs/ADNI/npy/,ADNI_016_S_1149_MR_MPRAGE_br_raw_20070319113444421_98_S28286_I45096.npy,0,1,0,1,0,0,0,0,0,0,,1,0
