path,filename,NC,MCI,DE,COG,AD,PD,FTD,VD,DLB,PDD,ADD,ALL,OTHER
/root/workspace/lxs/ADNI/npy/,00000033_S_0889.npy,0,0,1,2,1,0,,0,,0,1,2,
/root/workspace/lxs/ADNI/npy/,00000032_S_0400.npy,0,0,1,2,1,0,,0,,0,1,2,
/root/workspace/lxs/ADNI/npy/,00000033_S_1283.npy,0,0,1,2,1,0,,0,,0,1,2,
/root/workspace/lxs/ADNI/npy/,00000141_S_0790.npy,0,0,1,2,1,0,,0,,0,1,2,
/root/workspace/lxs/ADNI/npy/,00000127_S_0754.npy,0,0,1,2,1,0,,0,,0,1,2,
/root/workspace/lxs/ADNI/npy/,00000137_S_0438.npy,0,0,1,2,1,0,,0,,0,1,2,
/root/workspace/lxs/ADNI/npy/,00000013_S_0996.npy,0,0,1,2,1,0,,0,,0,1,2,
/root/workspace/lxs/ADNI/npy/,ADNI_037_S_6377_MR_Accelerated_Sagittal_MPRAGE__br_raw_20180706142306729_62_S701869_I1017725.npy,0,0,1,2,1,,,,,,1,2,
/root/workspace/lxs/ADNI/npy/,00000036_S_0577.npy,0,0,1,2,1,0,,0,,0,1,2,
/root/workspace/lxs/ADNI/npy/,00000127_S_0844.npy,0,0,1,2,1,0,,0,,0,1,2,
/root/workspace/lxs/ADNI/npy/,00000057_S_0474.npy,0,0,1,2,1,0,,0,,0,1,2,
/root/workspace/lxs/ADNI/npy/,00000057_S_1371.npy,0,0,1,2,1,0,,0,,0,1,2,
/root/workspace/lxs/ADNI/npy/,00000123_S_0091.npy,0,0,1,2,1,0,,0,,0,1,2,
/root/workspace/lxs/ADNI/npy/,ADNI_023_S_0078_MR_MPRAGE_br_raw_20070724123053465_1_S36266_I61968.npy,0,0,1,2,1,0,,0,,0,1,2,
/root/workspace/lxs/ADNI/npy/,00000002_S_0955.npy,0,0,1,2,1,0,,0,,0,1,2,
/root/workspace/lxs/ADNI/npy/,00000024_S_1307.npy,0,0,1,2,1,0,,0,,0,1,2,
/root/workspace/lxs/ADNI/npy/,00000022_S_0129.npy,0,0,1,2,1,0,,0,,0,1,2,
/root/workspace/lxs/ADNI/npy/,00000062_S_0730.npy,0,0,1,2,1,0,,0,,0,1,2,
/root/workspace/lxs/ADNI/npy/,00000018_S_0633.npy,0,0,1,2,1,0,,0,,0,1,2,
/root/workspace/lxs/ADNI/npy/,00000041_S_1391.npy,0,0,1,2,1,0,,0,,0,1,2,
/root/workspace/lxs/ADNI/npy/,00000027_S_1385.npy,0,0,1,2,1,0,,0,,0,1,2,
/root/workspace/lxs/ADNI/npy/,00000136_S_0194.npy,0,0,1,2,1,0,,0,,0,1,2,
/root/workspace/lxs/ADNI/npy/,00000023_S_0093.npy,0,0,1,2,1,0,,0,,0,1,2,
/root/workspace/lxs/ADNI/npy/,00000123_S_0094.npy,0,0,1,2,1,0,,0,,0,1,2,
/root/workspace/lxs/ADNI/npy/,00000137_S_1041.npy,0,0,1,2,1,0,,0,,0,1,2,
/root/workspace/lxs/ADNI/npy/,00000013_S_0699.npy,0,0,1,2,1,0,,0,,0,1,2,
/root/workspace/lxs/ADNI/npy/,00000014_S_0356.npy,0,0,1,2,1,0,,0,,0,1,2,
/root/workspace/lxs/ADNI/npy/,ADNI_003_S_6264_MR_Accelerated_Sagittal_MPRAGE__raw_20180605145019152_25_S692116_I1005735.npy,0,0,1,2,1,,,,,,1,2,
/root/workspace/lxs/ADNI/npy/,00000029_S_0836.npy,0,0,1,2,1,0,,0,,0,1,2,
/root/workspace/lxs/ADNI/npy/,00000023_S_1262.npy,0,0,1,2,1,0,,0,,0,1,2,
/root/workspace/lxs/ADNI/npy/,00000021_S_0642.npy,0,0,1,2,1,0,,0,,0,1,2,
/root/workspace/lxs/ADNI/npy/,00000133_S_1170.npy,0,0,1,2,1,0,,0,,0,1,2,
/root/workspace/lxs/ADNI/npy/,00000011_S_0053.npy,0,0,1,2,1,0,,0,,0,1,2,
/root/workspace/lxs/ADNI/npy/,00000013_S_1205.npy,0,0,1,2,1,0,,0,,0,1,2,
/root/workspace/lxs/ADNI/npy/,00000007_S_1248.npy,0,0,1,2,1,0,,0,,0,1,2,
/root/workspace/lxs/ADNI/npy/,00000027_S_1082.npy,0,0,1,2,1,0,,0,,0,1,2,
/root/workspace/lxs/ADNI/npy/,00000094_S_1164.npy,0,0,1,2,1,0,,0,,0,1,2,
/root/workspace/lxs/ADNI/npy/,ADNI_027_S_6648_MR_Accelerated_Sagittal_IR-FSPGR__br_raw_20190102215738079_82_S777830_I1108061.npy,0,0,1,2,1,,,,,,1,2,
/root/workspace/lxs/ADNI/npy/,00000136_S_0300.npy,0,0,1,2,1,0,,0,,0,1,2,
/root/workspace/lxs/ADNI/npy/,00000067_S_0812.npy,0,0,1,2,1,0,,0,,0,1,2,
/root/workspace/lxs/ADNI/npy/,ADNI_127_S_6433_MR_Accelerated_Sagittal_IR-FSPGR__br_raw_20180801163846194_134_S711667_I1029798.npy,0,0,1,2,1,,,,,,1,2,
/root/workspace/lxs/ADNI/npy/,00000137_S_0366.npy,0,0,1,2,1,0,,0,,0,1,2,
/root/workspace/lxs/ADNI/npy/,00000007_S_0316.npy,0,0,1,2,1,0,,0,,0,1,2,
/root/workspace/lxs/ADNI/npy/,ADNI_100_S_0296_MR_ASO-MPRAGE_br_raw_20090522140639280_1_S67603_I144432.npy,0,1,0,1,0,0,0,0,0,0,,1,0
/root/workspace/lxs/ADNI/npy/,ADNI_094_S_0526_MR_MP-RAGE__br_raw_20090626150111355_1_S69250_I146828.npy,1,0,0,0,0,0,0,0,0,0,,0,0
/root/workspace/lxs/ADNI/npy/,ADNI_141_S_2210_MR_MPRAGE_br_raw_20110117092826589_162_S97644_I212301.npy,0,1,0,1,0,,0,0,0,0,,1,0
/root/workspace/lxs/ADNI/npy/,ADNI_035_S_6195_MR_Accelerated_Sagittal_MPRAGE__br_raw_20180208082447527_71_S656970_I961497.npy,1,0,0,0,0,,0,0,0,0,,0,0
/root/workspace/lxs/ADNI/npy/,00000130_S_6611.npy,0,1,0,1,0,,0,0,0,0,,1,0
/root/workspace/lxs/ADNI/npy/,ADNI_094_S_6417_MR_Accelerated_Sagittal_MPRAGE__br_raw_20180626091746294_7_S698530_I1013527.npy,1,0,0,0,0,,0,0,0,0,,0,0
/root/workspace/lxs/ADNI/npy/,ADNI_094_S_0711_MR_MP-RAGE__br_raw_20090828142342012_2_S72888_I153913.npy,1,0,0,0,0,0,0,0,0,0,,0,0
/root/workspace/lxs/ADNI/npy/,ADNI_011_S_1080_MR_MPRAGE_br_raw_20091211142341869_1_S77189_I160789.npy,0,1,0,1,0,0,0,0,0,0,,1,0
/root/workspace/lxs/ADNI/npy/,ADNI_941_S_6094_MR_Accelerated_Sagittal_MPRAGE__br_raw_20171024091028349_67_S623901_I921879.npy,1,0,0,0,0,,0,0,0,0,,0,0
/root/workspace/lxs/ADNI/npy/,00000003_S_6432.npy,0,1,0,1,0,,0,0,0,0,,1,0
/root/workspace/lxs/ADNI/npy/,ADNI_037_S_6187_MR_Accelerated_Sagittal_MPRAGE__br_raw_20180314161527123_1_S666905_I973541.npy,1,0,0,0,0,,0,0,0,0,,0,0
/root/workspace/lxs/ADNI/npy/,ADNI_073_S_2182_MR_MPRAGE_br_raw_20101202150058007_127_S95717_I207366.npy,0,1,0,1,0,,0,0,0,0,,1,0
/root/workspace/lxs/ADNI/npy/,ADNI_099_S_6396_MR_Accelerated_Sag_IR-FSPGR___br_raw_20180606063958083_137_S692311_I1006005.npy,1,0,0,0,0,,0,0,0,0,,0,0
/root/workspace/lxs/ADNI/npy/,ADNI_027_S_0179_MR_MP-RAGE__br_raw_20090310142532769_1_S64193_I138175.npy,0,1,0,1,0,0,0,0,0,0,,1,0
/root/workspace/lxs/ADNI/npy/,ADNI_033_S_1116_MR_MP-RAGE__br_raw_20080624150814726_3_S52062_I110516.npy,0,1,0,1,0,0,0,0,0,0,,1,0
/root/workspace/lxs/ADNI/npy/,ADNI_168_S_6051_MR_Accelerated_Sagittal_MPRAGE__br_raw_20170717143147015_47_S583955_I874879.npy,1,0,0,0,0,,0,0,0,0,,0,0
/root/workspace/lxs/ADNI/npy/,ADNI_041_S_1411_MR_MPRAGE_br_raw_20070717090012320_97_S35102_I60274.npy,0,1,0,1,0,0,0,0,0,0,,1,0
/root/workspace/lxs/ADNI/npy/,ADNI_009_S_6163_MR_Accelerated_Sag_IR-FSPGR_br_raw_20180214122333476_163_S658886_I963779.npy,1,0,0,0,0,,0,0,0,0,,0,0
/root/workspace/lxs/ADNI/npy/,ADNI_141_S_0767_MR_MPRAGE_br_raw_20081007143046174_98_S57038_I119448.npy,1,0,0,0,0,0,0,0,0,0,,0,0
/root/workspace/lxs/ADNI/npy/,ADNI_033_S_0741_MR_MP-RAGE__br_raw_20100805145235391_105_S90102_I189587.npy,1,0,0,0,0,0,0,0,0,0,,0,0
/root/workspace/lxs/ADNI/npy/,ADNI_036_S_0673_MR_MPRAGE_br_raw_20090819190339829_1_S72572_I153398.npy,0,1,0,1,0,0,0,0,0,0,,1,0
/root/workspace/lxs/ADNI/npy/,ADNI_041_S_6314_MR_Accelerated_Sagittal_MPRAGE__br_raw_20180424162042951_175_S679478_I989129.npy,1,0,0,0,0,,0,0,0,0,,0,0
/root/workspace/lxs/ADNI/npy/,00000007_S_6421.npy,0,1,0,1,0,,0,0,0,0,,1,0
/root/workspace/lxs/ADNI/npy/,ADNI_127_S_0622_MR_MP-RAGE__br_raw_20090701172811765_1_S69345_I147629.npy,1,0,0,0,0,0,0,0,0,0,,0,0
/root/workspace/lxs/ADNI/npy/,ADNI_141_S_1255_MR_MPRAGE_br_raw_20110117121056908_118_S97660_I212324.npy,0,1,0,1,0,0,0,0,0,0,,1,0
/root/workspace/lxs/ADNI/npy/,ADNI_037_S_6204_MR_Accelerated_Sagittal_MPRAGE__br_raw_20180309150302002_2_S665435_I971779.npy,1,0,0,0,0,,0,0,0,0,,0,0
/root/workspace/lxs/ADNI/npy/,ADNI_033_S_0923_MR_MP-RAGE__br_raw_20091030130921014_3_S75736_I158052.npy,1,0,0,0,0,0,0,0,0,0,,0,0
/root/workspace/lxs/ADNI/npy/,ADNI_051_S_1331_MR_MPRAGE_br_raw_20090713145012988_98_S69898_I148775.npy,0,1,0,1,0,0,0,0,0,0,,1,0
/root/workspace/lxs/ADNI/npy/,ADNI_177_S_6448_MR_Sagittal_3D_Accelerated_MPRAGE_br_raw_20180709150804578_46_S702538_I1018523.npy,1,0,0,0,0,,0,0,0,0,,0,0
/root/workspace/lxs/ADNI/npy/,ADNI_005_S_0546_MR_MP-RAGE__br_raw_20090903135443968_3_S73049_I154173.npy,0,1,0,1,0,0,0,0,0,0,,1,0
/root/workspace/lxs/ADNI/npy/,ADNI_133_S_0525_MR_MP-RAGE__br_raw_20090701135740453_3_S69319_I147375.npy,1,0,0,0,0,0,0,0,0,0,,0,0
/root/workspace/lxs/ADNI/npy/,ADNI_036_S_1240_MR_MPRAGE_br_raw_20090305134327279_1_S63957_I137760.npy,0,1,0,1,0,0,0,0,0,0,,1,0
/root/workspace/lxs/ADNI/npy/,ADNI_082_S_0304_MR_MPRAGE_br_raw_20080423112834794_98_S49157_I103594.npy,1,0,0,0,0,0,0,0,0,0,,0,0
/root/workspace/lxs/ADNI/npy/,ADNI_137_S_1426_MR_MP-RAGE__br_raw_20081031083524512_1_S58136_I124659.npy,0,1,0,1,0,0,0,0,0,0,,1,0
/root/workspace/lxs/ADNI/npy/,00000037_S_6222.npy,0,1,0,1,0,,0,0,0,0,,1,0
/root/workspace/lxs/ADNI/npy/,ADNI_941_S_1195_MR_MPRAGE_br_raw_20100303110637202_36_S80556_I167111.npy,1,0,0,0,0,0,0,0,0,0,,0,0
/root/workspace/lxs/ADNI/npy/,ADNI_114_S_0416_MR_MPRAGE_br_raw_20090804200918281_98_S71817_I152300.npy,1,0,0,0,0,0,0,0,0,0,,0,0
/root/workspace/lxs/ADNI/npy/,ADNI_141_S_0697_MR_MPRAGE_br_raw_20080515084053327_101_S50167_I105662.npy,0,1,0,1,0,0,0,0,0,0,,1,0
/root/workspace/lxs/ADNI/npy/,ADNI_109_S_1183_MR_MPRAGE_br_raw_20090408132019640_1_S65816_I141007.npy,0,1,0,1,0,0,0,0,0,0,,1,0
/root/workspace/lxs/ADNI/npy/,ADNI_035_S_0555_MR_MPRAGE_br_raw_20100129153953550_100_S79574_I165551.npy,1,0,0,0,0,0,0,0,0,0,,0,0
/root/workspace/lxs/ADNI/npy/,ADNI_099_S_2146_MR_MPRAGE_br_raw_20101109075036275_142_S94454_I203622.npy,0,1,0,1,0,,0,0,0,0,,1,0
/root/workspace/lxs/ADNI/npy/,ADNI_067_S_6117_MR_Accelerated_Sagittal_MPRAGE__br_raw_20171121150945949_153_S635418_I935436.npy,1,0,0,0,0,,0,0,0,0,,0,0
/root/workspace/lxs/ADNI/npy/,ADNI_051_S_1338_MR_MPRAGE_br_raw_20070426155842741_95_S30843_I51377.npy,0,1,0,1,0,0,0,0,0,0,,1,0
/root/workspace/lxs/ADNI/npy/,ADNI_136_S_0196_MR_MP-RAGE__br_raw_20090428174227572_1_S66746_I142725.npy,1,0,0,0,0,0,0,0,0,0,,0,0
/root/workspace/lxs/ADNI/npy/,ADNI_057_S_0934_MR_MPRAGE_br_raw_20091104150840328_63_S75850_I158244.npy,1,0,0,0,0,0,0,0,0,0,,0,0
/root/workspace/lxs/ADNI/npy/,00000135_S_6586.npy,0,1,0,1,0,,0,0,0,0,,1,0
/root/workspace/lxs/ADNI/npy/,ADNI_002_S_0729_MR_MP-RAGE__br_raw_20090813233511639_1_S72361_I153068.npy,0,1,0,1,0,0,0,0,0,0,,1,0
/root/workspace/lxs/ADNI/npy/,ADNI_035_S_6488_MR_Accelerated_Sagittal_MPRAGE__br_raw_20200831121755734_66_S703137_I1019265.npy,1,0,0,0,0,,0,0,0,0,,0,0
/root/workspace/lxs/ADNI/npy/,ADNI_041_S_1418_MR_MPRAGE_br_raw_20100820103421021_14_S90916_I190995.npy,0,1,0,1,0,0,0,0,0,0,,1,0
/root/workspace/lxs/ADNI/npy/,ADNI_002_S_6456_MR_Accelerated_Sagittal_MPRAGE__br_raw_20180706121640876_171_S701947_I1017836.npy,1,0,0,0,0,,0,0,0,0,,0,0
/root/workspace/lxs/ADNI/npy/,00000153_S_6274.npy,0,1,0,1,0,,0,0,0,0,,1,0
/root/workspace/lxs/ADNI/npy/,ADNI_168_S_6064_MR_Accelerated_Sagittal_MPRAGE__br_raw_20170901113243959_108_S604347_I899030.npy,1,0,0,0,0,,0,0,0,0,,0,0
/root/workspace/lxs/ADNI/npy/,ADNI_031_S_0867_MR_MPRAGE_ASO_br_raw_20090922162201035_1_S74035_I155481.npy,0,1,0,1,0,0,0,0,0,0,,1,0
/root/workspace/lxs/ADNI/npy/,ADNI_082_S_6564_MR_Accelerated_Sagittal_MPRAGE__br_raw_20180918152734758_146_S727835_I1049350.npy,1,0,0,0,0,,0,0,0,0,,0,0
/root/workspace/lxs/ADNI/npy/,ADNI_136_S_1227_MR_MP-RAGE__br_raw_20100323144313927_155_S81549_I168506.npy,0,1,0,1,0,0,0,0,0,0,,1,0
/root/workspace/lxs/ADNI/npy/,ADNI_135_S_6411_MR_Accelerated_Sag_IR-FSPGR___br_raw_20180604134236674_108_S691836_I1005341.npy,1,0,0,0,0,,0,0,0,0,,0,0
/root/workspace/lxs/ADNI/npy/,ADNI_006_S_0731_MR_MP-RAGE__br_raw_20080926145548406_1_S56764_I118483.npy,1,0,0,0,0,0,0,0,0,0,,0,0
/root/workspace/lxs/ADNI/npy/,ADNI_024_S_1400_MR_MP-RAGE__br_raw_20071126131631877_1_S42991_I83251.npy,0,1,0,1,0,0,0,0,0,0,,1,0
/root/workspace/lxs/ADNI/npy/,ADNI_123_S_0050_MR_ADNI_______MPRAGE_ASO__br_raw_20090309163604574_1_S64153_I138082.npy,0,1,0,1,0,0,0,0,0,0,,1,0
/root/workspace/lxs/ADNI/npy/,ADNI_141_S_1244_MR_MPRAGE_br_raw_20070910140533574_98_S39057_I72090.npy,0,1,0,1,0,0,0,0,0,0,,1,0
/root/workspace/lxs/ADNI/npy/,ADNI_114_S_6063_MR_Accelerated_Sagittal_MPRAGE__br_raw_20171129155054389_113_S639225_I939884.npy,1,0,0,0,0,,0,0,0,0,,0,0
/root/workspace/lxs/ADNI/npy/,ADNI_027_S_2219_MR_Accelerated_SAG_IR-SPGR__br_raw_20101207162736579_164_S96030_I207835.npy,0,1,0,1,0,,0,0,0,0,,1,0
/root/workspace/lxs/ADNI/npy/,ADNI_023_S_0613_MR_MPRAGE_br_raw_20060725115106015_1_S17197_I19553.npy,0,1,0,1,0,0,0,0,0,0,,1,0
/root/workspace/lxs/ADNI/npy/,ADNI_022_S_0066_MR_MPRAGE_Repeat__br_raw_20090406165416544_138_S65623_I140618.npy,1,0,0,0,0,0,0,0,0,0,,0,0
/root/workspace/lxs/ADNI/npy/,ADNI_067_S_0077_MR_MPRAGE_br_raw_20080624163951740_98_S52073_I110535.npy,0,1,0,1,0,0,0,0,0,0,,1,0
/root/workspace/lxs/ADNI/npy/,ADNI_067_S_0019_MR_MPRAGE_br_raw_20081208164421164_63_S60632_I129564.npy,1,0,0,0,0,0,0,0,0,0,,0,0
/root/workspace/lxs/ADNI/npy/,ADNI_121_S_1322_MR_ASO-MPRAGE_br_raw_20080410111313934_1_S48586_I101901.npy,0,1,0,1,0,0,0,0,0,0,,1,0
/root/workspace/lxs/ADNI/npy/,ADNI_067_S_2195_MR_MPRAGE_br_raw_20101119094437484_110_S95056_I205877.npy,0,1,0,1,0,,0,0,0,0,,1,0
/root/workspace/lxs/ADNI/npy/,ADNI_035_S_6722_MR_Accelerated_Sagittal_MPRAGE__br_raw_20190426144645123_162_S819125_I1159023.npy,1,0,0,0,0,,0,0,0,0,,0,0
/root/workspace/lxs/ADNI/npy/,ADNI_024_S_2239_MR_MPRAGE_br_raw_20101203151547889_49_S95824_I207520.npy,0,1,0,1,0,,0,0,0,0,,1,0
/root/workspace/lxs/ADNI/npy/,ADNI_020_S_6513_MR_Accelerated_Sagittal_MPRAGE__br_raw_20180801134516870_91_S711472_I1029584.npy,1,0,0,0,0,,0,0,0,0,,0,0
/root/workspace/lxs/ADNI/npy/,ADNI_127_S_0397_MR_MP-RAGE__br_raw_20061207184154876_1_S23564_I32084.npy,0,1,0,1,0,0,0,0,0,0,,1,0
/root/workspace/lxs/ADNI/npy/,ADNI_072_S_2164_MR_MPRAGE_br_raw_20101102143215596_116_S94037_I201268.npy,0,1,0,1,0,,0,0,0,0,,1,0
/root/workspace/lxs/ADNI/npy/,ADNI_041_S_6447_MR_Accelerated_Sagittal_MPRAGE__br_raw_20180912155227554_149_S726646_I1047860.npy,1,0,0,0,0,,0,0,0,0,,0,0
/root/workspace/lxs/ADNI/npy/,ADNI_052_S_1168_MR_MP-RAGE__br_raw_20081201152743870_158_S60364_I128762.npy,0,1,0,1,0,0,0,0,0,0,,1,0
/root/workspace/lxs/ADNI/npy/,ADNI_022_S_0004_MR_MPRAGE_Repeat__br_raw_20081210152756067_138_S60764_I130027.npy,0,1,0,1,0,0,0,0,0,0,,1,0
/root/workspace/lxs/ADNI/npy/,ADNI_098_S_0171_MR_MP-RAGE__br_raw_20100222131640851_79_S80357_I166653.npy,1,0,0,0,0,0,0,0,0,0,,0,0
/root/workspace/lxs/ADNI/npy/,ADNI_133_S_0913_MR_MP-RAGE__br_raw_20080731085333203_3_S54543_I114933.npy,0,1,0,1,0,0,0,0,0,0,,1,0
/root/workspace/lxs/ADNI/npy/,ADNI_022_S_0750_MR_MPRAGE_Repeat__br_raw_20080829165950857_23_S56105_I117292.npy,0,1,0,1,0,0,0,0,0,0,,1,0
/root/workspace/lxs/ADNI/npy/,ADNI_941_S_6575_MR_Accelerated_Sagittal_MPRAGE__br_raw_20180907105401245_125_S725107_I1045984.npy,1,0,0,0,0,,0,0,0,0,,0,0
/root/workspace/lxs/ADNI/npy/,ADNI_068_S_0802_MR_ADNI_SH____MPRAGE_ASO__br_raw_20081219144631785_9_S61055_I132062.npy,0,1,0,1,0,0,0,0,0,0,,1,0
/root/workspace/lxs/ADNI/npy/,ADNI_094_S_1267_MR_MP-RAGE__br_raw_20100319104800803_113_S81371_I168281.npy,1,0,0,0,0,0,0,0,0,0,,0,0
/root/workspace/lxs/ADNI/npy/,ADNI_011_S_0362_MR_MPRAGE_br_raw_20100603100609644_31_S86779_I176623.npy,0,1,0,1,0,0,0,0,0,0,,1,0
/root/workspace/lxs/ADNI/npy/,ADNI_011_S_2274_MR_MPRAGE_br_raw_20110204092059559_173_S98923_I215813.npy,0,1,0,1,0,,0,0,0,0,,1,0
/root/workspace/lxs/ADNI/npy/,ADNI_168_S_6062_MR_Accelerated_Sagittal_MPRAGE__br_raw_20170821115315474_159_S598972_I892771.npy,1,0,0,0,0,,0,0,0,0,,0,0
/root/workspace/lxs/ADNI/npy/,ADNI_018_S_0155_MR_MPRAGE_br_raw_20090323120742442_98_S64906_I139592.npy,0,1,0,1,0,0,0,0,0,0,,1,0
/root/workspace/lxs/ADNI/npy/,ADNI_126_S_0680_MR_MP-RAGE__br_raw_20100722091404385_56_S89368_I185557.npy,1,0,0,0,0,0,0,0,0,0,,0,0
/root/workspace/lxs/ADNI/npy/,ADNI_128_S_2002_MR_MPRAGE_br_raw_20100702143818936_167_S87502_I179549.npy,0,1,0,1,0,,0,0,0,0,,1,0
/root/workspace/lxs/ADNI/npy/,ADNI_007_S_2394_MR_Accelerated_SAG_IR-SPGR__br_raw_20110707151358041_167_S113964_I243788.npy,0,1,0,1,0,,0,0,0,0,,1,0
/root/workspace/lxs/ADNI/npy/,ADNI_002_S_6103_MR_Accelerated_Sagittal_MPRAGE__br_raw_20171128103506080_137_S638316_I938767.npy,1,0,0,0,0,,0,0,0,0,,0,0
/root/workspace/lxs/ADNI/npy/,ADNI_023_S_0331_MR_MPRAGE_br_raw_20100505124137706_80_S84476_I173051.npy,0,1,0,1,0,0,0,0,0,0,,1,0
/root/workspace/lxs/ADNI/npy/,ADNI_168_S_6350_MR_Accelerated_Sagittal_MPRAGE__br_raw_20180515090848544_7_S685484_I997533.npy,1,0,0,0,0,,0,0,0,0,,0,0
/root/workspace/lxs/ADNI/npy/,ADNI_002_S_1268_MR_MP-RAGE__br_raw_20100305045731091_140_S80685_I167297.npy,0,1,0,1,0,0,0,0,0,0,,1,0
/root/workspace/lxs/ADNI/npy/,ADNI_073_S_2225_MR_MPRAGE_br_raw_20110127150202440_30_S98428_I214761.npy,0,1,0,1,0,,0,0,0,0,,1,0
/root/workspace/lxs/ADNI/npy/,ADNI_127_S_0684_MR_MP-RAGE__br_raw_20070820143803967_1_S37892_I69267.npy,1,0,0,0,0,0,0,0,0,0,,0,0
/root/workspace/lxs/ADNI/npy/,ADNI_002_S_0782_MR_MP-RAGE__br_raw_20090904154801461_1_S73356_I154520.npy,0,1,0,1,0,0,0,0,0,0,,1,0
/root/workspace/lxs/ADNI/npy/,ADNI_018_S_0043_MR_MPRAGE_br_raw_20100223150511841_90_S80391_I166710.npy,1,0,0,0,0,0,0,0,0,0,,0,0
/root/workspace/lxs/ADNI/npy/,ADNI_068_S_0478_MR_ADNI_______MPRAGE__br_raw_20080708170158945_170_S53140_I112794.npy,0,1,0,1,0,0,0,0,0,0,,1,0
/root/workspace/lxs/ADNI/npy/,ADNI_941_S_1203_MR_MPRAGE_br_raw_20100419102307293_43_S83451_I171270.npy,1,0,0,0,0,0,0,0,0,0,,0,0
/root/workspace/lxs/ADNI/npy/,ADNI_016_S_1117_MR_MPRAGE_br_raw_20090122115148944_98_S62093_I134258.npy,0,1,0,1,0,0,0,0,0,0,,1,0
/root/workspace/lxs/ADNI/npy/,ADNI_016_S_2007_MR_Accelerated_SAG_IR-SPGR__br_raw_20100624131911280_36_S88072_I180258.npy,0,1,0,1,0,,0,0,0,0,,1,0
/root/workspace/lxs/ADNI/npy/,ADNI_168_S_6371_MR_Accelerated_Sagittal_MPRAGE__br_raw_20180516163012313_126_S686251_I998432.npy,1,0,0,0,0,,0,0,0,0,,0,0
/root/workspace/lxs/ADNI/npy/,00000023_S_6334.npy,0,1,0,1,0,,0,0,0,0,,1,0
/root/workspace/lxs/ADNI/npy/,ADNI_032_S_6294_MR_Accelerated_Sagittal_MPRAGE__br_raw_20180503123829919_37_S681993_I992208.npy,1,0,0,0,0,,0,0,0,0,,0,0
/root/workspace/lxs/ADNI/npy/,ADNI_052_S_1054_MR_MP-RAGE__br_raw_20081208101905562_27_S60596_I129488.npy,0,1,0,1,0,0,0,0,0,0,,1,0
/root/workspace/lxs/ADNI/npy/,ADNI_033_S_1016_MR_MP-RAGE__br_raw_20091204131536703_3_S76928_I160288.npy,1,0,0,0,0,0,0,0,0,0,,0,0
/root/workspace/lxs/ADNI/npy/,ADNI_018_S_0103_MR_MPRAGE_br_raw_20060809084815807_69_S17663_I20279.npy,0,1,0,1,0,0,0,0,0,0,,1,0
/root/workspace/lxs/ADNI/npy/,ADNI_141_S_0810_MR_MPRAGE_br_raw_20090708150909661_101_S69678_I148319.npy,1,0,0,0,0,0,0,0,0,0,,0,0
/root/workspace/lxs/ADNI/npy/,ADNI_013_S_0860_MR_MPRAGE_br_raw_20070926152727660_98_S40056_I75383.npy,0,1,0,1,0,0,0,0,0,0,,1,0
/root/workspace/lxs/ADNI/npy/,ADNI_006_S_1130_MR_MP-RAGE__br_raw_20100114092247484_166_S78351_I163530.npy,0,1,0,1,0,0,0,0,0,0,,1,0
/root/workspace/lxs/ADNI/npy/,ADNI_177_S_6335_MR_Sagittal_3D_Accelerated_MPRAGE_br_raw_20180509145520966_35_S683880_I995457.npy,1,0,0,0,0,,0,0,0,0,,0,0
/root/workspace/lxs/ADNI/npy/,ADNI_023_S_0042_MR_MPRAGE_br_raw_20100318123521726_128_S81237_I168064.npy,0,1,0,1,0,0,0,0,0,0,,1,0
/root/workspace/lxs/ADNI/npy/,ADNI_007_S_0070_MR_MP-RAGE__br_raw_20070319160117658_72_S28289_I45146.npy,1,0,0,0,0,0,0,0,0,0,,0,0
/root/workspace/lxs/ADNI/npy/,ADNI_114_S_0410_MR_MPRAGE_br_raw_20071102165911464_98_S42230_I80580.npy,0,1,0,1,0,0,0,0,0,0,,1,0
/root/workspace/lxs/ADNI/npy/,ADNI_068_S_0127_MR_ADNI_SH____MPRAGE_ASO__br_raw_20100420155603184_92_S83504_I171425.npy,1,0,0,0,0,0,0,0,0,0,,0,0
/root/workspace/lxs/ADNI/npy/,ADNI_100_S_0930_MR_ASO-MPRAGE_br_raw_20090322174344307_6_S64870_I139546.npy,0,1,0,1,0,0,0,0,0,0,,1,0
/root/workspace/lxs/ADNI/npy/,ADNI_068_S_0210_MR_ADNI_SH____MPRAGE_ASO__br_raw_20100528083323037_62_S85737_I174904.npy,1,0,0,0,0,0,0,0,0,0,,0,0
/root/workspace/lxs/ADNI/npy/,ADNI_067_S_6442_MR_Accelerated_Sagittal_MPRAGE__br_raw_20180618111252832_206_S696628_I1011188.npy,1,0,0,0,0,,0,0,0,0,,0,0
/root/workspace/lxs/ADNI/npy/,ADNI_062_S_1299_MR_MPRAGE_br_raw_20100305105836428_15_S80727_I167349.npy,0,1,0,1,0,0,0,0,0,0,,1,0
/root/workspace/lxs/ADNI/npy/,ADNI_023_S_0031_MR_MPRAGE_br_raw_20091022143730008_1_S75432_I157584.npy,1,0,0,0,0,0,0,0,0,0,,0,0
/root/workspace/lxs/ADNI/npy/,ADNI_023_S_0081_MR_MPRAGE_br_raw_20100311114053413_68_S80929_I167648.npy,1,0,0,0,0,0,0,0,0,0,,0,0
/root/workspace/lxs/ADNI/npy/,ADNI_068_S_2315_MR_MPRAGE_br_raw_20110310155738758_145_S101425_I223575.npy,0,1,0,1,0,,0,0,0,0,,1,0
/root/workspace/lxs/ADNI/npy/,ADNI_067_S_2301_MR_MPRAGE_br_raw_20110216143435484_160_S99947_I217798.npy,0,1,0,1,0,,0,0,0,0,,1,0
/root/workspace/lxs/ADNI/npy/,ADNI_020_S_6185_MR_Accelerated_Sagittal_MPRAGE__br_raw_20180129153016830_28_S654110_I958011.npy,1,0,0,0,0,,0,0,0,0,,0,0
/root/workspace/lxs/ADNI/npy/,ADNI_123_S_2363_MR_MPRAGE_br_raw_20110422154315603_52_S104979_I228730.npy,0,1,0,1,0,,0,0,0,0,,1,0
/root/workspace/lxs/ADNI/npy/,ADNI_041_S_1002_MR_MPRAGE_br_raw_20100114170952371_98_S78469_I163726.npy,1,0,0,0,0,0,0,0,0,0,,0,0
/root/workspace/lxs/ADNI/npy/,ADNI_131_S_0384_MR_MP-RAGE__br_raw_20100630093119887_83_S88428_I180692.npy,0,1,0,1,0,0,0,0,0,0,,1,0
/root/workspace/lxs/ADNI/npy/,ADNI_062_S_0768_MR_MPRAGE_br_raw_20080811104113179_98_S55210_I115843.npy,1,0,0,0,0,0,0,0,0,0,,0,0
/root/workspace/lxs/ADNI/npy/,ADNI_021_S_0626_MR_MP-RAGE__br_raw_20090810145018625_1_S72197_I152815.npy,0,1,0,1,0,0,0,0,0,0,,1,0
/root/workspace/lxs/ADNI/npy/,ADNI_024_S_6202_MR_Accelerated_Sagittal_MPRAGE__br_raw_20180213173615864_97_S658701_I963558.npy,1,0,0,0,0,,0,0,0,0,,0,0
/root/workspace/lxs/ADNI/npy/,ADNI_052_S_0671_MR_MP-RAGE__br_raw_20091221134722971_90_S77449_I161307.npy,0,1,0,1,0,0,0,0,0,0,,1,0
/root/workspace/lxs/ADNI/npy/,ADNI_057_S_1007_MR_MPRAGE_br_raw_20091104155413562_63_S75857_I158256.npy,0,1,0,1,0,0,0,0,0,0,,1,0
/root/workspace/lxs/ADNI/npy/,ADNI_141_S_0915_MR_MPRAGE_br_raw_20080514150318901_98_S50099_I105572.npy,0,1,0,1,0,0,0,0,0,0,,1,0
/root/workspace/lxs/ADNI/npy/,ADNI_128_S_1407_MR_REPEAT_SAG_3D_MPRAGE_br_raw_20080119002201335_1_S44738_I87882.npy,0,1,0,1,0,0,0,0,0,0,,1,0
/root/workspace/lxs/ADNI/npy/,ADNI_135_S_6360_MR_Accelerated_Sag_IR-FSPGR___br_raw_20180521153209239_112_S687810_I1000359.npy,1,0,0,0,0,,0,0,0,0,,0,0
/root/workspace/lxs/ADNI/npy/,00000023_S_6369.npy,0,1,0,1,0,,0,0,0,0,,1,0
/root/workspace/lxs/ADNI/npy/,ADNI_029_S_1218_MR_MP-RAGE__br_raw_20100203112309761_152_S79682_I165706.npy,0,1,0,1,0,0,0,0,0,0,,1,0
/root/workspace/lxs/ADNI/npy/,ADNI_141_S_6015_MR_Accelerated_Sagittal_MPRAGE__br_raw_20170516125712481_46_S564149_I851352.npy,1,0,0,0,0,,0,0,0,0,,0,0
/root/workspace/lxs/ADNI/npy/,ADNI_094_S_0434_MR_MP-RAGE__br_raw_20090626134105708_1_S69225_I146791.npy,0,1,0,1,0,0,0,0,0,0,,1,0
/root/workspace/lxs/ADNI/npy/,ADNI_041_S_6159_MR_Accelerated_Sagittal_MPRAGE__br_raw_20180103170751909_80_S647403_I949924.npy,1,0,0,0,0,,0,0,0,0,,0,0
/root/workspace/lxs/ADNI/npy/,ADNI_023_S_0126_MR_MPRAGE_br_raw_20100304110135420_81_S80628_I167211.npy,0,1,0,1,0,0,0,0,0,0,,1,0
/root/workspace/lxs/ADNI/npy/,ADNI_130_S_1200_MR_MP-RAGE__br_raw_20100209154403955_13_S79960_I166068.npy,1,0,0,0,0,0,0,0,0,0,,0,0
/root/workspace/lxs/ADNI/npy/,ADNI_141_S_0982_MR_MPRAGE_br_raw_20080514133346469_98_S50075_I105540.npy,0,1,0,1,0,0,0,0,0,0,,1,0
/root/workspace/lxs/ADNI/npy/,ADNI_023_S_0376_MR_MPRAGE_br_raw_20090501141424526_1_S66972_I143043.npy,0,1,0,1,0,0,0,0,0,0,,1,0
/root/workspace/lxs/ADNI/npy/,ADNI_029_S_6289_MR_Accelerated_Sag_IR-FSPGR___br_raw_20180425161119862_11_S679792_I989542.npy,1,0,0,0,0,,0,0,0,0,,0,0
/root/workspace/lxs/ADNI/npy/,ADNI_141_S_2333_MR_MPRAGE_br_raw_20110330111212659_24_S102362_I224914.npy,0,1,0,1,0,,0,0,0,0,,1,0
/root/workspace/lxs/ADNI/npy/,ADNI_013_S_1035_MR_MPRAGE_br_raw_20091119151843062_63_S76633_I159563.npy,1,0,0,0,0,0,0,0,0,0,,0,0
/root/workspace/lxs/ADNI/npy/,ADNI_031_S_0618_MR_MPRAGE_ASO_br_raw_20090702124657453_1_S69380_I147771.npy,1,0,0,0,0,0,0,0,0,0,,0,0
/root/workspace/lxs/ADNI/npy/,ADNI_128_S_0272_MR_REPEAT_SAG_3D_MPRAGE_br_raw_20090617165717418_77_S68833_I146223.npy,1,0,0,0,0,0,0,0,0,0,,0,0
/root/workspace/lxs/ADNI/npy/,ADNI_057_S_2398_MR_MPRAGE_br_raw_20110719162445823_169_S115219_I245500.npy,0,1,0,1,0,,0,0,0,0,,1,0
/root/workspace/lxs/ADNI/npy/,ADNI_011_S_6465_MR_Accelerated_Sagittal_MPRAGE__br_raw_20180824131118165_89_S721546_I1041482.npy,1,0,0,0,0,,0,0,0,0,,0,0
/root/workspace/lxs/ADNI/npy/,00000135_S_6110.npy,0,1,0,1,0,,0,0,0,0,,1,0
/root/workspace/lxs/ADNI/npy/,ADNI_126_S_0708_MR_MP-RAGE__br_raw_20100714114403488_117_S88976_I183357.npy,0,1,0,1,0,0,0,0,0,0,,1,0
/root/workspace/lxs/ADNI/npy/,ADNI_037_S_0566_MR_MP-RAGE__br_raw_20091202100355418_86_S76746_I159777.npy,0,1,0,1,0,0,0,0,0,0,,1,0
/root/workspace/lxs/ADNI/npy/,ADNI_023_S_0388_MR_MPRAGE_br_raw_20100402141727910_72_S82722_I170091.npy,0,1,0,1,0,0,0,0,0,0,,1,0
/root/workspace/lxs/ADNI/npy/,ADNI_126_S_0605_MR_MP-RAGE__br_raw_20100707140446665_35_S88668_I181028.npy,1,0,0,0,0,0,0,0,0,0,,0,0
/root/workspace/lxs/ADNI/npy/,ADNI_027_S_2245_MR_Accelerated_SAG_IR-SPGR__br_raw_20101215151725704_66_S96492_I208684.npy,0,1,0,1,0,,0,0,0,0,,1,0
/root/workspace/lxs/ADNI/npy/,ADNI_018_S_6351_MR_Sagittal_3D_Accelerated_MPRAGE_br_raw_20180510134544699_1_S684128_I995861.npy,1,0,0,0,0,,0,0,0,0,,0,0
/root/workspace/lxs/ADNI/npy/,ADNI_127_S_0393_MR_MP-RAGE__br_raw_20071213112829201_1_S43805_I84930.npy,0,1,0,1,0,0,0,0,0,0,,1,0
/root/workspace/lxs/ADNI/npy/,ADNI_109_S_1014_MR_MPRAGE_br_raw_20140711144937229_149_S224782_I435190.npy,1,0,0,0,0,0,0,0,0,0,,0,0
/root/workspace/lxs/ADNI/npy/,ADNI_018_S_0142_MR_MPRAGE_br_raw_20100517132508740_152_S85051_I173896.npy,0,1,0,1,0,0,0,0,0,0,,1,0
/root/workspace/lxs/ADNI/npy/,ADNI_037_S_6032_MR_Accelerated_Sagittal_MPRAGE__br_raw_20170615155211584_199_S573068_I861838.npy,1,0,0,0,0,,0,0,0,0,,0,0
/root/workspace/lxs/ADNI/npy/,ADNI_027_S_0417_MR_MP-RAGE__br_raw_20070525133630649_1_S32649_I55220.npy,0,1,0,1,0,0,0,0,0,0,,1,0
/root/workspace/lxs/ADNI/npy/,ADNI_013_S_0502_MR_MPRAGE_br_raw_20090908172714825_64_S73416_I154628.npy,1,0,0,0,0,0,0,0,0,0,,0,0
/root/workspace/lxs/ADNI/npy/,ADNI_137_S_0722_MR_MP-RAGE__br_raw_20090925105216126_1_S74188_I155700.npy,0,1,0,1,0,0,0,0,0,0,,1,0
/root/workspace/lxs/ADNI/npy/,ADNI_021_S_0178_MR_MP-RAGE__br_20060210130516267_99_S11567_I10993.npy,0,1,0,1,0,0,0,0,0,0,,1,0
/root/workspace/lxs/ADNI/npy/,ADNI_114_S_0601_MR_MPRAGE_br_raw_20090617165030448_98_S68779_I146151.npy,1,0,0,0,0,0,0,0,0,0,,0,0
/root/workspace/lxs/ADNI/npy/,ADNI_013_S_0575_MR_MPRAGE_br_raw_20080917111158093_98_S56509_I118044.npy,1,0,0,0,0,0,0,0,0,0,,0,0
/root/workspace/lxs/ADNI/npy/,ADNI_041_S_0407_MR_MPRAGE_br_raw_20060428161527506_98_S13802_I14282.npy,0,1,0,1,0,0,0,0,0,0,,1,0
/root/workspace/lxs/ADNI/npy/,ADNI_016_S_1326_MR_MPRAGE_br_raw_20090402094311998_98_S65411_I140319.npy,0,1,0,1,0,0,0,0,0,0,,1,0
/root/workspace/lxs/ADNI/npy/,ADNI_129_S_6459_MR_Accelerated_Sag_IR-FSPGR___br_raw_20180627123111020_110_S699107_I1014209.npy,1,0,0,0,0,,0,0,0,0,,0,0
/root/workspace/lxs/ADNI/npy/,ADNI_057_S_0643_MR_MPRAGE_br_raw_20090722150548359_134_S70434_I150035.npy,1,0,0,0,0,0,0,0,0,0,,0,0
/root/workspace/lxs/ADNI/npy/,ADNI_072_S_2026_MR_MPRAGE_br_raw_20100804164817673_97_S89991_I189448.npy,0,1,0,1,0,,0,0,0,0,,1,0
/root/workspace/lxs/ADNI/npy/,ADNI_130_S_0232_MR_MP-RAGE__br_raw_20100318152559637_37_S81302_I168184.npy,1,0,0,0,0,0,0,0,0,0,,0,0
/root/workspace/lxs/ADNI/npy/,ADNI_130_S_0423_MR_MPRAGE_SENSE_br_raw_20080313131223114_1_S46995_I97345.npy,0,1,0,1,0,0,0,0,0,0,,1,0
/root/workspace/lxs/ADNI/npy/,ADNI_109_S_0967_MR_MPRAGE_br_raw_20090408113610928_1_S65788_I140954.npy,1,0,0,0,0,0,0,0,0,0,,0,0
/root/workspace/lxs/ADNI/npy/,ADNI_132_S_0987_MR_MP-RAGE__br_raw_20080519102528303_1_S50300_I106042.npy,0,1,0,1,0,0,0,0,0,0,,1,0
/root/workspace/lxs/ADNI/npy/,ADNI_014_S_6076_MR_Accelerated_Sagittal_MPRAGE__br_raw_20170922161901382_109_S611745_I907712.npy,1,0,0,0,0,,0,0,0,0,,0,0
/root/workspace/lxs/ADNI/npy/,ADNI_137_S_0994_MR_MP-RAGE__br_raw_20091201142745585_1_S76838_I159944.npy,0,1,0,1,0,0,0,0,0,0,,1,0
/root/workspace/lxs/ADNI/npy/,00000006_S_6252.npy,0,1,0,1,0,,0,0,0,0,,1,0
/root/workspace/lxs/ADNI/npy/,ADNI_027_S_6001_MR_Accelerated_Sagittal_IR-FSPGR__br_raw_20170321174517937_155_S527288_I808819.npy,1,0,0,0,0,,0,0,0,0,,0,0
/root/workspace/lxs/ADNI/npy/,ADNI_007_S_0041_MR_MP-RAGE__br_raw_20100114150059887_1_S78431_I163651.npy,0,1,0,1,0,0,0,0,0,0,,1,0
/root/workspace/lxs/ADNI/npy/,ADNI_013_S_0325_MR_MPRAGE_br_raw_20080620115117578_94_S51894_I110198.npy,0,1,0,1,0,0,0,0,0,0,,1,0
/root/workspace/lxs/ADNI/npy/,ADNI_114_S_6309_MR_Accelerated_Sagittal_MPRAGE__br_raw_20180504142331759_89_S682445_I992776.npy,1,0,0,0,0,,0,0,0,0,,0,0
/root/workspace/lxs/ADNI/npy/,00000941_S_6017.npy,0,1,0,1,0,,0,0,0,0,,1,0
/root/workspace/lxs/ADNI/npy/,ADNI_011_S_0002_MR_MPRAGE_br_raw_20050830102647203_1_S9107_I7025.npy,1,0,0,0,0,0,0,0,0,0,,0,0
/root/workspace/lxs/ADNI/npy/,00000037_S_6141.npy,0,1,0,1,0,,0,0,0,0,,1,0
/root/workspace/lxs/ADNI/npy/,ADNI_020_S_0097_MR_MPRAGE_br_raw_20080416211219312_1_S48834_I102943.npy,1,0,0,0,0,0,0,0,0,0,,0,0
/root/workspace/lxs/ADNI/npy/,ADNI_057_S_0957_MR_MPRAGE_br_raw_20070510172512593_98_S32068_I54162.npy,0,1,0,1,0,0,0,0,0,0,,1,0
/root/workspace/lxs/ADNI/npy/,ADNI_052_S_6412_MR_Accelerated_Sagittal_MPRAGE__br_raw_20180802093725655_191_S711752_I1029891.npy,1,0,0,0,0,,0,0,0,0,,0,0
/root/workspace/lxs/ADNI/npy/,ADNI_029_S_1318_MR_MP-RAGE__br_raw_20100512110204730_3_S84805_I173527.npy,0,1,0,1,0,0,0,0,0,0,,1,0
/root/workspace/lxs/ADNI/npy/,ADNI_011_S_6367_MR_Accelerated_Sagittal_MPRAGE__br_raw_20180516154045102_26_S686265_I998447.npy,1,0,0,0,0,,0,0,0,0,,0,0
/root/workspace/lxs/ADNI/npy/,ADNI_053_S_0621_MR_MP-RAGE__br_raw_20090622123132343_3_S69085_I146581.npy,0,1,0,1,0,0,0,0,0,0,,1,0
/root/workspace/lxs/ADNI/npy/,ADNI_073_S_2264_MR_MPRAGE_br_raw_20110203172415936_109_S98879_I215757.npy,0,1,0,1,0,,0,0,0,0,,1,0
/root/workspace/lxs/ADNI/npy/,ADNI_129_S_6704_MR_Accelerated_Sag_IR-FSPGR___br_raw_20190401061925402_196_S811320_I1149034.npy,1,0,0,0,0,,0,0,0,0,,0,0
/root/workspace/lxs/ADNI/npy/,ADNI_128_S_1043_MR_REPEAT_SAG_3D_MP_RAGE__br_raw_20140722161206360_54_S225555_I436313.npy,0,1,0,1,0,0,0,0,0,0,,1,0
/root/workspace/lxs/ADNI/npy/,ADNI_021_S_2150_MR_Accelerated_Sag_IR-SPGR__br_raw_20101102103151292_121_S94006_I201121.npy,0,1,0,1,0,,0,0,0,0,,1,0
/root/workspace/lxs/ADNI/npy/,ADNI_130_S_6372_MR_Sagittal_3D_Accelerated_MPRAGE_br_raw_20180523132532940_186_S688620_I1001329.npy,1,0,0,0,0,,0,0,0,0,,0,0
/root/workspace/lxs/ADNI/npy/,ADNI_094_S_1188_MR_MP-RAGE__br_raw_20100215103845691_1_S80101_I166259.npy,0,1,0,1,0,0,0,0,0,0,,1,0
/root/workspace/lxs/ADNI/npy/,ADNI_098_S_6362_MR_Sag_Accel_IR-FSPGR_br_raw_20180518135812612_97_S687290_I999708.npy,1,0,0,0,0,,0,0,0,0,,0,0
/root/workspace/lxs/ADNI/npy/,ADNI_016_S_1121_MR_MPRAGE_br_raw_20091217105049466_101_S77265_I161032.npy,0,1,0,1,0,0,0,0,0,0,,1,0
/root/workspace/lxs/ADNI/npy/,ADNI_033_S_0514_MR_MP-RAGE__br_raw_20100610102634803_154_S87174_I177300.npy,0,1,0,1,0,0,0,0,0,0,,1,0
/root/workspace/lxs/ADNI/npy/,ADNI_130_S_6161_MR_Sagittal_3D_Accelerated_MPRAGE_br_raw_20180104164045069_188_S647760_I950330.npy,1,0,0,0,0,,0,0,0,0,,0,0
/root/workspace/lxs/ADNI/npy/,ADNI_128_S_0227_MR_REPEAT_SAG_3D_MPRAGE_br_raw_20090826173550419_150_S72800_I153766.npy,0,1,0,1,0,0,0,0,0,0,,1,0
/root/workspace/lxs/ADNI/npy/,ADNI_032_S_6211_MR_Accelerated_Sagittal_MPRAGE__br_raw_20180319151804490_53_S667996_I974943.npy,1,0,0,0,0,,0,0,0,0,,0,0
/root/workspace/lxs/ADNI/npy/,ADNI_128_S_1148_MR_MPRAGE_br_raw_20090929170758531_100_S74323_I155880.npy,0,1,0,1,0,0,0,0,0,0,,1,0
/root/workspace/lxs/ADNI/npy/,ADNI_041_S_6292_MR_Accelerated_Sagittal_MPRAGE__br_raw_20180418120239582_37_S677519_I986709.npy,1,0,0,0,0,,0,0,0,0,,0,0
/root/workspace/lxs/ADNI/npy/,ADNI_035_S_2061_MR_MPRAGE_br_raw_20100914105317493_118_S92098_I192785.npy,0,1,0,1,0,,0,0,0,0,,1,0
/root/workspace/lxs/ADNI/npy/,ADNI_100_S_2351_MR_MPRAGE_br_raw_20110517102011932_4_S109082_I235263.npy,0,1,0,1,0,,0,0,0,0,,1,0
/root/workspace/lxs/ADNI/npy/,ADNI_068_S_1191_MR_ADNI_______MPRAGE__br_raw_20070207154543132_86_S26021_I38369.npy,1,0,0,0,0,0,0,0,0,0,,0,0
/root/workspace/lxs/ADNI/npy/,00000033_S_6697.npy,0,1,0,1,0,,0,0,0,0,,1,0
/root/workspace/lxs/ADNI/npy/,ADNI_131_S_6519_MR_Sagittal_3D_Accelerated_MPRAGE_br_raw_20190109095922205_120_S713874_I1032569.npy,1,0,0,0,0,,0,0,0,0,,0,0
/root/workspace/lxs/ADNI/npy/,ADNI_130_S_2391_MR_MPRAGE_br_raw_20110622150146462_1_S112324_I241322.npy,0,1,0,1,0,,0,0,0,0,,1,0
/root/workspace/lxs/ADNI/npy/,ADNI_067_S_0284_MR_MPRAGE_br_raw_20070503152217400_63_S31676_I53356.npy,0,1,0,1,0,0,0,0,0,0,,1,0
/root/workspace/lxs/ADNI/npy/,ADNI_128_S_0205_MR_REPEAT_SAG_3D_MP_RAGE__br_raw_20091102230752718_103_S75794_I158163.npy,0,1,0,1,0,0,0,0,0,0,,1,0
/root/workspace/lxs/ADNI/npy/,ADNI_024_S_1063_MR_MP-RAGE__br_raw_20091207153320030_1_S77033_I160489.npy,1,0,0,0,0,0,0,0,0,0,,0,0
/root/workspace/lxs/ADNI/npy/,ADNI_009_S_2208_MR_MPRAGE_br_raw_20101202202402489_6_S95723_I207373.npy,0,1,0,1,0,,0,0,0,0,,1,0
/root/workspace/lxs/ADNI/npy/,ADNI_036_S_0945_MR_MPRAGE_br_raw_20091116131907972_1_S76478_I159304.npy,0,1,0,1,0,0,0,0,0,0,,1,0
/root/workspace/lxs/ADNI/npy/,ADNI_941_S_1311_MR_MPRAGE_br_raw_20090401085329735_98_S65346_I140246.npy,0,1,0,1,0,0,0,0,0,0,,1,0
/root/workspace/lxs/ADNI/npy/,ADNI_006_S_0498_MR_MP-RAGE__br_raw_20081003112059406_1_S56950_I119098.npy,1,0,0,0,0,0,0,0,0,0,,0,0
/root/workspace/lxs/ADNI/npy/,00000141_S_6041.npy,0,1,0,1,0,,0,0,0,0,,1,0
/root/workspace/lxs/ADNI/npy/,ADNI_109_S_6218_MR_Accelerated_Sagittal_MPRAGE__br_raw_20180409104711193_158_S674381_I982856.npy,1,0,0,0,0,,0,0,0,0,,0,0
/root/workspace/lxs/ADNI/npy/,ADNI_033_S_0723_MR_MP-RAGE__br_raw_20090818141524833_3_S72523_I153330.npy,0,1,0,1,0,0,0,0,0,0,,1,0
/root/workspace/lxs/ADNI/npy/,00000126_S_1221.npy,0,0,1,2,1,0,,0,,0,1,2,
/root/workspace/lxs/ADNI/npy/,00000130_S_0956.npy,0,0,1,2,1,0,,0,,0,1,2,
/root/workspace/lxs/ADNI/npy/,00000062_S_0793.npy,0,0,1,2,1,0,,0,,0,1,2,
/root/workspace/lxs/ADNI/npy/,00000141_S_1152.npy,0,0,1,2,1,0,,0,,0,1,2,
/root/workspace/lxs/ADNI/npy/,00000131_S_0457.npy,0,0,1,2,1,0,,0,,0,1,2,
/root/workspace/lxs/ADNI/npy/,ADNI_036_S_6231_MR_Accelerated_Sagittal_MPRAGE__br_raw_20180314163907460_7_S667002_I973656.npy,0,0,1,2,1,,,,,,1,2,
/root/workspace/lxs/ADNI/npy/,00000137_S_0841.npy,0,0,1,2,1,0,,0,,0,1,2,
/root/workspace/lxs/ADNI/npy/,ADNI_135_S_6389_MR_Accelerated_Sag_IR-FSPGR___br_raw_20180529163541369_55_S690538_I1003730.npy,0,0,1,2,1,,,,,,1,2,
/root/workspace/lxs/ADNI/npy/,ADNI_098_S_6655_MR_Sag_Accel_IR-FSPGR_br_raw_20190123115617585_173_S787653_I1119493.npy,0,0,1,2,1,,,,,,1,2,
/root/workspace/lxs/ADNI/npy/,00000007_S_1304.npy,0,0,1,2,1,0,,0,,0,1,2,
/root/workspace/lxs/ADNI/npy/,00000082_S_1079.npy,0,0,1,2,1,0,,0,,0,1,2,
/root/workspace/lxs/ADNI/npy/,00000033_S_0733.npy,0,0,1,2,1,0,,0,,0,1,2,
/root/workspace/lxs/ADNI/npy/,00000027_S_1081.npy,0,0,1,2,1,0,,0,,0,1,2,
/root/workspace/lxs/ADNI/npy/,00000010_S_0786.npy,0,0,1,2,1,0,,0,,0,1,2,
/root/workspace/lxs/ADNI/npy/,00000094_S_1397.npy,0,0,1,2,1,0,,0,,0,1,2,
/root/workspace/lxs/ADNI/npy/,00000053_S_1044.npy,0,0,1,2,1,0,,0,,0,1,2,
/root/workspace/lxs/ADNI/npy/,00000011_S_0010.npy,0,0,1,2,1,0,,0,,0,1,2,
/root/workspace/lxs/ADNI/npy/,00000006_S_0653.npy,0,0,1,2,1,0,,0,,0,1,2,
/root/workspace/lxs/ADNI/npy/,ADNI_116_S_6100_MR_Accelerated_Sagittal_MPRAGE__br_raw_20181220100406092_10_S763123_I1092329.npy,0,0,1,2,1,,,,,,1,2,
/root/workspace/lxs/ADNI/npy/,00000024_S_1171.npy,0,0,1,2,1,0,,0,,0,1,2,
/root/workspace/lxs/ADNI/npy/,00000033_S_0724.npy,0,0,1,2,1,0,,0,,0,1,2,
/root/workspace/lxs/ADNI/npy/,ADNI_100_S_6713_MR_Sagittal_3D_Accelerated_MPRAGE_br_raw_20190418160341621_1_S817034_I1156438.npy,0,0,1,2,1,,,,,,1,2,
/root/workspace/lxs/ADNI/npy/,00000128_S_0167.npy,0,0,1,2,1,0,,0,,0,1,2,
/root/workspace/lxs/ADNI/npy/,00000023_S_1289.npy,0,0,1,2,1,0,,0,,0,1,2,
/root/workspace/lxs/ADNI/npy/,00000067_S_0828.npy,0,0,1,2,1,0,,0,,0,1,2,
/root/workspace/lxs/ADNI/npy/,00000116_S_0370.npy,0,0,1,2,1,0,,0,,0,1,2,
/root/workspace/lxs/ADNI/npy/,00000099_S_0470.npy,0,0,1,2,1,0,,0,,0,1,2,
/root/workspace/lxs/ADNI/npy/,00000031_S_1209.npy,0,0,1,2,1,0,,0,,0,1,2,
/root/workspace/lxs/ADNI/npy/,00000002_S_0938.npy,0,0,1,2,1,0,,0,,0,1,2,
/root/workspace/lxs/ADNI/npy/,00000098_S_0884.npy,0,0,1,2,1,0,,0,,0,1,2,
/root/workspace/lxs/ADNI/npy/,00000022_S_0007.npy,0,0,1,2,1,0,,0,,0,1,2,
/root/workspace/lxs/ADNI/npy/,00000029_S_0999.npy,0,0,1,2,1,0,,0,,0,1,2,
/root/workspace/lxs/ADNI/npy/,00000062_S_0690.npy,0,0,1,2,1,0,,0,,0,1,2,
/root/workspace/lxs/ADNI/npy/,ADNI_100_S_0995_MR_ASO-MPRAGE_br_raw_20091204191738474_1_S76951_I160323.npy,0,0,1,2,1,0,,0,,0,1,2,
/root/workspace/lxs/ADNI/npy/,00000029_S_1056.npy,0,0,1,2,1,0,,0,,0,1,2,
/root/workspace/lxs/ADNI/npy/,00000141_S_0696.npy,0,0,1,2,1,0,,0,,0,1,2,
/root/workspace/lxs/ADNI/npy/,00000130_S_1337.npy,0,0,1,2,1,0,,0,,0,1,2,
/root/workspace/lxs/ADNI/npy/,00000116_S_0392.npy,0,0,1,2,1,0,,0,,0,1,2,
/root/workspace/lxs/ADNI/npy/,00000033_S_1285.npy,0,0,1,2,1,0,,0,,0,1,2,
/root/workspace/lxs/ADNI/npy/,00000021_S_0343.npy,0,0,1,2,1,0,,0,,0,1,2,
/root/workspace/lxs/ADNI/npy/,00000127_S_0431.npy,0,0,1,2,1,0,,0,,0,1,2,
/root/workspace/lxs/ADNI/npy/,00000057_S_1379.npy,0,0,1,2,1,0,,0,,0,1,2,
/root/workspace/lxs/ADNI/npy/,ADNI_032_S_6600_MR_Accelerated_Sagittal_MPRAGE__br_raw_20181019125457091_63_S737783_I1061844.npy,0,0,1,2,1,,,,,,1,2,
/root/workspace/lxs/ADNI/npy/,ADNI_036_S_2380_MR_MPRAGE_br_raw_20110602093324658_105_S110431_I238494.npy,0,1,0,1,0,,0,0,0,0,,1,0
/root/workspace/lxs/ADNI/npy/,ADNI_002_S_1261_MR_MP-RAGE__br_raw_20100225171339402_123_S80484_I166845.npy,1,0,0,0,0,0,0,0,0,0,,0,0
/root/workspace/lxs/ADNI/npy/,ADNI_016_S_0590_MR_MPRAGE_br_raw_20060612085608254_95_S15409_I16806.npy,0,1,0,1,0,0,0,0,0,0,,1,0
/root/workspace/lxs/ADNI/npy/,ADNI_123_S_0113_MR_MPRAGEASO__br_raw_20100408093625440_75_S83010_I170559.npy,1,0,0,0,0,0,0,0,0,0,,0,0
/root/workspace/lxs/ADNI/npy/,ADNI_136_S_0186_MR_MP-RAGE__br_raw_20100920120139913_145_S85616_I174687.npy,1,0,0,0,0,0,0,0,0,0,,0,0
/root/workspace/lxs/ADNI/npy/,ADNI_041_S_1010_MR_MPRAGE_br_raw_20091217161459347_98_S77319_I161111.npy,0,1,0,1,0,0,0,0,0,0,,1,0
/root/workspace/lxs/ADNI/npy/,ADNI_003_S_6307_MR_Accelerated_Sagittal_MPRAGE__br_raw_20180621214551941_82_S698034_I1012896.npy,1,0,0,0,0,,0,0,0,0,,0,0
/root/workspace/lxs/ADNI/npy/,ADNI_033_S_0511_MR_MP-RAGE__br_raw_20080609133045772_3_S51223_I108828.npy,0,1,0,1,0,0,0,0,0,0,,1,0
/root/workspace/lxs/ADNI/npy/,ADNI_014_S_0519_MR_MP-RAGE__br_raw_20090604120929300_128_S68248_I145394.npy,1,0,0,0,0,0,0,0,0,0,,0,0
/root/workspace/lxs/ADNI/npy/,ADNI_041_S_0721_MR_MPRAGE_br_raw_20070313090711171_98_S27992_I44469.npy,0,1,0,1,0,0,0,0,0,0,,1,0
/root/workspace/lxs/ADNI/npy/,ADNI_024_S_1393_MR_MP-RAGE__br_raw_20100413152418658_132_S83274_I170929.npy,0,1,0,1,0,0,0,0,0,0,,1,0
/root/workspace/lxs/ADNI/npy/,ADNI_168_S_6318_MR_Accelerated_Sagittal_MPRAGE__br_raw_20180419133538469_150_S678370_I987768.npy,1,0,0,0,0,,0,0,0,0,,0,0
/root/workspace/lxs/ADNI/npy/,ADNI_094_S_0692_MR_MP-RAGE__br_raw_20081111141948935_1_S58717_I126004.npy,1,0,0,0,0,0,0,0,0,0,,0,0
/root/workspace/lxs/ADNI/npy/,ADNI_072_S_1211_MR_MPRAGE_ASO_br_raw_20100306115856245_126_S80735_I167364.npy,0,1,0,1,0,0,0,0,0,0,,1,0
/root/workspace/lxs/ADNI/npy/,ADNI_128_S_1242_MR_MPRAGE_br_raw_20080321131954421_1_S47327_I99234.npy,1,0,0,0,0,0,0,0,0,0,,0,0
/root/workspace/lxs/ADNI/npy/,ADNI_003_S_1074_MR_MPRAGE_br_raw_20100416111102390_157_S83393_I171188.npy,0,1,0,1,0,0,0,0,0,0,,1,0
/root/workspace/lxs/ADNI/npy/,ADNI_941_S_6546_MR_Accelerated_Sagittal_MPRAGE__br_raw_20180814084158709_26_S715829_I1034852.npy,1,0,0,0,0,,0,0,0,0,,0,0
/root/workspace/lxs/ADNI/npy/,ADNI_041_S_1260_MR_MPRAGE_br_raw_20100728110019331_44_S89590_I187656.npy,0,1,0,1,0,0,0,0,0,0,,1,0
/root/workspace/lxs/ADNI/npy/,ADNI_137_S_0301_MR_MP-RAGE__br_raw_20090424083735970_180_S66609_I142514.npy,1,0,0,0,0,0,0,0,0,0,,0,0
/root/workspace/lxs/ADNI/npy/,ADNI_127_S_6436_MR_Accelerated_Sagittal_IR-FSPGR__br_raw_20180719121014413_88_S704955_I1021434.npy,1,0,0,0,0,,0,0,0,0,,0,0
/root/workspace/lxs/ADNI/npy/,ADNI_031_S_0294_MR_MPRAGE_ASO_br_raw_20090403154141161_1_S65459_I140388.npy,0,1,0,1,0,0,0,0,0,0,,1,0
/root/workspace/lxs/ADNI/npy/,ADNI_094_S_1241_MR_MP-RAGE__br_raw_20100219144306932_32_S80225_I166442.npy,1,0,0,0,0,0,0,0,0,0,,0,0
/root/workspace/lxs/ADNI/npy/,ADNI_006_S_6277_MR_Sagittal_3D_Accelerated_MPRAGE_br_raw_20180328125656099_29_S670775_I978374.npy,1,0,0,0,0,,0,0,0,0,,0,0
/root/workspace/lxs/ADNI/npy/,ADNI_027_S_1387_MR_MP-RAGE__br_raw_20090309150113040_1_S64150_I138066.npy,0,1,0,1,0,0,0,0,0,0,,1,0
/root/workspace/lxs/ADNI/npy/,ADNI_129_S_6228_MR_Accelerated_Sag_IR-FSPGR___br_raw_20180222084809729_184_S661194_I966665.npy,1,0,0,0,0,,0,0,0,0,,0,0
/root/workspace/lxs/ADNI/npy/,ADNI_023_S_1247_MR_MPRAGE_br_raw_20090312154140796_1_S64441_I138591.npy,0,1,0,1,0,0,0,0,0,0,,1,0
/root/workspace/lxs/ADNI/npy/,ADNI_027_S_6327_MR_Accelerated_Sagittal_IR-FSPGR__br_raw_20180514122451154_16_S684905_I996822.npy,1,0,0,0,0,,0,0,0,0,,0,0
/root/workspace/lxs/ADNI/npy/,ADNI_094_S_2201_MR_Accelerated_SAG_IR-SPGR__br_raw_20110103094344505_11_S97059_I209597.npy,0,1,0,1,0,,0,0,0,0,,1,0
/root/workspace/lxs/ADNI/npy/,ADNI_941_S_6044_MR_Accelerated_Sagittal_MPRAGE__br_raw_20170711130950417_26_S582377_I872975.npy,1,0,0,0,0,,0,0,0,0,,0,0
/root/workspace/lxs/ADNI/npy/,ADNI_031_S_0351_MR_MPRAGE_ASO_br_raw_20090429162052306_170_S66794_I142787.npy,0,1,0,1,0,0,0,0,0,0,,1,0
/root/workspace/lxs/ADNI/npy/,ADNI_020_S_6449_MR_Accelerated_Sagittal_MPRAGE__br_raw_20180709093028550_206_S702254_I1018201.npy,1,0,0,0,0,,0,0,0,0,,0,0
/root/workspace/lxs/ADNI/npy/,ADNI_041_S_0598_MR_MPRAGE_br_raw_20080131091903972_98_S45159_I89002.npy,0,1,0,1,0,0,0,0,0,0,,1,0
/root/workspace/lxs/ADNI/npy/,ADNI_041_S_6226_MR_Accelerated_Sagittal_MPRAGE__br_raw_20180402142608910_71_S672440_I980386.npy,1,0,0,0,0,,0,0,0,0,,0,0
/root/workspace/lxs/ADNI/npy/,ADNI_082_S_1119_MR_MPRAGE_br_raw_20080903125833987_75_S56158_I117374.npy,0,1,0,1,0,0,0,0,0,0,,1,0
/root/workspace/lxs/ADNI/npy/,ADNI_127_S_1419_MR_MP-RAGE__br_raw_20090820091308391_1_S72592_I153427.npy,0,1,0,1,0,0,0,0,0,0,,1,0
/root/workspace/lxs/ADNI/npy/,ADNI_130_S_6043_MR_Sagittal_3D_Accelerated_MPRAGE_br_raw_20200805115511270_99_S581424_I871899.npy,1,0,0,0,0,,0,0,0,0,,0,0
/root/workspace/lxs/ADNI/npy/,ADNI_041_S_0282_MR_MPRAGE_br_raw_20071207132930593_98_S43461_I84356.npy,0,1,0,1,0,0,0,0,0,0,,1,0
/root/workspace/lxs/ADNI/npy/,ADNI_941_S_6333_MR_Accelerated_Sagittal_MPRAGE__br_raw_20180601135049721_102_S691304_I1004681.npy,1,0,0,0,0,,0,0,0,0,,0,0
/root/workspace/lxs/ADNI/npy/,00000135_S_6622.npy,0,1,0,1,0,,0,0,0,0,,1,0
/root/workspace/lxs/ADNI/npy/,ADNI_006_S_0484_MR_MP-RAGE__br_raw_20070328132352187_1_S29042_I47327.npy,1,0,0,0,0,0,0,0,0,0,,0,0
/root/workspace/lxs/ADNI/npy/,00000135_S_6446.npy,0,1,0,1,0,,0,0,0,0,,1,0
/root/workspace/lxs/ADNI/npy/,ADNI_020_S_6282_MR_Accelerated_Sagittal_MPRAGE__br_raw_20180410115246940_150_S674862_I983428.npy,1,0,0,0,0,,0,0,0,0,,0,0
/root/workspace/lxs/ADNI/npy/,ADNI_011_S_0241_MR_MPRAGE_br_raw_20100317103327167_34_S81165_I167969.npy,0,1,0,1,0,0,0,0,0,0,,1,0
/root/workspace/lxs/ADNI/npy/,ADNI_007_S_6120_MR_Accelerated_Sagittal_MPRAGE__br_raw_20171127103603866_54_S637544_I937847.npy,1,0,0,0,0,,0,0,0,0,,0,0
/root/workspace/lxs/ADNI/npy/,ADNI_041_S_1420_MR_MPRAGE_br_raw_20080416085302471_98_S48797_I102883.npy,0,1,0,1,0,0,0,0,0,0,,1,0
/root/workspace/lxs/ADNI/npy/,ADNI_141_S_0717_MR_MPRAGE_br_raw_20081006164354198_98_S56987_I119296.npy,1,0,0,0,0,0,0,0,0,0,,0,0
/root/workspace/lxs/ADNI/npy/,ADNI_027_S_1277_MR_MP-RAGE__br_raw_20080219144213982_1_S45870_I90784.npy,0,1,0,1,0,0,0,0,0,0,,1,0
/root/workspace/lxs/ADNI/npy/,ADNI_082_S_6287_MR_Accelerated_Sagittal_MPRAGE__br_raw_20180516110410685_21_S685923_I998049.npy,1,0,0,0,0,,0,0,0,0,,0,0
/root/workspace/lxs/ADNI/npy/,ADNI_027_S_0307_MR_MP-RAGE__br_raw_20100512064328606_64_S84771_I173472.npy,0,1,0,1,0,0,0,0,0,0,,1,0
/root/workspace/lxs/ADNI/npy/,ADNI_011_S_0021_MR_MPRAGE_br_raw_20081106091234237_1_S58355_I125318.npy,1,0,0,0,0,0,0,0,0,0,,0,0
/root/workspace/lxs/ADNI/npy/,ADNI_013_S_2324_MR_MPRAGE_br_raw_20110328152402908_29_S102467_I225055.npy,0,1,0,1,0,,0,0,0,0,,1,0
/root/workspace/lxs/ADNI/npy/,ADNI_014_S_6148_MR_Accelerated_Sagittal_MPRAGE__br_raw_20180108165114610_41_S648626_I951357.npy,1,0,0,0,0,,0,0,0,0,,0,0
/root/workspace/lxs/ADNI/npy/,ADNI_022_S_1351_MR_MPRAGE_Repeat__br_raw_20100326172827100_72_S82401_I169637.npy,0,1,0,1,0,0,0,0,0,0,,1,0
/root/workspace/lxs/ADNI/npy/,ADNI_941_S_1194_MR_MPRAGE_br_raw_20100219144349471_2_S80235_I166456.npy,1,0,0,0,0,0,0,0,0,0,,0,0
/root/workspace/lxs/ADNI/npy/,ADNI_126_S_0709_MR_MP-RAGE__br_raw_20140715140956820_121_S225106_I435652.npy,0,1,0,1,0,0,0,0,0,0,,1,0
/root/workspace/lxs/ADNI/npy/,ADNI_052_S_1251_MR_MP-RAGE__br_raw_20100607102001936_15_S86973_I176986.npy,1,0,0,0,0,0,0,0,0,0,,0,0
/root/workspace/lxs/ADNI/npy/,ADNI_005_S_2390_MR_Accelerated_Sag_IR-SPGR__br_raw_20110627132729403_144_S112697_I241958.npy,0,1,0,1,0,,0,0,0,0,,1,0
/root/workspace/lxs/ADNI/npy/,ADNI_070_S_6542_MR_Accelerated_Sagittal_MPRAGE__br_raw_20180806110621533_19_S712833_I1031290.npy,1,0,0,0,0,,0,0,0,0,,0,0
/root/workspace/lxs/ADNI/npy/,ADNI_128_S_2003_MR_MPRAGE_br_raw_20100707221529337_96_S88768_I181153.npy,0,1,0,1,0,,0,0,0,0,,1,0
/root/workspace/lxs/ADNI/npy/,ADNI_032_S_2247_MR_MPRAGE_br_raw_20101229140030897_41_S96961_I209412.npy,0,1,0,1,0,,0,0,0,0,,1,0
/root/workspace/lxs/ADNI/npy/,ADNI_024_S_0985_MR_MP-RAGE__br_raw_20091201122154309_1_S76830_I159930.npy,1,0,0,0,0,0,0,0,0,0,,0,0
/root/workspace/lxs/ADNI/npy/,ADNI_099_S_0958_MR_MPRAGE_br_raw_20130418083020260_62_S187330_I367798.npy,0,1,0,1,0,0,0,0,0,0,,1,0
/root/workspace/lxs/ADNI/npy/,ADNI_130_S_0505_MR_MP-RAGE__br_raw_20101202090924220_38_S95637_I207242.npy,0,1,0,1,0,0,0,0,0,0,,1,0
/root/workspace/lxs/ADNI/npy/,ADNI_082_S_1256_MR_MPRAGE_Repeat__br_raw_20140715141120307_63_S225113_I435660.npy,1,0,0,0,0,0,0,0,0,0,,0,0
/root/workspace/lxs/ADNI/npy/,ADNI_153_S_2109_MR_MPRAGE_br_raw_20101006094717370_14_S92984_I195034.npy,0,1,0,1,0,,0,0,0,0,,1,0
/root/workspace/lxs/ADNI/npy/,ADNI_128_S_0545_MR_REPEAT_SAG_3D_MPRAGE_br_raw_20090618145524028_1_S68921_I146352.npy,1,0,0,0,0,0,0,0,0,0,,0,0
/root/workspace/lxs/ADNI/npy/,ADNI_031_S_0830_MR_MPRAGE_br_raw_20090922164806845_1_S74049_I155595.npy,0,1,0,1,0,0,0,0,0,0,,1,0
/root/workspace/lxs/ADNI/npy/,ADNI_002_S_2043_MR_MPRAGE_br_raw_20100901071618763_8_S91525_I191821.npy,0,1,0,1,0,,0,0,0,0,,1,0
/root/workspace/lxs/ADNI/npy/,ADNI_135_S_6104_MR_Accelerated_Sag_IR-FSPGR___br_raw_20171130154544576_144_S629806_I928920.npy,1,0,0,0,0,,0,0,0,0,,0,0
/root/workspace/lxs/ADNI/npy/,ADNI_032_S_2119_MR_MPRAGE_br_raw_20101006081511184_49_S92974_I194936.npy,0,1,0,1,0,,0,0,0,0,,1,0
/root/workspace/lxs/ADNI/npy/,00000006_S_6441.npy,0,1,0,1,0,,0,0,0,0,,1,0
/root/workspace/lxs/ADNI/npy/,ADNI_168_S_6492_MR_Accelerated_Sagittal_MPRAGE__br_raw_20180806165920079_56_S713177_I1031685.npy,1,0,0,0,0,,0,0,0,0,,0,0
/root/workspace/lxs/ADNI/npy/,ADNI_007_S_2058_MR_Accelerated_SAG_IR-SPGR__br_raw_20100902134847177_180_S91590_I191954.npy,0,1,0,1,0,,0,0,0,0,,1,0
/root/workspace/lxs/ADNI/npy/,ADNI_033_S_6572_MR_Accelerated_Sagittal_MPRAGE__br_raw_20180905092530775_154_S724488_I1045204.npy,1,0,0,0,0,,0,0,0,0,,0,0
/root/workspace/lxs/ADNI/npy/,ADNI_137_S_1414_MR_MP-RAGE__br_raw_20090827101803061_1_S72806_I153787.npy,0,1,0,1,0,0,0,0,0,0,,1,0
/root/workspace/lxs/ADNI/npy/,ADNI_032_S_0677_MR_MPRAGE_br_raw_20100802153904539_90_S89769_I189180.npy,1,0,0,0,0,0,0,0,0,0,,0,0
/root/workspace/lxs/ADNI/npy/,ADNI_027_S_1213_MR_MP-RAGE__br_raw_20090126173604255_1_S62260_I134499.npy,0,1,0,1,0,0,0,0,0,0,,1,0
/root/workspace/lxs/ADNI/npy/,ADNI_014_S_2308_MR_MPRAGE_br_raw_20110217125443143_125_S100040_I217969.npy,0,1,0,1,0,,0,0,0,0,,1,0
/root/workspace/lxs/ADNI/npy/,ADNI_036_S_0656_MR_MPRAGE_br_raw_20090723193003782_1_S70534_I150230.npy,0,1,0,1,0,0,0,0,0,0,,1,0
/root/workspace/lxs/ADNI/npy/,ADNI_023_S_0058_MR_MPRAGE_br_raw_20100319144152203_137_S81389_I168313.npy,1,0,0,0,0,0,0,0,0,0,,0,0
/root/workspace/lxs/ADNI/npy/,00000007_S_6341.npy,0,1,0,1,0,,0,0,0,0,,1,0
/root/workspace/lxs/ADNI/npy/,ADNI_098_S_2052_MR_Accelerated_Sag_IR-SPGR__br_raw_20100909125151200_115_S91923_I192488.npy,0,1,0,1,0,,0,0,0,0,,1,0
/root/workspace/lxs/ADNI/npy/,ADNI_141_S_6008_MR_Accelerated_Sagittal_MPRAGE__br_raw_20170414151252566_160_S554628_I839474.npy,1,0,0,0,0,,0,0,0,0,,0,0
/root/workspace/lxs/ADNI/npy/,00000027_S_6002.npy,0,1,0,1,0,,0,0,0,0,,1,0
/root/workspace/lxs/ADNI/npy/,ADNI_020_S_6566_MR_Accelerated_Sagittal_MPRAGE__br_raw_20180906133031334_92_S724792_I1045619.npy,1,0,0,0,0,,0,0,0,0,,0,0
/root/workspace/lxs/ADNI/npy/,ADNI_014_S_0169_MR_MP-RAGE__br_raw_20100204150224569_144_S79737_I165780.npy,0,1,0,1,0,0,0,0,0,0,,1,0
/root/workspace/lxs/ADNI/npy/,ADNI_131_S_1389_MR_MP-RAGE__br_raw_20100709102822087_26_S88834_I181374.npy,0,1,0,1,0,0,0,0,0,0,,1,0
/root/workspace/lxs/ADNI/npy/,ADNI_003_S_6067_MR_Accelerated_Sagittal_MPRAGE__br_raw_20170929150556024_46_S615856_I912447.npy,1,0,0,0,0,,0,0,0,0,,0,0
/root/workspace/lxs/ADNI/npy/,ADNI_018_S_2180_MR_MPRAGE_br_raw_20101209104657021_13_S96133_I207992.npy,0,1,0,1,0,,0,0,0,0,,1,0
/root/workspace/lxs/ADNI/npy/,ADNI_033_S_1309_MR_MP-RAGE__br_raw_20090225154735204_3_S63603_I137046.npy,0,1,0,1,0,0,0,0,0,0,,1,0
/root/workspace/lxs/ADNI/npy/,ADNI_941_S_6580_MR_Accelerated_Sagittal_MPRAGE__br_raw_20180910133430726_13_S725681_I1046736.npy,1,0,0,0,0,,0,0,0,0,,0,0
/root/workspace/lxs/ADNI/npy/,ADNI_022_S_6069_MR_Accelerated_Sagittal_MPRAGE__br_raw_20170825154345956_147_S600948_I895056.npy,1,0,0,0,0,,0,0,0,0,,0,0
/root/workspace/lxs/ADNI/npy/,ADNI_130_S_0289_MR_MP-RAGE__br_raw_20100512102647440_26_S84788_I173500.npy,0,1,0,1,0,0,0,0,0,0,,1,0
/root/workspace/lxs/ADNI/npy/,ADNI_018_S_0406_MR_MPRAGE_br_raw_20090710100510171_1_S69761_I148501.npy,0,1,0,1,0,0,0,0,0,0,,1,0
/root/workspace/lxs/ADNI/npy/,ADNI_027_S_6183_MR_Accelerated_Sagittal_IR-FSPGR__br_raw_20180201160649344_128_S655257_I959453.npy,1,0,0,0,0,,0,0,0,0,,0,0
/root/workspace/lxs/ADNI/npy/,ADNI_094_S_1314_MR_MP-RAGE__br_raw_20100322143413515_33_S81492_I168429.npy,0,1,0,1,0,0,0,0,0,0,,1,0
/root/workspace/lxs/ADNI/npy/,ADNI_029_S_0914_MR_MP-RAGE__br_raw_20100205123506439_4_S79808_I165872.npy,0,1,0,1,0,0,0,0,0,0,,1,0
/root/workspace/lxs/ADNI/npy/,ADNI_007_S_6323_MR_Accelerated_Sagittal_MPRAGE__br_raw_20180418112444100_54_S677652_I986872.npy,1,0,0,0,0,,0,0,0,0,,0,0
/root/workspace/lxs/ADNI/npy/,ADNI_033_S_0922_MR_MP-RAGE__br_raw_20091030125801186_3_S75730_I158043.npy,0,1,0,1,0,0,0,0,0,0,,1,0
/root/workspace/lxs/ADNI/npy/,ADNI_014_S_6145_MR_Accelerated_Sagittal_MPRAGE__br_raw_20171219174030142_169_S645977_I948081.npy,1,0,0,0,0,,0,0,0,0,,0,0
/root/workspace/lxs/ADNI/npy/,ADNI_098_S_2047_MR_Accelerated_Sag_IR-SPGR__br_raw_20100826163852140_117_S91294_I191489.npy,0,1,0,1,0,,0,0,0,0,,1,0
/root/workspace/lxs/ADNI/npy/,ADNI_130_S_6105_MR_Sagittal_3D_Accelerated_MPRAGE_br_raw_20171103110011389_128_S627832_I926577.npy,1,0,0,0,0,,0,0,0,0,,0,0
/root/workspace/lxs/ADNI/npy/,00000023_S_6535.npy,0,1,0,1,0,,0,0,0,0,,1,0
/root/workspace/lxs/ADNI/npy/,ADNI_029_S_0843_MR_MP-RAGE__br_raw_20091120165952123_71_S76699_I159681.npy,1,0,0,0,0,0,0,0,0,0,,0,0
/root/workspace/lxs/ADNI/npy/,ADNI_116_S_0649_MR_MP-RAGE__br_raw_20090814154126079_1_S72457_I153216.npy,0,1,0,1,0,0,0,0,0,0,,1,0
/root/workspace/lxs/ADNI/npy/,ADNI_023_S_6374_MR_Accelerated_Sagittal_MPRAGE__br_raw_20180525155032970_194_S689824_I1002815.npy,1,0,0,0,0,,0,0,0,0,,0,0
/root/workspace/lxs/ADNI/npy/,ADNI_099_S_2042_MR_MPRAGE_br_raw_20100818124926738_71_S90767_I190791.npy,0,1,0,1,0,,0,0,0,0,,1,0
/root/workspace/lxs/ADNI/npy/,ADNI_127_S_6024_MR_Accelerated_Sagittal_IR-FSPGR__br_raw_20171115144656499_45_S632099_I931614.npy,1,0,0,0,0,,0,0,0,0,,0,0
/root/workspace/lxs/ADNI/npy/,00000109_S_6376.npy,0,1,0,1,0,,0,0,0,0,,1,0
/root/workspace/lxs/ADNI/npy/,00000131_S_6143.npy,0,1,0,1,0,,0,0,0,0,,1,0
/root/workspace/lxs/ADNI/npy/,ADNI_041_S_6354_MR_Accelerated_Sagittal_MPRAGE__br_raw_20180529115407639_130_S690180_I1003294.npy,1,0,0,0,0,,0,0,0,0,,0,0
/root/workspace/lxs/ADNI/npy/,00000130_S_6047.npy,0,1,0,1,0,,0,0,0,0,,1,0
/root/workspace/lxs/ADNI/npy/,ADNI_114_S_0173_MR_MPRAGE_br_raw_20090311103317622_138_S64286_I138330.npy,1,0,0,0,0,0,0,0,0,0,,0,0
/root/workspace/lxs/ADNI/npy/,ADNI_053_S_0507_MR_MP-RAGE__br_raw_20090521121027812_3_S67536_I144312.npy,0,1,0,1,0,0,0,0,0,0,,1,0
/root/workspace/lxs/ADNI/npy/,ADNI_041_S_0262_MR_MPRAGE_br_raw_20100409094831908_70_S83134_I170756.npy,1,0,0,0,0,0,0,0,0,0,,0,0
/root/workspace/lxs/ADNI/npy/,ADNI_100_S_6273_MR_Sagittal_3D_Accelerated_MPRAGE_br_raw_20180412150007519_1_S676015_I984878.npy,1,0,0,0,0,,0,0,0,0,,0,0
/root/workspace/lxs/ADNI/npy/,ADNI_141_S_1378_MR_MPRAGE_br_raw_20080428152640208_98_S49400_I104130.npy,0,1,0,1,0,0,0,0,0,0,,1,0
/root/workspace/lxs/ADNI/npy/,ADNI_024_S_6472_MR_Accelerated_Sagittal_MPRAGE__br_raw_20180703134025672_73_S700935_I1016587.npy,1,0,0,0,0,,0,0,0,0,,0,0
/root/workspace/lxs/ADNI/npy/,ADNI_941_S_6454_MR_Accelerated_Sagittal_MPRAGE__br_raw_20180627120646481_101_S699034_I1014117.npy,1,0,0,0,0,,0,0,0,0,,0,0
/root/workspace/lxs/ADNI/npy/,ADNI_052_S_2249_MR_Accelerated_Sag_IR-SPGR__br_raw_20101215124002444_174_S96515_I208716.npy,0,1,0,1,0,,0,0,0,0,,1,0
/root/workspace/lxs/ADNI/npy/,ADNI_128_S_0715_MR_REPEAT_SAG_3D_MPRAGE_br_raw_20070802214054492_5_S36826_I64446.npy,0,1,0,1,0,0,0,0,0,0,,1,0
/root/workspace/lxs/ADNI/npy/,ADNI_041_S_6192_MR_Accelerated_Sagittal_MPRAGE__br_raw_20180202100848710_147_S655414_I959644.npy,1,0,0,0,0,,0,0,0,0,,0,0
/root/workspace/lxs/ADNI/npy/,ADNI_116_S_1315_MR_MP-RAGE__br_raw_20100401143828147_138_S82700_I170064.npy,0,1,0,1,0,0,0,0,0,0,,1,0
/root/workspace/lxs/ADNI/npy/,ADNI_131_S_6170_MR_Sagittal_3D_Accelerated_MPRAGE_br_raw_20180515082917242_23_S685474_I997517.npy,1,0,0,0,0,,0,0,0,0,,0,0
/root/workspace/lxs/ADNI/npy/,00000023_S_6356.npy,0,1,0,1,0,,0,0,0,0,,1,0
/root/workspace/lxs/ADNI/npy/,ADNI_073_S_0089_MR_MPRAGE_br_raw_20090203115955837_98_S62603_I135141.npy,1,0,0,0,0,0,0,0,0,0,,0,0
/root/workspace/lxs/ADNI/npy/,00000037_S_6083.npy,0,1,0,1,0,,0,0,0,0,,1,0
/root/workspace/lxs/ADNI/npy/,ADNI_168_S_6131_MR_Accelerated_Sagittal_MPRAGE__br_raw_20180108144803578_185_S648469_I951181.npy,1,0,0,0,0,,0,0,0,0,,0,0
/root/workspace/lxs/ADNI/npy/,ADNI_023_S_2068_MR_MPRAGE_br_raw_20100917160201937_52_S92230_I193007.npy,0,1,0,1,0,,0,0,0,0,,1,0
/root/workspace/lxs/ADNI/npy/,ADNI_003_S_6260_MR_Accelerated_Sagittal_MPRAGE__raw_20180522221050379_22_S688417_I1001084.npy,1,0,0,0,0,,0,0,0,0,,0,0
/root/workspace/lxs/ADNI/npy/,ADNI_027_S_0485_MR_MP-RAGE__br_raw_20071106155929847_1_S42310_I80992.npy,0,1,0,1,0,0,0,0,0,0,,1,0
/root/workspace/lxs/ADNI/npy/,ADNI_114_S_2392_MR_MPRAGE_br_raw_20110624141320765_85_S112488_I241614.npy,0,1,0,1,0,,0,0,0,0,,1,0
/root/workspace/lxs/ADNI/npy/,ADNI_041_S_0314_MR_MPRAGE_br_raw_20100520093221939_82_S85269_I174182.npy,0,1,0,1,0,0,0,0,0,0,,1,0
/root/workspace/lxs/ADNI/npy/,ADNI_133_S_0912_MR_MP-RAGE__br_raw_20081106150811656_3_S58409_I125423.npy,0,1,0,1,0,0,0,0,0,0,,1,0
/root/workspace/lxs/ADNI/npy/,ADNI_127_S_6330_MR_Accelerated_Sagittal_IR-FSPGR__br_raw_20180530100639926_132_S690617_I1003831.npy,1,0,0,0,0,,0,0,0,0,,0,0
/root/workspace/lxs/ADNI/npy/,ADNI_128_S_2045_MR_MPRAGE_br_raw_20100829132141071_42_S91366_I191601.npy,0,1,0,1,0,,0,0,0,0,,1,0
/root/workspace/lxs/ADNI/npy/,00000116_S_6428.npy,0,1,0,1,0,,0,0,0,0,,1,0
/root/workspace/lxs/ADNI/npy/,ADNI_024_S_6005_MR_Accelerated_Sagittal_MPRAGE__br_raw_20170313165704125_136_S544988_I828694.npy,1,0,0,0,0,,0,0,0,0,,0,0
/root/workspace/lxs/ADNI/npy/,ADNI_082_S_2099_MR_MPRAGE_br_raw_20100921121141132_27_S92304_I193109.npy,0,1,0,1,0,,0,0,0,0,,1,0
/root/workspace/lxs/ADNI/npy/,ADNI_099_S_6476_MR_Accelerated_Sag_IR-FSPGR___br_raw_20180727144416461_70_S710062_I1027856.npy,1,0,0,0,0,,0,0,0,0,,0,0
/root/workspace/lxs/ADNI/npy/,ADNI_005_S_0222_MR_MP-RAGE__br_raw_20080327144914333_3_S47599_I99685.npy,0,1,0,1,0,0,0,0,0,0,,1,0
/root/workspace/lxs/ADNI/npy/,ADNI_021_S_0337_MR_MP-RAGE__br_raw_20100505135304718_138_S84483_I173062.npy,1,0,0,0,0,0,0,0,0,0,,0,0
/root/workspace/lxs/ADNI/npy/,ADNI_037_S_0501_MR_MP-RAGE__br_raw_20090923162832610_86_S74159_I155643.npy,0,1,0,1,0,0,0,0,0,0,,1,0
/root/workspace/lxs/ADNI/npy/,ADNI_003_S_0908_MR_MPRAGE_br_raw_20091022213424890_60_S75440_I157593.npy,0,1,0,1,0,0,0,0,0,0,,1,0
/root/workspace/lxs/ADNI/npy/,ADNI_012_S_0637_MR_MPRAGE_AUTOSHIM_ON_br_raw_20090904155022203_1_S73344_I154499.npy,1,0,0,0,0,0,0,0,0,0,,0,0
/root/workspace/lxs/ADNI/npy/,ADNI_018_S_0087_MR_MPRAGE_ASO_br_raw_20070801133919016_86_S36727_I63688.npy,0,1,0,1,0,0,0,0,0,0,,1,0
/root/workspace/lxs/ADNI/npy/,ADNI_036_S_1023_MR_MPRAGE_br_raw_20100113131728362_1_S78290_I163447.npy,1,0,0,0,0,0,0,0,0,0,,0,0
/root/workspace/lxs/ADNI/npy/,ADNI_131_S_1301_MR_MP-RAGE__br_raw_20100302144322396_68_S80537_I167080.npy,1,0,0,0,0,0,0,0,0,0,,0,0
/root/workspace/lxs/ADNI/npy/,00000341_S_6686.npy,0,1,0,1,0,,0,0,0,0,,1,0
/root/workspace/lxs/ADNI/npy/,ADNI_005_S_6084_MR_Accelerated_Sagittal_IR-FSPGR__br_raw_20171006105407043_178_S618192_I915206.npy,1,0,0,0,0,,0,0,0,0,,0,0
/root/workspace/lxs/ADNI/npy/,ADNI_016_S_0702_MR_MPRAGE_br_raw_20090901091800527_153_S72946_I154002.npy,0,1,0,1,0,0,0,0,0,0,,1,0
/root/workspace/lxs/ADNI/npy/,ADNI_023_S_0855_MR_MPRAGE_br_raw_20080321131531968_1_S47315_I99179.npy,0,1,0,1,0,0,0,0,0,0,,1,0
/root/workspace/lxs/ADNI/npy/,ADNI_100_S_0015_MR_ADNI_new___MPRAGE__br_raw_20090429110603896_170_S66778_I142764.npy,1,0,0,0,0,0,0,0,0,0,,0,0
/root/workspace/lxs/ADNI/npy/,ADNI_036_S_0976_MR_MPRAGE_br_raw_20100204160334561_1_S79731_I165770.npy,0,1,0,1,0,0,0,0,0,0,,1,0
/root/workspace/lxs/ADNI/npy/,ADNI_073_S_0445_MR_MPRAGE_br_raw_20060620104230908_98_S15683_I17227.npy,0,1,0,1,0,0,0,0,0,0,,1,0
/root/workspace/lxs/ADNI/npy/,ADNI_130_S_6035_MR_Sagittal_3D_Accelerated_MPRAGE_br_raw_20171003170211592_167_S617391_I914208.npy,1,0,0,0,0,,0,0,0,0,,0,0
/root/workspace/lxs/ADNI/npy/,ADNI_014_S_0563_MR_MP-RAGE__br_raw_20090722090845869_35_S70380_I149949.npy,0,1,0,1,0,0,0,0,0,0,,1,0
/root/workspace/lxs/ADNI/npy/,ADNI_094_S_6269_MR_Accelerated_Sagittal_MPRAGE__br_raw_20180330130907487_78_S672071_I979935.npy,1,0,0,0,0,,0,0,0,0,,0,0
/root/workspace/lxs/ADNI/npy/,ADNI_023_S_1046_MR_MPRAGE_br_raw_20091105143406031_1_S75882_I158300.npy,0,1,0,1,0,0,0,0,0,0,,1,0
/root/workspace/lxs/ADNI/npy/,ADNI_099_S_0090_MR_MPRAGE_br_raw_20090127081626495_98_S62271_I134528.npy,1,0,0,0,0,0,0,0,0,0,,0,0
/root/workspace/lxs/ADNI/npy/,00000003_S_6258.npy,0,1,0,1,0,,0,0,0,0,,1,0
/root/workspace/lxs/ADNI/npy/,ADNI_067_S_6443_MR_Accelerated_Sagittal_MPRAGE__br_raw_20180618121151366_169_S696646_I1011216.npy,1,0,0,0,0,,0,0,0,0,,0,0
/root/workspace/lxs/ADNI/npy/,ADNI_133_S_0638_MR_Sag_MPRAGE_br_raw_20090918162211453_1_S73936_I155350.npy,0,1,0,1,0,0,0,0,0,0,,1,0
/root/workspace/lxs/ADNI/npy/,ADNI_082_S_6563_MR_Accelerated_Sagittal_MPRAGE__br_raw_20180924102628743_57_S729285_I1051051.npy,1,0,0,0,0,,0,0,0,0,,0,0
/root/workspace/lxs/ADNI/npy/,ADNI_136_S_0429_MR_MP-RAGE__br_raw_20090714145144120_1_S69984_I148977.npy,0,1,0,1,0,0,0,0,0,0,,1,0
/root/workspace/lxs/ADNI/npy/,ADNI_031_S_2022_MR_MPRAGE_br_raw_20100715143835351_140_S89098_I184533.npy,0,1,0,1,0,,0,0,0,0,,1,0
/root/workspace/lxs/ADNI/npy/,ADNI_114_S_0166_MR_MPRAGE_br_raw_20090311092315950_22_S64271_I138303.npy,1,0,0,0,0,0,0,0,0,0,,0,0
/root/workspace/lxs/ADNI/npy/,ADNI_014_S_6502_MR_Accelerated_Sagittal_MPRAGE__br_raw_20180817121119784_5_S718061_I1037417.npy,1,0,0,0,0,,0,0,0,0,,0,0
/root/workspace/lxs/ADNI/npy/,ADNI_057_S_1217_MR_MPRAGE_br_raw_20110328190038962_58_S102502_I225113.npy,0,1,0,1,0,0,0,0,0,0,,1,0
/root/workspace/lxs/ADNI/npy/,ADNI_033_S_6266_MR_Accelerated_Sagittal_MPRAGE__br_raw_20180309132258271_1_S665410_I971748.npy,1,0,0,0,0,,0,0,0,0,,0,0
/root/workspace/lxs/ADNI/npy/,ADNI_941_S_6384_MR_Accelerated_Sagittal_MPRAGE__br_raw_20180604114953815_78_S691655_I1005122.npy,1,0,0,0,0,,0,0,0,0,,0,0
/root/workspace/lxs/ADNI/npy/,ADNI_068_S_1075_MR_ADNI_SH____MPRAGE_ASO__br_raw_20080910143344138_85_S56350_I117730.npy,0,1,0,1,0,0,0,0,0,0,,1,0
/root/workspace/lxs/ADNI/npy/,ADNI_128_S_1088_MR_MPRAGE_br_raw_20091030131546984_103_S75755_I158075.npy,0,1,0,1,0,0,0,0,0,0,,1,0
/root/workspace/lxs/ADNI/npy/,ADNI_131_S_0319_MR_MP-RAGE__br_raw_20061020133306821_1_S20477_I26800.npy,1,0,0,0,0,0,0,0,0,0,,0,0
/root/workspace/lxs/ADNI/npy/,ADNI_057_S_0941_MR_MPRAGE_br_raw_20081023140806234_98_S57832_I123126.npy,0,1,0,1,0,0,0,0,0,0,,1,0
/root/workspace/lxs/ADNI/npy/,ADNI_052_S_1250_MR_MP-RAGE__br_raw_20100607114324889_98_S86978_I176995.npy,1,0,0,0,0,0,0,0,0,0,,0,0
/root/workspace/lxs/ADNI/npy/,ADNI_057_S_0839_MR_MPRAGE_br_raw_20091015100317229_80_S75181_I157161.npy,0,1,0,1,0,0,0,0,0,0,,1,0
/root/workspace/lxs/ADNI/npy/,ADNI_128_S_0522_MR_REPEAT_SAG_3D_MPRAGE_br_raw_20090806134206234_106_S72026_I152574.npy,1,0,0,0,0,0,0,0,0,0,,0,0
/root/workspace/lxs/ADNI/npy/,ADNI_032_S_2240_MR_MPRAGE_br_raw_20101216112423374_87_S96597_I208838.npy,0,1,0,1,0,,0,0,0,0,,1,0
/root/workspace/lxs/ADNI/npy/,00000070_S_6229.npy,0,1,0,1,0,,0,0,0,0,,1,0
/root/workspace/lxs/ADNI/npy/,ADNI_068_S_2193_MR_MPRAGE_br_raw_20101203113011319_101_S95762_I207426.npy,0,1,0,1,0,,0,0,0,0,,1,0
/root/workspace/lxs/ADNI/npy/,ADNI_129_S_6146_MR_Accelerated_Sag_IR-FSPGR___br_raw_20171219130910366_168_S645782_I947862.npy,1,0,0,0,0,,0,0,0,0,,0,0
/root/workspace/lxs/ADNI/npy/,ADNI_022_S_0924_MR_MPRAGE_Repeat__br_raw_20070529092910768_23_S32697_I55337.npy,0,1,0,1,0,0,0,0,0,0,,1,0
/root/workspace/lxs/ADNI/npy/,ADNI_135_S_6359_MR_Accelerated_Sag_IR-FSPGR___br_raw_20180510155735831_56_S684334_I996107.npy,1,0,0,0,0,,0,0,0,0,,0,0
/root/workspace/lxs/ADNI/npy/,ADNI_053_S_2396_MR_MPRAGE_br_raw_20110728121454125_4_S116651_I247535.npy,0,1,0,1,0,,0,0,0,0,,1,0
/root/workspace/lxs/ADNI/npy/,ADNI_033_S_6298_MR_Accelerated_Sagittal_MPRAGE__br_raw_20180412115919714_106_S675965_I984807.npy,1,0,0,0,0,,0,0,0,0,,0,0
/root/workspace/lxs/ADNI/npy/,ADNI_082_S_0641_MR_MPRAGE_SAG_br_raw_20060620142336161_98_S15699_I17259.npy,0,1,0,1,0,0,0,0,0,0,,1,0
/root/workspace/lxs/ADNI/npy/,ADNI_009_S_6212_MR_Accelerated_Sag_IR-FSPGR_br_raw_20180227103604016_26_S662644_I968465.npy,1,0,0,0,0,,0,0,0,0,,0,0
/root/workspace/lxs/ADNI/npy/,00000027_S_6370.npy,0,1,0,1,0,,0,0,0,0,,1,0
/root/workspace/lxs/ADNI/npy/,ADNI_016_S_0359_MR_MPRAGE_br_raw_20090622110555277_98_S69076_I146568.npy,1,0,0,0,0,0,0,0,0,0,,0,0
/root/workspace/lxs/ADNI/npy/,ADNI_033_S_0906_MR_MP-RAGE__br_raw_20091002155756458_3_S74386_I155983.npy,0,1,0,1,0,0,0,0,0,0,,1,0
/root/workspace/lxs/ADNI/npy/,ADNI_029_S_6505_MR_Accelerated_Sag_IR-FSPGR___br_raw_20181026114303745_177_S740206_I1064831.npy,1,0,0,0,0,,0,0,0,0,,0,0
/root/workspace/lxs/ADNI/npy/,ADNI_013_S_2389_MR_MPRAGE_br_raw_20110624150420867_166_S112355_I241411.npy,0,1,0,1,0,,0,0,0,0,,1,0
/root/workspace/lxs/ADNI/npy/,ADNI_023_S_0217_MR_MPRAGE_br_raw_20100312123317975_22_S81061_I167824.npy,0,1,0,1,0,0,0,0,0,0,,1,0
/root/workspace/lxs/ADNI/npy/,ADNI_137_S_0668_MR_MP-RAGE__br_raw_20090825094957033_1_S72706_I153625.npy,0,1,0,1,0,0,0,0,0,0,,1,0
/root/workspace/lxs/ADNI/npy/,ADNI_010_S_0067_MR_ASO-MPRAGE_br_raw_20080129115255805_155_S45044_I88825.npy,1,0,0,0,0,0,0,0,0,0,,0,0
/root/workspace/lxs/ADNI/npy/,ADNI_022_S_0544_MR_MPRAGE_Repeat__br_raw_20080514162635911_29_S50132_I105625.npy,0,1,0,1,0,0,0,0,0,0,,1,0
/root/workspace/lxs/ADNI/npy/,ADNI_168_S_6233_MR_Accelerated_Sagittal_MPRAGE__br_raw_20180226142908946_117_S662438_I968225.npy,1,0,0,0,0,,0,0,0,0,,0,0
/root/workspace/lxs/ADNI/npy/,ADNI_109_S_0876_MR_MPRAGE_br_raw_20060920205315571_1_S19132_I24763.npy,1,0,0,0,0,0,0,0,0,0,,0,0
/root/workspace/lxs/ADNI/npy/,ADNI_067_S_0045_MR_MPRAGE_br_raw_20060719155422588_98_S16967_I19190.npy,0,1,0,1,0,0,0,0,0,0,,1,0
/root/workspace/lxs/ADNI/npy/,ADNI_016_S_1028_MR_MPRAGE_br_raw_20081210131408487_98_S60736_I129967.npy,0,1,0,1,0,0,0,0,0,0,,1,0
/root/workspace/lxs/ADNI/npy/,ADNI_016_S_1138_MR_MPRAGE_br_raw_20070731154106006_47_S36688_I63269.npy,0,1,0,1,0,0,0,0,0,0,,1,0
/root/workspace/lxs/ADNI/npy/,ADNI_003_S_6257_MR_Accelerated_Sagittal_MPRAGE__br_raw_20180316104559281_109_S667501_I974338.npy,1,0,0,0,0,,0,0,0,0,,0,0
/root/workspace/lxs/ADNI/npy/,ADNI_116_S_1271_MR_MP-RAGE__br_raw_20100301123614628_176_S80509_I167045.npy,0,1,0,1,0,0,0,0,0,0,,1,0
/root/workspace/lxs/ADNI/npy/,ADNI_114_S_6113_MR_Accelerated_Sagittal_MPRAGE__br_raw_20180306083000447_111_S664010_I970020.npy,1,0,0,0,0,,0,0,0,0,,0,0
/root/workspace/lxs/ADNI/npy/,ADNI_057_S_1269_MR_MPRAGE_br_raw_20110328175718779_150_S102494_I225101.npy,0,1,0,1,0,0,0,0,0,0,,1,0
/root/workspace/lxs/ADNI/npy/,ADNI_002_S_0685_MR_MP-RAGE__br_raw_20090722002738871_1_S70360_I149924.npy,1,0,0,0,0,0,0,0,0,0,,0,0
/root/workspace/lxs/ADNI/npy/,00000941_S_6052.npy,0,1,0,1,0,,0,0,0,0,,1,0
/root/workspace/lxs/ADNI/npy/,ADNI_035_S_2074_MR_MPRAGE_br_raw_20101123103549001_86_S95156_I206273.npy,0,1,0,1,0,,0,0,0,0,,1,0
/root/workspace/lxs/ADNI/npy/,ADNI_168_S_6321_MR_Accelerated_Sagittal_MPRAGE__br_raw_20180504092744599_190_S682320_I992613.npy,1,0,0,0,0,,0,0,0,0,,0,0
/root/workspace/lxs/ADNI/npy/,00000036_S_6134.npy,0,1,0,1,0,,0,0,0,0,,1,0
/root/workspace/lxs/ADNI/npy/,ADNI_094_S_1330_MR_MP-RAGE__br_raw_20140707174342955_110_S224397_I434655.npy,0,1,0,1,0,0,0,0,0,0,,1,0
/root/workspace/lxs/ADNI/npy/,ADNI_094_S_6275_MR_Accelerated_Sagittal_MPRAGE__br_raw_20180418075015895_2_S677372_I986502.npy,1,0,0,0,0,,0,0,0,0,,0,0
/root/workspace/lxs/ADNI/npy/,ADNI_073_S_0746_MR_MPRAGE_br_raw_20100201184757082_89_S79603_I165598.npy,0,1,0,1,0,0,0,0,0,0,,1,0
/root/workspace/lxs/ADNI/npy/,ADNI_036_S_0748_MR_MPRAGE_br_raw_20080827143832756_1_S56005_I117115.npy,0,1,0,1,0,0,0,0,0,0,,1,0
/root/workspace/lxs/ADNI/npy/,ADNI_052_S_0989_MR_MP-RAGE__br_raw_20100222164034890_11_S80362_I166662.npy,0,1,0,1,0,0,0,0,0,0,,1,0
/root/workspace/lxs/ADNI/npy/,ADNI_128_S_0611_MR_REPEAT_SAG_3D_MPRAGE_br_raw_20140724143959832_108_S225829_I436691.npy,0,1,0,1,0,0,0,0,0,0,,1,0
/root/workspace/lxs/ADNI/npy/,ADNI_020_S_0899_MR_MPRAGE_br_raw_20091118125118234_160_S76597_I159479.npy,1,0,0,0,0,0,0,0,0,0,,0,0
/root/workspace/lxs/ADNI/npy/,ADNI_003_S_6259_MR_Accelerated_Sagittal_MPRAGE__br_raw_20180323234331389_68_S670001_I977365.npy,1,0,0,0,0,,0,0,0,0,,0,0
/root/workspace/lxs/ADNI/npy/,ADNI_116_S_0834_MR_MP-RAGE__br_raw_20091116094023707_101_S76467_I159287.npy,0,1,0,1,0,0,0,0,0,0,,1,0
/root/workspace/lxs/ADNI/npy/,ADNI_033_S_0567_MR_MP-RAGE__br_raw_20090616122851388_3_S68614_I145927.npy,0,1,0,1,0,0,0,0,0,0,,1,0
/root/workspace/lxs/ADNI/npy/,ADNI_305_S_6188_MR_Sagittal_3D_Accelerated_MPRAGE_br_raw_20180227164438538_1_S662746_I968581.npy,1,0,0,0,0,,0,0,0,0,,0,0
/root/workspace/lxs/ADNI/npy/,ADNI_016_S_1149_MR_MPRAGE_br_raw_20070319113444421_98_S28286_I45096.npy,0,1,0,1,0,0,0,0,0,0,,1,0
