path,filename,NC,MCI,DE,COG,AD,PD,FTD,VD,DLB,PDD,ADD,ALL,OTHER
/home/huangyunyou/amount_data/new_data/,00000012_S_0803.npy,0,0,1,2,1,0,,0,,0,1,2,
/home/huangyunyou/amount_data/new_data/,00000098_S_0884.npy,0,0,1,2,1,0,,0,,0,1,2,
/home/huangyunyou/amount_data/new_data/,00000116_S_0370.npy,0,0,1,2,1,0,,0,,0,1,2,
/home/huangyunyou/amount_data/new_data/,00000082_S_1079.npy,0,0,1,2,1,0,,0,,0,1,2,
/home/huangyunyou/amount_data/new_data/,00000013_S_0592.npy,0,0,1,2,1,0,,0,,0,1,2,
/home/huangyunyou/amount_data/new_data/,00000099_S_0372.npy,0,0,1,2,1,0,,0,,0,1,2,
/home/huangyunyou/amount_data/new_data/,00000123_S_0094.npy,0,0,1,2,1,0,,0,,0,1,2,
/home/huangyunyou/amount_data/new_data/,00000022_S_0543.npy,0,0,1,2,1,0,,0,,0,1,2,
/home/huangyunyou/amount_data/new_data/,00000137_S_0366.npy,0,0,1,2,1,0,,0,,0,1,2,
/home/huangyunyou/amount_data/new_data/,00000100_S_0747.npy,0,0,1,2,1,0,,0,,0,1,2,
/home/huangyunyou/amount_data/new_data/,00000036_S_0577.npy,0,0,1,2,1,0,,0,,0,1,2,
/home/huangyunyou/amount_data/new_data/,ADNI_100_S_6713_MR_Sagittal_3D_Accelerated_MPRAGE_br_raw_20190418160341621_1_S817034_I1156438.npy,0,0,1,2,1,,,,,,1,2,
/home/huangyunyou/amount_data/new_data/,ADNI_003_S_6264_MR_Accelerated_Sagittal_MPRAGE__raw_20180605145019152_25_S692116_I1005735.npy,0,0,1,2,1,,,,,,1,2,
/home/huangyunyou/amount_data/new_data/,ADNI_027_S_6648_MR_Accelerated_Sagittal_IR-FSPGR__br_raw_20190102215738079_82_S777830_I1108061.npy,0,0,1,2,1,,,,,,1,2,
/home/huangyunyou/amount_data/new_data/,00000094_S_1090.npy,0,0,1,2,1,0,,0,,0,1,2,
/home/huangyunyou/amount_data/new_data/,00000116_S_1083.npy,0,0,1,2,1,0,,0,,0,1,2,
/home/huangyunyou/amount_data/new_data/,00000057_S_1373.npy,0,0,1,2,1,0,,0,,0,1,2,
/home/huangyunyou/amount_data/new_data/,00000010_S_0829.npy,0,0,1,2,1,0,,0,,0,1,2,
/home/huangyunyou/amount_data/new_data/,00000109_S_1192.npy,0,0,1,2,1,0,,0,,0,1,2,
/home/huangyunyou/amount_data/new_data/,00000094_S_1164.npy,0,0,1,2,1,0,,0,,0,1,2,
/home/huangyunyou/amount_data/new_data/,00000094_S_1027.npy,0,0,1,2,1,0,,0,,0,1,2,
/home/huangyunyou/amount_data/new_data/,00000127_S_0844.npy,0,0,1,2,1,0,,0,,0,1,2,
/home/huangyunyou/amount_data/new_data/,00000011_S_0010.npy,0,0,1,2,1,0,,0,,0,1,2,
/home/huangyunyou/amount_data/new_data/,00000036_S_1001.npy,0,0,1,2,1,0,,0,,0,1,2,
/home/huangyunyou/amount_data/new_data/,00000021_S_0343.npy,0,0,1,2,1,0,,0,,0,1,2,
/home/huangyunyou/amount_data/new_data/,00000005_S_0814.npy,0,0,1,2,1,0,,0,,0,1,2,
/home/huangyunyou/amount_data/new_data/,00000013_S_1205.npy,0,0,1,2,1,0,,0,,0,1,2,
/home/huangyunyou/amount_data/new_data/,00000006_S_0653.npy,0,0,1,2,1,0,,0,,0,1,2,
/home/huangyunyou/amount_data/new_data/,00000032_S_1037.npy,0,0,1,2,1,0,,0,,0,1,2,
/home/huangyunyou/amount_data/new_data/,00000099_S_0492.npy,0,0,1,2,1,0,,0,,0,1,2,
/home/huangyunyou/amount_data/new_data/,ADNI_036_S_6179_MR_Accelerated_Sagittal_MPRAGE__br_raw_20180125160841714_167_S653392_I957103.npy,0,0,1,2,1,,,,,,1,2,
/home/huangyunyou/amount_data/new_data/,00000068_S_0109.npy,0,0,1,2,1,0,,0,,0,1,2,
/home/huangyunyou/amount_data/new_data/,00000022_S_0129.npy,0,0,1,2,1,0,,0,,0,1,2,
/home/huangyunyou/amount_data/new_data/,00000021_S_1109.npy,0,0,1,2,1,0,,0,,0,1,2,
/home/huangyunyou/amount_data/new_data/,00000011_S_0003.npy,0,0,1,2,1,0,,0,,0,1,2,
/home/huangyunyou/amount_data/new_data/,00000127_S_1382.npy,0,0,1,2,1,0,,0,,0,1,2,
/home/huangyunyou/amount_data/new_data/,00000116_S_0392.npy,0,0,1,2,1,0,,0,,0,1,2,
/home/huangyunyou/amount_data/new_data/,ADNI_019_S_6573_MR_Sagittal_3D_Accelerated_MPRAGE_br_raw_20180912133227978_29_S726533_I1047733.npy,0,0,1,2,1,,,,,,1,2,
/home/huangyunyou/amount_data/new_data/,ADNI_116_S_6543_MR_Accelerated_Sagittal_MPRAGE__br_raw_20180821112002979_77_S719354_I1038941.npy,0,0,1,2,1,,,,,,1,2,
/home/huangyunyou/amount_data/new_data/,00000130_S_1201.npy,0,0,1,2,1,0,,0,,0,1,2,
/home/huangyunyou/amount_data/new_data/,00000137_S_1041.npy,0,0,1,2,1,0,,0,,0,1,2,
/home/huangyunyou/amount_data/new_data/,00000041_S_1435.npy,0,0,1,2,1,0,,0,,0,1,2,
/home/huangyunyou/amount_data/new_data/,00000131_S_0497.npy,0,0,1,2,1,0,,0,,0,1,2,
/home/huangyunyou/amount_data/new_data/,ADNI_099_S_0090_MR_MPRAGE_br_raw_20090127081626495_98_S62271_I134528.npy,1,0,0,0,0,0,0,0,0,0,,0,0
/home/huangyunyou/amount_data/new_data/,00000067_S_6474.npy,0,1,0,1,0,,0,0,0,0,,1,0
/home/huangyunyou/amount_data/new_data/,ADNI_109_S_1014_MR_MPRAGE_br_raw_20140711144937229_149_S224782_I435190.npy,1,0,0,0,0,0,0,0,0,0,,0,0
/home/huangyunyou/amount_data/new_data/,00000130_S_6329.npy,0,1,0,1,0,,0,0,0,0,,1,0
/home/huangyunyou/amount_data/new_data/,ADNI_036_S_0945_MR_MPRAGE_br_raw_20091116131907972_1_S76478_I159304.npy,0,1,0,1,0,0,0,0,0,0,,1,0
/home/huangyunyou/amount_data/new_data/,ADNI_002_S_2010_MR_MPRAGE_br_raw_20100625000702005_12_S88111_I180310.npy,0,1,0,1,0,,0,0,0,0,,1,0
/home/huangyunyou/amount_data/new_data/,ADNI_099_S_0352_MR_MPRAGE_br_raw_20100428101642014_16_S83899_I172065.npy,1,0,0,0,0,0,0,0,0,0,,0,0
/home/huangyunyou/amount_data/new_data/,ADNI_013_S_1275_MR_MPRAGE_br_raw_20081217122318484_98_S60939_I131152.npy,0,1,0,1,0,0,0,0,0,0,,1,0
/home/huangyunyou/amount_data/new_data/,ADNI_037_S_0150_MR_MP-RAGE__br_raw_20090422142747677_85_S66566_I142324.npy,0,1,0,1,0,0,0,0,0,0,,1,0
/home/huangyunyou/amount_data/new_data/,ADNI_135_S_6473_MR_Accelerated_Sag_IR-FSPGR___br_raw_20180629183546256_28_S700395_I1015812.npy,1,0,0,0,0,,0,0,0,0,,0,0
/home/huangyunyou/amount_data/new_data/,ADNI_130_S_6043_MR_Sagittal_3D_Accelerated_MPRAGE_br_raw_20200805115511270_99_S581424_I871899.npy,1,0,0,0,0,,0,0,0,0,,0,0
/home/huangyunyou/amount_data/new_data/,ADNI_114_S_1106_MR_MP_RAGE_SAGITTAL_br_raw_20100104235110837_98_S77853_I161900.npy,0,1,0,1,0,0,0,0,0,0,,1,0
/home/huangyunyou/amount_data/new_data/,ADNI_031_S_0294_MR_MPRAGE_ASO_br_raw_20090403154141161_1_S65459_I140388.npy,0,1,0,1,0,0,0,0,0,0,,1,0
/home/huangyunyou/amount_data/new_data/,ADNI_052_S_1251_MR_MP-RAGE__br_raw_20100607102001936_15_S86973_I176986.npy,1,0,0,0,0,0,0,0,0,0,,0,0
/home/huangyunyou/amount_data/new_data/,00000003_S_6432.npy,0,1,0,1,0,,0,0,0,0,,1,0
/home/huangyunyou/amount_data/new_data/,ADNI_094_S_6468_MR_Accelerated_Sagittal_MPRAGE__br_raw_20180723114733969_47_S707265_I1024384.npy,1,0,0,0,0,,0,0,0,0,,0,0
/home/huangyunyou/amount_data/new_data/,ADNI_012_S_0637_MR_MPRAGE_AUTOSHIM_ON_br_raw_20090904155022203_1_S73344_I154499.npy,1,0,0,0,0,0,0,0,0,0,,0,0
/home/huangyunyou/amount_data/new_data/,ADNI_014_S_0563_MR_MP-RAGE__br_raw_20090722090845869_35_S70380_I149949.npy,0,1,0,1,0,0,0,0,0,0,,1,0
/home/huangyunyou/amount_data/new_data/,ADNI_177_S_6335_MR_Sagittal_3D_Accelerated_MPRAGE_br_raw_20180509145520966_35_S683880_I995457.npy,1,0,0,0,0,,0,0,0,0,,0,0
/home/huangyunyou/amount_data/new_data/,ADNI_007_S_0344_MR_MP-RAGE__br_raw_20100617151806727_49_S87404_I179132.npy,0,1,0,1,0,0,0,0,0,0,,1,0
/home/huangyunyou/amount_data/new_data/,ADNI_033_S_0923_MR_MP-RAGE__br_raw_20091030130921014_3_S75736_I158052.npy,1,0,0,0,0,0,0,0,0,0,,0,0
/home/huangyunyou/amount_data/new_data/,ADNI_033_S_0922_MR_MP-RAGE__br_raw_20091030125801186_3_S75730_I158043.npy,0,1,0,1,0,0,0,0,0,0,,1,0
/home/huangyunyou/amount_data/new_data/,ADNI_027_S_0408_MR_MP-RAGE__br_raw_20100520143741059_20_S85293_I174215.npy,0,1,0,1,0,0,0,0,0,0,,1,0
/home/huangyunyou/amount_data/new_data/,ADNI_035_S_0156_MR_MPRAGE_br_raw_20100303145740438_78_S80595_I167167.npy,1,0,0,0,0,0,0,0,0,0,,0,0
/home/huangyunyou/amount_data/new_data/,ADNI_053_S_2396_MR_MPRAGE_br_raw_20110728121454125_4_S116651_I247535.npy,0,1,0,1,0,,0,0,0,0,,1,0
/home/huangyunyou/amount_data/new_data/,00000006_S_6243.npy,0,1,0,1,0,,0,0,0,0,,1,0
/home/huangyunyou/amount_data/new_data/,ADNI_037_S_6187_MR_Accelerated_Sagittal_MPRAGE__br_raw_20180314161527123_1_S666905_I973541.npy,1,0,0,0,0,,0,0,0,0,,0,0
/home/huangyunyou/amount_data/new_data/,ADNI_016_S_2031_MR_Accelerated_SAG_IR-SPGR__br_raw_20100812091733936_53_S90395_I190004.npy,0,1,0,1,0,,0,0,0,0,,1,0
/home/huangyunyou/amount_data/new_data/,ADNI_023_S_1126_MR_MPRAGE_br_raw_20090206133757119_1_S62753_I135446.npy,0,1,0,1,0,0,0,0,0,0,,1,0
/home/huangyunyou/amount_data/new_data/,ADNI_094_S_6278_MR_Accelerated_Sagittal_MPRAGE__br_raw_20180525113429934_168_S689530_I1002458.npy,1,0,0,0,0,,0,0,0,0,,0,0
/home/huangyunyou/amount_data/new_data/,ADNI_137_S_0973_MR_MP-RAGE__br_raw_20091204122900951_1_S76919_I160274.npy,0,1,0,1,0,0,0,0,0,0,,1,0
/home/huangyunyou/amount_data/new_data/,ADNI_020_S_6566_MR_Accelerated_Sagittal_MPRAGE__br_raw_20180906133031334_92_S724792_I1045619.npy,1,0,0,0,0,,0,0,0,0,,0,0
/home/huangyunyou/amount_data/new_data/,ADNI_041_S_1412_MR_MPRAGE_br_raw_20080729142019200_97_S54204_I114461.npy,0,1,0,1,0,0,0,0,0,0,,1,0
/home/huangyunyou/amount_data/new_data/,ADNI_129_S_2347_MR_IR-SPGR__br_raw_20110421120149034_166_S104873_I228523.npy,0,1,0,1,0,,0,0,0,0,,1,0
/home/huangyunyou/amount_data/new_data/,ADNI_100_S_6349_MR_Sagittal_3D_Accelerated_MPRAGE_br_raw_20180516153042333_1_S686169_I998328.npy,1,0,0,0,0,,0,0,0,0,,0,0
/home/huangyunyou/amount_data/new_data/,ADNI_041_S_1425_MR_MPRAGE_br_raw_20100820104540768_68_S90928_I191012.npy,0,1,0,1,0,0,0,0,0,0,,1,0
/home/huangyunyou/amount_data/new_data/,ADNI_037_S_6032_MR_Accelerated_Sagittal_MPRAGE__br_raw_20170615155211584_199_S573068_I861838.npy,1,0,0,0,0,,0,0,0,0,,0,0
/home/huangyunyou/amount_data/new_data/,ADNI_041_S_0549_MR_MPRAGE_br_raw_20080306155723424_98_S46691_I95527.npy,0,1,0,1,0,0,0,0,0,0,,1,0
/home/huangyunyou/amount_data/new_data/,ADNI_005_S_0553_MR_MP-RAGE__br_raw_20090915153913369_3_S73699_I155040.npy,1,0,0,0,0,0,0,0,0,0,,0,0
/home/huangyunyou/amount_data/new_data/,ADNI_022_S_0004_MR_MPRAGE_Repeat__br_raw_20081210152756067_138_S60764_I130027.npy,0,1,0,1,0,0,0,0,0,0,,1,0
/home/huangyunyou/amount_data/new_data/,ADNI_033_S_0741_MR_MP-RAGE__br_raw_20100805145235391_105_S90102_I189587.npy,1,0,0,0,0,0,0,0,0,0,,0,0
/home/huangyunyou/amount_data/new_data/,ADNI_022_S_0924_MR_MPRAGE_Repeat__br_raw_20070529092910768_23_S32697_I55337.npy,0,1,0,1,0,0,0,0,0,0,,1,0
/home/huangyunyou/amount_data/new_data/,ADNI_020_S_6185_MR_Accelerated_Sagittal_MPRAGE__br_raw_20180129153016830_28_S654110_I958011.npy,1,0,0,0,0,,0,0,0,0,,0,0
/home/huangyunyou/amount_data/new_data/,ADNI_072_S_2164_MR_MPRAGE_br_raw_20101102143215596_116_S94037_I201268.npy,0,1,0,1,0,,0,0,0,0,,1,0
/home/huangyunyou/amount_data/new_data/,ADNI_341_S_6653_MR_Accelerated_Sagittal_MPRAGE__br_raw_20181219170312748_66_S762890_I1092019.npy,1,0,0,0,0,,0,0,0,0,,0,0
/home/huangyunyou/amount_data/new_data/,00000033_S_6697.npy,0,1,0,1,0,,0,0,0,0,,1,0
/home/huangyunyou/amount_data/new_data/,ADNI_037_S_6115_MR_Accelerated_Sagittal_MPRAGE__br_raw_20171130152758669_207_S639842_I940645.npy,1,0,0,0,0,,0,0,0,0,,0,0
/home/huangyunyou/amount_data/new_data/,ADNI_027_S_0256_MR_MP-RAGE__br_raw_20100416131335123_7_S83373_I171158.npy,0,1,0,1,0,0,0,0,0,0,,1,0
/home/huangyunyou/amount_data/new_data/,ADNI_100_S_0015_MR_ADNI_new___MPRAGE__br_raw_20090429110603896_170_S66778_I142764.npy,1,0,0,0,0,0,0,0,0,0,,0,0
/home/huangyunyou/amount_data/new_data/,ADNI_072_S_2072_MR_MPRAGE_br_raw_20100909142732476_72_S91908_I192465.npy,0,1,0,1,0,,0,0,0,0,,1,0
/home/huangyunyou/amount_data/new_data/,00000012_S_6073.npy,0,1,0,1,0,,0,0,0,0,,1,0
/home/huangyunyou/amount_data/new_data/,ADNI_114_S_6309_MR_Accelerated_Sagittal_MPRAGE__br_raw_20180504142331759_89_S682445_I992776.npy,1,0,0,0,0,,0,0,0,0,,0,0
/home/huangyunyou/amount_data/new_data/,ADNI_053_S_0389_MR_MP-RAGE__br_raw_20140703115537781_165_S224143_I434326.npy,0,1,0,1,0,0,0,0,0,0,,1,0
/home/huangyunyou/amount_data/new_data/,ADNI_099_S_6476_MR_Accelerated_Sag_IR-FSPGR___br_raw_20180727144416461_70_S710062_I1027856.npy,1,0,0,0,0,,0,0,0,0,,0,0
/home/huangyunyou/amount_data/new_data/,ADNI_135_S_6509_MR_Accelerated_Sag_IR-FSPGR___br_raw_20180717080849438_107_S705179_I1021751.npy,1,0,0,0,0,,0,0,0,0,,0,0
/home/huangyunyou/amount_data/new_data/,ADNI_073_S_1357_MR_MPRAGE_br_raw_20070411153150374_63_S29544_I48701.npy,0,1,0,1,0,0,0,0,0,0,,1,0
/home/huangyunyou/amount_data/new_data/,00000130_S_6688.npy,0,1,0,1,0,,0,0,0,0,,1,0
/home/huangyunyou/amount_data/new_data/,ADNI_024_S_6184_MR_Accelerated_Sagittal_MPRAGE__br_raw_20180130170015159_134_S654667_I958727.npy,1,0,0,0,0,,0,0,0,0,,0,0
/home/huangyunyou/amount_data/new_data/,ADNI_022_S_6069_MR_Accelerated_Sagittal_MPRAGE__br_raw_20170825154345956_147_S600948_I895056.npy,1,0,0,0,0,,0,0,0,0,,0,0
/home/huangyunyou/amount_data/new_data/,ADNI_057_S_1265_MR_MPRAGE_br_raw_20090219112019343_98_S63286_I136399.npy,0,1,0,1,0,0,0,0,0,0,,1,0
/home/huangyunyou/amount_data/new_data/,ADNI_130_S_2403_MR_MPRAGE_br_raw_20110930190806278_1_S124245_I259331.npy,0,1,0,1,0,,0,0,0,0,,1,0
/home/huangyunyou/amount_data/new_data/,ADNI_022_S_0130_MR_MPRAGE_Repeat__br_raw_20100329175157772_80_S82532_I169829.npy,1,0,0,0,0,0,0,0,0,0,,0,0
/home/huangyunyou/amount_data/new_data/,ADNI_021_S_2124_MR_Accelerated_Sag_IR-SPGR__br_raw_20101015181056693_26_S93427_I196684.npy,0,1,0,1,0,,0,0,0,0,,1,0
/home/huangyunyou/amount_data/new_data/,ADNI_129_S_6704_MR_Accelerated_Sag_IR-FSPGR___br_raw_20190401061925402_196_S811320_I1149034.npy,1,0,0,0,0,,0,0,0,0,,0,0
/home/huangyunyou/amount_data/new_data/,ADNI_007_S_0041_MR_MP-RAGE__br_raw_20100114150059887_1_S78431_I163651.npy,0,1,0,1,0,0,0,0,0,0,,1,0
/home/huangyunyou/amount_data/new_data/,ADNI_006_S_6234_MR_Sagittal_3D_Accelerated_MPRAGE_br_raw_20180221101230620_100_S660543_I965825.npy,1,0,0,0,0,,0,0,0,0,,0,0
/home/huangyunyou/amount_data/new_data/,ADNI_022_S_1351_MR_MPRAGE_Repeat__br_raw_20100326172827100_72_S82401_I169637.npy,0,1,0,1,0,0,0,0,0,0,,1,0
/home/huangyunyou/amount_data/new_data/,ADNI_128_S_2151_MR_MPRAGE_br_raw_20101117165454936_168_S94934_I205447.npy,0,1,0,1,0,,0,0,0,0,,1,0
/home/huangyunyou/amount_data/new_data/,ADNI_036_S_6316_MR_Accelerated_Sagittal_MPRAGE__br_raw_20180502145613925_170_S681691_I991861.npy,1,0,0,0,0,,0,0,0,0,,0,0
/home/huangyunyou/amount_data/new_data/,ADNI_141_S_1231_MR_MPRAGE_br_raw_20070821160039865_98_S37974_I69477.npy,0,1,0,1,0,0,0,0,0,0,,1,0
/home/huangyunyou/amount_data/new_data/,ADNI_128_S_0522_MR_REPEAT_SAG_3D_MPRAGE_br_raw_20090806134206234_106_S72026_I152574.npy,1,0,0,0,0,0,0,0,0,0,,0,0
/home/huangyunyou/amount_data/new_data/,ADNI_127_S_0394_MR_MP-RAGE__br_raw_20090612101231674_1_S68492_I145752.npy,0,1,0,1,0,0,0,0,0,0,,1,0
/home/huangyunyou/amount_data/new_data/,ADNI_099_S_2205_MR_MPRAGE_br_raw_20101130075326278_111_S95395_I206900.npy,0,1,0,1,0,,0,0,0,0,,1,0
/home/huangyunyou/amount_data/new_data/,ADNI_067_S_0243_MR_MPRAGE_br_raw_20070404152344429_63_S29311_I48177.npy,0,1,0,1,0,0,0,0,0,0,,1,0
/home/huangyunyou/amount_data/new_data/,ADNI_067_S_0176_MR_MPRAGE_br_raw_20090507142053403_97_S67162_I143405.npy,0,1,0,1,0,0,0,0,0,0,,1,0
/home/huangyunyou/amount_data/new_data/,ADNI_027_S_2219_MR_Accelerated_SAG_IR-SPGR__br_raw_20101207162736579_164_S96030_I207835.npy,0,1,0,1,0,,0,0,0,0,,1,0
/home/huangyunyou/amount_data/new_data/,ADNI_029_S_0824_MR_MP-RAGE__br_raw_20091007124340211_4_S74588_I156289.npy,1,0,0,0,0,0,0,0,0,0,,0,0
/home/huangyunyou/amount_data/new_data/,ADNI_035_S_2061_MR_MPRAGE_br_raw_20100914105317493_118_S92098_I192785.npy,0,1,0,1,0,,0,0,0,0,,1,0
/home/huangyunyou/amount_data/new_data/,ADNI_116_S_0657_MR_MP-RAGE__br_raw_20091116102614941_1_S76472_I159297.npy,1,0,0,0,0,0,0,0,0,0,,0,0
/home/huangyunyou/amount_data/new_data/,ADNI_011_S_0023_MR_MPRAGE_br_raw_20100106135916895_1_S77996_I162465.npy,1,0,0,0,0,0,0,0,0,0,,0,0
/home/huangyunyou/amount_data/new_data/,ADNI_012_S_0932_MR_MPRAGE_AUTOSHIM_ON_br_raw_20081022114014640_99_S57757_I122666.npy,0,1,0,1,0,0,0,0,0,0,,1,0
/home/huangyunyou/amount_data/new_data/,ADNI_068_S_0401_MR_ADNI_SH____MPRAGE_ASO__br_raw_20100527162147236_84_S85723_I174816.npy,0,1,0,1,0,0,0,0,0,0,,1,0
/home/huangyunyou/amount_data/new_data/,ADNI_021_S_0984_MR_MP-RAGE__br_raw_20091218112557500_1_S77336_I161155.npy,1,0,0,0,0,0,0,0,0,0,,0,0
/home/huangyunyou/amount_data/new_data/,ADNI_036_S_0869_MR_MPRAGE_br_raw_20091116133831798_1_S76486_I159317.npy,0,1,0,1,0,0,0,0,0,0,,1,0
/home/huangyunyou/amount_data/new_data/,ADNI_014_S_0519_MR_MP-RAGE__br_raw_20090604120929300_128_S68248_I145394.npy,1,0,0,0,0,0,0,0,0,0,,0,0
/home/huangyunyou/amount_data/new_data/,ADNI_094_S_1398_MR_MP-RAGE__br_raw_20081203173350291_1_S60473_I129083.npy,0,1,0,1,0,0,0,0,0,0,,1,0
/home/huangyunyou/amount_data/new_data/,ADNI_007_S_0101_MR_MP-RAGE__br_raw_20100128131558614_99_S79530_I165486.npy,0,1,0,1,0,0,0,0,0,0,,1,0
/home/huangyunyou/amount_data/new_data/,ADNI_012_S_1133_MR_MPRAGE_AUTOSHIM_ON_br_raw_20100513115931514_98_S84880_I173635.npy,1,0,0,0,0,0,0,0,0,0,,0,0
/home/huangyunyou/amount_data/new_data/,ADNI_002_S_0413_MR_MP-RAGE__br_raw_20100519015101491_2_S84763_I173460.npy,1,0,0,0,0,0,0,0,0,0,,0,0
/home/huangyunyou/amount_data/new_data/,ADNI_068_S_0872_MR_ADNI_SH____MPRAGE_ASO__br_raw_20090330162312181_170_S65229_I140074.npy,0,1,0,1,0,0,0,0,0,0,,1,0
/home/huangyunyou/amount_data/new_data/,ADNI_018_S_0369_MR_MPRAGE_br_raw_20090612100627169_1_S68484_I145741.npy,1,0,0,0,0,0,0,0,0,0,,0,0
/home/huangyunyou/amount_data/new_data/,ADNI_109_S_0950_MR_MPRAGE_br_raw_20090408110852270_1_S65779_I140940.npy,0,1,0,1,0,0,0,0,0,0,,1,0
/home/huangyunyou/amount_data/new_data/,ADNI_032_S_0187_MR_MPRAGE_br_raw_20080307165438577_153_S46778_I95921.npy,0,1,0,1,0,0,0,0,0,0,,1,0
/home/huangyunyou/amount_data/new_data/,ADNI_128_S_0500_MR_REPEAT_SAG_3D_MPRAGE_br_raw_20080530151908278_1_S50802_I107853.npy,1,0,0,0,0,0,0,0,0,0,,0,0
/home/huangyunyou/amount_data/new_data/,ADNI_037_S_0539_MR_MP-RAGE__br_raw_20100621133023007_159_S87638_I179703.npy,0,1,0,1,0,0,0,0,0,0,,1,0
/home/huangyunyou/amount_data/new_data/,ADNI_941_S_6495_MR_Accelerated_Sagittal_MPRAGE__br_raw_20180717153659028_113_S705363_I1021968.npy,1,0,0,0,0,,0,0,0,0,,0,0
/home/huangyunyou/amount_data/new_data/,ADNI_002_S_0685_MR_MP-RAGE__br_raw_20090722002738871_1_S70360_I149924.npy,1,0,0,0,0,0,0,0,0,0,,0,0
/home/huangyunyou/amount_data/new_data/,ADNI_128_S_1406_MR_REPEAT_SAG_3D_MP_RAGE__br_raw_20100615143218687_10_S87326_I178294.npy,0,1,0,1,0,0,0,0,0,0,,1,0
/home/huangyunyou/amount_data/new_data/,ADNI_137_S_0301_MR_MP-RAGE__br_raw_20090424083735970_180_S66609_I142514.npy,1,0,0,0,0,0,0,0,0,0,,0,0
/home/huangyunyou/amount_data/new_data/,ADNI_016_S_2007_MR_Accelerated_SAG_IR-SPGR__br_raw_20100624131911280_36_S88072_I180258.npy,0,1,0,1,0,,0,0,0,0,,1,0
/home/huangyunyou/amount_data/new_data/,ADNI_022_S_2263_MR_MPRAGE_br_raw_20110119164955291_140_S97943_I213362.npy,0,1,0,1,0,,0,0,0,0,,1,0
/home/huangyunyou/amount_data/new_data/,ADNI_032_S_6293_MR_Accelerated_Sagittal_MPRAGE__br_raw_20180507124610626_66_S682850_I993285.npy,1,0,0,0,0,,0,0,0,0,,0,0
/home/huangyunyou/amount_data/new_data/,ADNI_141_S_1004_MR_MPRAGE_br_raw_20080512122831644_98_S49916_I105123.npy,0,1,0,1,0,0,0,0,0,0,,1,0
/home/huangyunyou/amount_data/new_data/,ADNI_012_S_1165_MR_MPRAGE_AUTOSHIM_ON_br_raw_20090127110415203_1_S62297_I134558.npy,0,1,0,1,0,0,0,0,0,0,,1,0
/home/huangyunyou/amount_data/new_data/,ADNI_109_S_6218_MR_Accelerated_Sagittal_MPRAGE__br_raw_20180409104711193_158_S674381_I982856.npy,1,0,0,0,0,,0,0,0,0,,0,0
/home/huangyunyou/amount_data/new_data/,ADNI_062_S_1299_MR_MPRAGE_br_raw_20100305105836428_15_S80727_I167349.npy,0,1,0,1,0,0,0,0,0,0,,1,0
/home/huangyunyou/amount_data/new_data/,ADNI_129_S_6621_MR_Accelerated_Sag_IR-FSPGR___br_raw_20181105144927298_103_S744735_I1069951.npy,1,0,0,0,0,,0,0,0,0,,0,0
/home/huangyunyou/amount_data/new_data/,ADNI_136_S_0184_MR_MP-RAGE__br_raw_20090319151648412_166_S64832_I139471.npy,1,0,0,0,0,0,0,0,0,0,,0,0
/home/huangyunyou/amount_data/new_data/,ADNI_007_S_0293_MR_MP-RAGE__br_raw_20090408132049345_39_S65833_I141052.npy,0,1,0,1,0,0,0,0,0,0,,1,0
/home/huangyunyou/amount_data/new_data/,ADNI_082_S_6415_MR_Accelerated_Sagittal_MPRAGE__br_raw_20180803145733248_127_S712632_I1031067.npy,1,0,0,0,0,,0,0,0,0,,0,0
/home/huangyunyou/amount_data/new_data/,ADNI_002_S_2043_MR_MPRAGE_br_raw_20100901071618763_8_S91525_I191821.npy,0,1,0,1,0,,0,0,0,0,,1,0
/home/huangyunyou/amount_data/new_data/,ADNI_067_S_0056_MR_MPRAGE_br_raw_20081209155740172_63_S60709_I129904.npy,1,0,0,0,0,0,0,0,0,0,,0,0
/home/huangyunyou/amount_data/new_data/,ADNI_126_S_1187_MR_MP-RAGE__br_raw_20090210155704737_1_S62846_I135623.npy,0,1,0,1,0,0,0,0,0,0,,1,0
/home/huangyunyou/amount_data/new_data/,ADNI_036_S_0813_MR_MPRAGE_br_raw_20091009152003394_1_S74990_I156877.npy,1,0,0,0,0,0,0,0,0,0,,0,0
/home/huangyunyou/amount_data/new_data/,ADNI_094_S_2367_MR_Accelerated_SAG_IR-SPGR__br_raw_20110428103251902_173_S105433_I229400.npy,0,1,0,1,0,,0,0,0,0,,1,0
/home/huangyunyou/amount_data/new_data/,ADNI_168_S_6318_MR_Accelerated_Sagittal_MPRAGE__br_raw_20180419133538469_150_S678370_I987768.npy,1,0,0,0,0,,0,0,0,0,,0,0
/home/huangyunyou/amount_data/new_data/,ADNI_033_S_0906_MR_MP-RAGE__br_raw_20091002155756458_3_S74386_I155983.npy,0,1,0,1,0,0,0,0,0,0,,1,0
/home/huangyunyou/amount_data/new_data/,ADNI_036_S_0672_MR_MPRAGE_br_raw_20090819183623549_1_S72564_I153389.npy,1,0,0,0,0,0,0,0,0,0,,0,0
/home/huangyunyou/amount_data/new_data/,ADNI_023_S_0855_MR_MPRAGE_br_raw_20080321131531968_1_S47315_I99179.npy,0,1,0,1,0,0,0,0,0,0,,1,0
/home/huangyunyou/amount_data/new_data/,00000168_S_6426.npy,0,1,0,1,0,,0,0,0,0,,1,0
/home/huangyunyou/amount_data/new_data/,ADNI_131_S_6170_MR_Sagittal_3D_Accelerated_MPRAGE_br_raw_20180515082917242_23_S685474_I997517.npy,1,0,0,0,0,,0,0,0,0,,0,0
/home/huangyunyou/amount_data/new_data/,00000007_S_6341.npy,0,1,0,1,0,,0,0,0,0,,1,0
/home/huangyunyou/amount_data/new_data/,ADNI_023_S_6547_MR_Accelerated_Sagittal_MPRAGE__br_raw_20180808125503964_156_S713632_I1032282.npy,1,0,0,0,0,,0,0,0,0,,0,0
/home/huangyunyou/amount_data/new_data/,ADNI_057_S_1007_MR_MPRAGE_br_raw_20091104155413562_63_S75857_I158256.npy,0,1,0,1,0,0,0,0,0,0,,1,0
/home/huangyunyou/amount_data/new_data/,ADNI_035_S_6195_MR_Accelerated_Sagittal_MPRAGE__br_raw_20180208082447527_71_S656970_I961497.npy,1,0,0,0,0,,0,0,0,0,,0,0
/home/huangyunyou/amount_data/new_data/,00000023_S_6356.npy,0,1,0,1,0,,0,0,0,0,,1,0
/home/huangyunyou/amount_data/new_data/,ADNI_072_S_2083_MR_MPRAGE_br_raw_20101217110249464_94_S92127_I192825.npy,0,1,0,1,0,,0,0,0,0,,1,0
/home/huangyunyou/amount_data/new_data/,ADNI_027_S_6317_MR_Accelerated_Sagittal_IR-FSPGR__br_raw_20180513090818081_167_S684809_I996683.npy,1,0,0,0,0,,0,0,0,0,,0,0
/home/huangyunyou/amount_data/new_data/,ADNI_012_S_1009_MR_MPRAGE_AUTOSHIM_ON_br_raw_20081218122505312_1_S60993_I131757.npy,1,0,0,0,0,0,0,0,0,0,,0,0
/home/huangyunyou/amount_data/new_data/,ADNI_041_S_0679_MR_MPRAGE_br_raw_20100811163707317_148_S90365_I189966.npy,0,1,0,1,0,0,0,0,0,0,,1,0
/home/huangyunyou/amount_data/new_data/,00000070_S_6236.npy,0,1,0,1,0,,0,0,0,0,,1,0
/home/huangyunyou/amount_data/new_data/,ADNI_007_S_0070_MR_MP-RAGE__br_raw_20070319160117658_72_S28289_I45146.npy,1,0,0,0,0,0,0,0,0,0,,0,0
/home/huangyunyou/amount_data/new_data/,00000023_S_6535.npy,0,1,0,1,0,,0,0,0,0,,1,0
/home/huangyunyou/amount_data/new_data/,ADNI_067_S_0284_MR_MPRAGE_br_raw_20070503152217400_63_S31676_I53356.npy,0,1,0,1,0,0,0,0,0,0,,1,0
/home/huangyunyou/amount_data/new_data/,ADNI_023_S_6374_MR_Accelerated_Sagittal_MPRAGE__br_raw_20180525155032970_194_S689824_I1002815.npy,1,0,0,0,0,,0,0,0,0,,0,0
/home/huangyunyou/amount_data/new_data/,ADNI_094_S_0531_MR_MP-RAGE__br_raw_20140707165440940_140_S224386_I434637.npy,0,1,0,1,0,0,0,0,0,0,,1,0
/home/huangyunyou/amount_data/new_data/,ADNI_020_S_6358_MR_Accelerated_Sagittal_MPRAGE__br_raw_20180511123047849_202_S684557_I996377.npy,1,0,0,0,0,,0,0,0,0,,0,0
/home/huangyunyou/amount_data/new_data/,ADNI_027_S_2336_MR_Accelerated_SAG_IR-SPGR__br_raw_20110706151501318_181_S102036_I224440.npy,0,1,0,1,0,,0,0,0,0,,1,0
/home/huangyunyou/amount_data/new_data/,ADNI_024_S_2239_MR_MPRAGE_br_raw_20101203151547889_49_S95824_I207520.npy,0,1,0,1,0,,0,0,0,0,,1,0
/home/huangyunyou/amount_data/new_data/,ADNI_037_S_6144_MR_Accelerated_Sagittal_MPRAGE__br_raw_20171212131233892_191_S643094_I944650.npy,1,0,0,0,0,,0,0,0,0,,0,0
/home/huangyunyou/amount_data/new_data/,ADNI_018_S_2180_MR_MPRAGE_br_raw_20101209104657021_13_S96133_I207992.npy,0,1,0,1,0,,0,0,0,0,,1,0
/home/huangyunyou/amount_data/new_data/,ADNI_082_S_6283_MR_Accelerated_Sagittal_MPRAGE__br_raw_20180503140755841_123_S682049_I992286.npy,1,0,0,0,0,,0,0,0,0,,0,0
/home/huangyunyou/amount_data/new_data/,ADNI_007_S_0128_MR_MP-RAGE__br_raw_20100224153832852_3_S80424_I166756.npy,0,1,0,1,0,0,0,0,0,0,,1,0
/home/huangyunyou/amount_data/new_data/,ADNI_100_S_6493_MR_Sagittal_3D_Accelerated_MPRAGE_br_raw_20180920153713502_1_S728849_I1050518.npy,1,0,0,0,0,,0,0,0,0,,0,0
/home/huangyunyou/amount_data/new_data/,ADNI_007_S_2394_MR_Accelerated_SAG_IR-SPGR__br_raw_20110707151358041_167_S113964_I243788.npy,0,1,0,1,0,,0,0,0,0,,1,0
/home/huangyunyou/amount_data/new_data/,ADNI_009_S_1199_MR_MP_RAGE__br_raw_20070117144037432_1_S25148_I36373.npy,0,1,0,1,0,0,0,0,0,0,,1,0
/home/huangyunyou/amount_data/new_data/,ADNI_131_S_0319_MR_MP-RAGE__br_raw_20061020133306821_1_S20477_I26800.npy,1,0,0,0,0,0,0,0,0,0,,0,0
/home/huangyunyou/amount_data/new_data/,00000070_S_6229.npy,0,1,0,1,0,,0,0,0,0,,1,0
/home/huangyunyou/amount_data/new_data/,ADNI_128_S_0229_MR_REPEAT_SAG_3D_MPRAGE_br_raw_20090828225158380_25_S72906_I153935.npy,1,0,0,0,0,0,0,0,0,0,,0,0
/home/huangyunyou/amount_data/new_data/,ADNI_137_S_0686_MR_MP-RAGE__br_raw_20090729120701607_1_S70994_I150903.npy,1,0,0,0,0,0,0,0,0,0,,0,0
/home/huangyunyou/amount_data/new_data/,ADNI_121_S_1322_MR_ASO-MPRAGE_br_raw_20080410111313934_1_S48586_I101901.npy,0,1,0,1,0,0,0,0,0,0,,1,0
/home/huangyunyou/amount_data/new_data/,ADNI_021_S_0273_MR_MP-RAGE__br_raw_20090407130146093_159_S65681_I140702.npy,0,1,0,1,0,0,0,0,0,0,,1,0
/home/huangyunyou/amount_data/new_data/,ADNI_068_S_2316_MR_MPRAGE_br_raw_20110315125940528_129_S101627_I223878.npy,0,1,0,1,0,,0,0,0,0,,1,0
/home/huangyunyou/amount_data/new_data/,ADNI_062_S_0578_MR_MPRAGE_br_raw_20080612144430260_98_S51518_I109368.npy,1,0,0,0,0,0,0,0,0,0,,0,0
/home/huangyunyou/amount_data/new_data/,ADNI_029_S_1215_MR_MP-RAGE__br_raw_20090205180021212_145_S62685_I135349.npy,0,1,0,1,0,0,0,0,0,0,,1,0
/home/huangyunyou/amount_data/new_data/,ADNI_035_S_6488_MR_Accelerated_Sagittal_MPRAGE__br_raw_20200831121755734_66_S703137_I1019265.npy,1,0,0,0,0,,0,0,0,0,,0,0
/home/huangyunyou/amount_data/new_data/,ADNI_031_S_0821_MR_MP-RAGE__br_raw_20070412164217500_1_S29602_I48836.npy,0,1,0,1,0,0,0,0,0,0,,1,0
/home/huangyunyou/amount_data/new_data/,ADNI_136_S_0196_MR_MP-RAGE__br_raw_20090428174227572_1_S66746_I142725.npy,1,0,0,0,0,0,0,0,0,0,,0,0
/home/huangyunyou/amount_data/new_data/,ADNI_141_S_1244_MR_MPRAGE_br_raw_20070910140533574_98_S39057_I72090.npy,0,1,0,1,0,0,0,0,0,0,,1,0
/home/huangyunyou/amount_data/new_data/,00000099_S_6632.npy,0,1,0,1,0,,0,0,0,0,,1,0
/home/huangyunyou/amount_data/new_data/,ADNI_133_S_0433_MR_MP-RAGE__br_raw_20090526151920500_3_S67669_I144521.npy,1,0,0,0,0,0,0,0,0,0,,0,0
/home/huangyunyou/amount_data/new_data/,ADNI_018_S_0155_MR_MPRAGE_br_raw_20090323120742442_98_S64906_I139592.npy,0,1,0,1,0,0,0,0,0,0,,1,0
/home/huangyunyou/amount_data/new_data/,ADNI_067_S_0177_MR_MPRAGE_br_raw_20080509082349501_97_S49802_I104937.npy,1,0,0,0,0,0,0,0,0,0,,0,0
/home/huangyunyou/amount_data/new_data/,ADNI_012_S_0634_MR_MPRAGE_AUTOSHIM_ON_br_raw_20090729130633281_1_S71018_I150935.npy,0,1,0,1,0,0,0,0,0,0,,1,0
/home/huangyunyou/amount_data/new_data/,ADNI_941_S_1311_MR_MPRAGE_br_raw_20090401085329735_98_S65346_I140246.npy,0,1,0,1,0,0,0,0,0,0,,1,0
/home/huangyunyou/amount_data/new_data/,ADNI_941_S_6546_MR_Accelerated_Sagittal_MPRAGE__br_raw_20180814084158709_26_S715829_I1034852.npy,1,0,0,0,0,,0,0,0,0,,0,0
/home/huangyunyou/amount_data/new_data/,ADNI_023_S_0376_MR_MPRAGE_br_raw_20090501141424526_1_S66972_I143043.npy,0,1,0,1,0,0,0,0,0,0,,1,0
/home/huangyunyou/amount_data/new_data/,ADNI_094_S_0711_MR_MP-RAGE__br_raw_20090828142342012_2_S72888_I153913.npy,1,0,0,0,0,0,0,0,0,0,,0,0
/home/huangyunyou/amount_data/new_data/,00000006_S_6610.npy,0,1,0,1,0,,0,0,0,0,,1,0
/home/huangyunyou/amount_data/new_data/,ADNI_002_S_6066_MR_Accelerated_Sagittal_MPRAGE__br_raw_20170818100637186_173_S598526_I892212.npy,1,0,0,0,0,,0,0,0,0,,0,0
/home/huangyunyou/amount_data/new_data/,ADNI_007_S_0698_MR_MP-RAGE__br_raw_20090903113520890_22_S73014_I154112.npy,0,1,0,1,0,0,0,0,0,0,,1,0
/home/huangyunyou/amount_data/new_data/,ADNI_023_S_1306_MR_MPRAGE_br_raw_20070216110116671_1_S26604_I40549.npy,1,0,0,0,0,0,0,0,0,0,,0,0
/home/huangyunyou/amount_data/new_data/,ADNI_041_S_0446_MR_MPRAGE_br_raw_20070605103340828_98_S33006_I55872.npy,0,1,0,1,0,0,0,0,0,0,,1,0
/home/huangyunyou/amount_data/new_data/,ADNI_011_S_6367_MR_Accelerated_Sagittal_MPRAGE__br_raw_20180516154045102_26_S686265_I998447.npy,1,0,0,0,0,,0,0,0,0,,0,0
/home/huangyunyou/amount_data/new_data/,ADNI_007_S_0249_MR_MP-RAGE__br_raw_20100415135542634_1_S83342_I171031.npy,0,1,0,1,0,0,0,0,0,0,,1,0
/home/huangyunyou/amount_data/new_data/,ADNI_094_S_1015_MR_MP-RAGE__br_raw_20070525113230978_1_S32639_I55205.npy,0,1,0,1,0,0,0,0,0,0,,1,0
/home/huangyunyou/amount_data/new_data/,ADNI_126_S_0506_MR_MP-RAGE_REPEAT_br_raw_20060620103342790_1_S15652_I17185.npy,1,0,0,0,0,0,0,0,0,0,,0,0
/home/huangyunyou/amount_data/new_data/,ADNI_072_S_2116_MR_MPRAGE_br_raw_20101027115226149_78_S93781_I199331.npy,0,1,0,1,0,,0,0,0,0,,1,0
/home/huangyunyou/amount_data/new_data/,ADNI_109_S_6213_MR_Accelerated_Sagittal_MPRAGE__br_raw_20180305161732498_76_S663821_I969812.npy,1,0,0,0,0,,0,0,0,0,,0,0
/home/huangyunyou/amount_data/new_data/,ADNI_021_S_0424_MR_MP-RAGE__br_raw_20100507140929046_143_S84608_I173258.npy,0,1,0,1,0,0,0,0,0,0,,1,0
/home/huangyunyou/amount_data/new_data/,ADNI_002_S_6103_MR_Accelerated_Sagittal_MPRAGE__br_raw_20171128103506080_137_S638316_I938767.npy,1,0,0,0,0,,0,0,0,0,,0,0
/home/huangyunyou/amount_data/new_data/,ADNI_002_S_1155_MR_MP-RAGE__br_raw_20100107182649672_1_S78071_I162750.npy,0,1,0,1,0,0,0,0,0,0,,1,0
/home/huangyunyou/amount_data/new_data/,ADNI_127_S_0112_MR_MP-RAGE__br_raw_20100129121725717_25_S79553_I165521.npy,0,1,0,1,0,0,0,0,0,0,,1,0
/home/huangyunyou/amount_data/new_data/,ADNI_116_S_6133_MR_Accelerated_Sagittal_MPRAGE__br_raw_20171214075016597_99_S643892_I945601.npy,1,0,0,0,0,,0,0,0,0,,0,0
/home/huangyunyou/amount_data/new_data/,00000168_S_6591.npy,0,1,0,1,0,,0,0,0,0,,1,0
/home/huangyunyou/amount_data/new_data/,00000135_S_6622.npy,0,1,0,1,0,,0,0,0,0,,1,0
/home/huangyunyou/amount_data/new_data/,ADNI_126_S_0405_MR_MP-RAGE__br_raw_20070105150435842_1_S24764_I35355.npy,1,0,0,0,0,0,0,0,0,0,,0,0
/home/huangyunyou/amount_data/new_data/,ADNI_018_S_0425_MR_MPRAGE_br_raw_20080609143445634_86_S51224_I108829.npy,1,0,0,0,0,0,0,0,0,0,,0,0
/home/huangyunyou/amount_data/new_data/,ADNI_057_S_1269_MR_MPRAGE_br_raw_20110328175718779_150_S102494_I225101.npy,0,1,0,1,0,0,0,0,0,0,,1,0
/home/huangyunyou/amount_data/new_data/,ADNI_100_S_6578_MR_Sagittal_3D_Accelerated_MPRAGE_br_raw_20180927134629717_1_S730670_I1052843.npy,1,0,0,0,0,,0,0,0,0,,0,0
/home/huangyunyou/amount_data/new_data/,00000067_S_6529.npy,0,1,0,1,0,,0,0,0,0,,1,0
/home/huangyunyou/amount_data/new_data/,ADNI_116_S_0382_MR_MP-RAGE__br_raw_20100818142245047_171_S90790_I190823.npy,1,0,0,0,0,0,0,0,0,0,,0,0
/home/huangyunyou/amount_data/new_data/,00000013_S_6206.npy,0,1,0,1,0,,0,0,0,0,,1,0
/home/huangyunyou/amount_data/new_data/,ADNI_024_S_0985_MR_MP-RAGE__br_raw_20091201122154309_1_S76830_I159930.npy,1,0,0,0,0,0,0,0,0,0,,0,0
/home/huangyunyou/amount_data/new_data/,ADNI_082_S_1119_MR_MPRAGE_br_raw_20080903125833987_75_S56158_I117374.npy,0,1,0,1,0,0,0,0,0,0,,1,0
/home/huangyunyou/amount_data/new_data/,ADNI_068_S_2315_MR_MPRAGE_br_raw_20110310155738758_145_S101425_I223575.npy,0,1,0,1,0,,0,0,0,0,,1,0
/home/huangyunyou/amount_data/new_data/,ADNI_127_S_6436_MR_Accelerated_Sagittal_IR-FSPGR__br_raw_20180719121014413_88_S704955_I1021434.npy,1,0,0,0,0,,0,0,0,0,,0,0
/home/huangyunyou/amount_data/new_data/,00000114_S_6597.npy,0,1,0,1,0,,0,0,0,0,,1,0
/home/huangyunyou/amount_data/new_data/,ADNI_022_S_0096_MR_MPRAGE_Repeat__br_raw_20100301165839066_89_S80512_I167049.npy,1,0,0,0,0,0,0,0,0,0,,0,0
/home/huangyunyou/amount_data/new_data/,ADNI_067_S_6528_MR_Accelerated_Sagittal_MPRAGE__br_raw_20180809170853206_27_S714456_I1033265.npy,1,0,0,0,0,,0,0,0,0,,0,0
/home/huangyunyou/amount_data/new_data/,ADNI_035_S_2074_MR_MPRAGE_br_raw_20101123103549001_86_S95156_I206273.npy,0,1,0,1,0,,0,0,0,0,,1,0
/home/huangyunyou/amount_data/new_data/,ADNI_126_S_1077_MR_MP-RAGE__br_raw_20091215133642733_1_S77219_I160965.npy,0,1,0,1,0,0,0,0,0,0,,1,0
/home/huangyunyou/amount_data/new_data/,ADNI_114_S_6462_MR_Accelerated_Sagittal_MPRAGE__br_raw_20181015171141247_55_S736402_I1060030.npy,1,0,0,0,0,,0,0,0,0,,0,0
/home/huangyunyou/amount_data/new_data/,00000006_S_6677.npy,0,1,0,1,0,,0,0,0,0,,1,0
/home/huangyunyou/amount_data/new_data/,ADNI_094_S_2216_MR_Accelerated_SAG_IR-SPGR__br_raw_20110209085905137_131_S99223_I216309.npy,0,1,0,1,0,,0,0,0,0,,1,0
/home/huangyunyou/amount_data/new_data/,ADNI_027_S_6582_MR_Accelerated_Sagittal_IR-FSPGR__br_raw_20181009185624477_130_S734730_I1057804.npy,1,0,0,0,0,,0,0,0,0,,0,0
/home/huangyunyou/amount_data/new_data/,ADNI_032_S_2119_MR_MPRAGE_br_raw_20101006081511184_49_S92974_I194936.npy,0,1,0,1,0,,0,0,0,0,,1,0
/home/huangyunyou/amount_data/new_data/,ADNI_033_S_1116_MR_MP-RAGE__br_raw_20080624150814726_3_S52062_I110516.npy,0,1,0,1,0,0,0,0,0,0,,1,0
/home/huangyunyou/amount_data/new_data/,00000135_S_6586.npy,0,1,0,1,0,,0,0,0,0,,1,0
/home/huangyunyou/amount_data/new_data/,ADNI_109_S_6405_MR_Accelerated_Sagittal_MPRAGE__br_raw_20180728010212074_81_S710195_I1028011.npy,1,0,0,0,0,,0,0,0,0,,0,0
/home/huangyunyou/amount_data/new_data/,ADNI_941_S_1197_MR_MPRAGE_br_raw_20090226084655469_98_S63622_I137077.npy,1,0,0,0,0,0,0,0,0,0,,0,0
/home/huangyunyou/amount_data/new_data/,ADNI_052_S_0989_MR_MP-RAGE__br_raw_20100222164034890_11_S80362_I166662.npy,0,1,0,1,0,0,0,0,0,0,,1,0
/home/huangyunyou/amount_data/new_data/,ADNI_007_S_6521_MR_Accelerated_Sagittal_MPRAGE__br_raw_20180731084715869_135_S711016_I1029013.npy,1,0,0,0,0,,0,0,0,0,,0,0
/home/huangyunyou/amount_data/new_data/,00000109_S_6221.npy,0,1,0,1,0,,0,0,0,0,,1,0
/home/huangyunyou/amount_data/new_data/,ADNI_012_S_1033_MR_MPRAGE_AUTOSHIM_ON_br_raw_20071205164456781_1_S43384_I84221.npy,0,1,0,1,0,0,0,0,0,0,,1,0
/home/huangyunyou/amount_data/new_data/,ADNI_006_S_0498_MR_MP-RAGE__br_raw_20081003112059406_1_S56950_I119098.npy,1,0,0,0,0,0,0,0,0,0,,0,0
/home/huangyunyou/amount_data/new_data/,00000019_S_6668.npy,0,1,0,1,0,,0,0,0,0,,1,0
/home/huangyunyou/amount_data/new_data/,ADNI_099_S_0533_MR_MPRAGE_br_raw_20090618104123421_98_S68859_I146272.npy,1,0,0,0,0,0,0,0,0,0,,0,0
/home/huangyunyou/amount_data/new_data/,00000116_S_6550.npy,0,1,0,1,0,,0,0,0,0,,1,0
/home/huangyunyou/amount_data/new_data/,ADNI_020_S_0097_MR_MPRAGE_br_raw_20080416211219312_1_S48834_I102943.npy,1,0,0,0,0,0,0,0,0,0,,0,0
/home/huangyunyou/amount_data/new_data/,ADNI_141_S_6116_MR_Accelerated_Sagittal_MPRAGE__br_raw_20190102161901176_24_S635865_I935952.npy,1,0,0,0,0,,0,0,0,0,,0,0
/home/huangyunyou/amount_data/new_data/,ADNI_130_S_2391_MR_MPRAGE_br_raw_20110622150146462_1_S112324_I241322.npy,0,1,0,1,0,,0,0,0,0,,1,0
/home/huangyunyou/amount_data/new_data/,ADNI_941_S_6496_MR_Accelerated_Sagittal_MPRAGE__br_raw_20180717164009014_136_S705437_I1022057.npy,1,0,0,0,0,,0,0,0,0,,0,0
/home/huangyunyou/amount_data/new_data/,00000109_S_1157.npy,0,0,1,2,1,0,,0,,0,1,2,
/home/huangyunyou/amount_data/new_data/,00000136_S_0426.npy,0,0,1,2,1,0,,0,,0,1,2,
/home/huangyunyou/amount_data/new_data/,00000067_S_0029.npy,0,0,1,2,1,0,,0,,0,1,2,
/home/huangyunyou/amount_data/new_data/,00000128_S_1430.npy,0,0,1,2,1,0,,0,,0,1,2,
/home/huangyunyou/amount_data/new_data/,00000021_S_0753.npy,0,0,1,2,1,0,,0,,0,1,2,
/home/huangyunyou/amount_data/new_data/,00000057_S_1371.npy,0,0,1,2,1,0,,0,,0,1,2,
/home/huangyunyou/amount_data/new_data/,00000128_S_0167.npy,0,0,1,2,1,0,,0,,0,1,2,
/home/huangyunyou/amount_data/new_data/,00000128_S_0517.npy,0,0,1,2,1,0,,0,,0,1,2,
/home/huangyunyou/amount_data/new_data/,00000126_S_1221.npy,0,0,1,2,1,0,,0,,0,1,2,
/home/huangyunyou/amount_data/new_data/,00000013_S_0699.npy,0,0,1,2,1,0,,0,,0,1,2,
/home/huangyunyou/amount_data/new_data/,00000012_S_0689.npy,0,0,1,2,1,0,,0,,0,1,2,
/home/huangyunyou/amount_data/new_data/,00000002_S_0816.npy,0,0,1,2,1,0,,0,,0,1,2,
/home/huangyunyou/amount_data/new_data/,00000128_S_0740.npy,0,0,1,2,1,0,,0,,0,1,2,
/home/huangyunyou/amount_data/new_data/,00000128_S_0310.npy,0,0,1,2,1,0,,0,,0,1,2,
/home/huangyunyou/amount_data/new_data/,00000062_S_0690.npy,0,0,1,2,1,0,,0,,0,1,2,
/home/huangyunyou/amount_data/new_data/,00000011_S_0053.npy,0,0,1,2,1,0,,0,,0,1,2,
/home/huangyunyou/amount_data/new_data/,00000051_S_1296.npy,0,0,1,2,1,0,,0,,0,1,2,
/home/huangyunyou/amount_data/new_data/,00000033_S_1285.npy,0,0,1,2,1,0,,0,,0,1,2,
/home/huangyunyou/amount_data/new_data/,00000023_S_1262.npy,0,0,1,2,1,0,,0,,0,1,2,
/home/huangyunyou/amount_data/new_data/,00000005_S_0221.npy,0,0,1,2,1,0,,0,,0,1,2,
/home/huangyunyou/amount_data/new_data/,00000067_S_1253.npy,0,0,1,2,1,0,,0,,0,1,2,
/home/huangyunyou/amount_data/new_data/,00000002_S_0938.npy,0,0,1,2,1,0,,0,,0,1,2,
/home/huangyunyou/amount_data/new_data/,00000126_S_0606.npy,0,0,1,2,1,0,,0,,0,1,2,
/home/huangyunyou/amount_data/new_data/,00000029_S_1184.npy,0,0,1,2,1,0,,0,,0,1,2,
/home/huangyunyou/amount_data/new_data/,00000114_S_0374.npy,0,0,1,2,1,0,,0,,0,1,2,
/home/huangyunyou/amount_data/new_data/,00000012_S_0720.npy,0,0,1,2,1,0,,0,,0,1,2,
/home/huangyunyou/amount_data/new_data/,00000141_S_1152.npy,0,0,1,2,1,0,,0,,0,1,2,
/home/huangyunyou/amount_data/new_data/,00000127_S_0754.npy,0,0,1,2,1,0,,0,,0,1,2,
/home/huangyunyou/amount_data/new_data/,00000114_S_0228.npy,0,0,1,2,1,0,,0,,0,1,2,
/home/huangyunyou/amount_data/new_data/,ADNI_301_S_6592_MR_Sagittal_3D_Accelerated_MPRAGE_br_raw_20181024134259031_193_S739428_I1063917.npy,0,0,1,2,1,,,,,,1,2,
/home/huangyunyou/amount_data/new_data/,ADNI_100_S_1226_MR_ASO-MPRAGE_br_raw_20100323145816634_140_S81565_I168530.npy,0,0,1,2,1,0,,0,,0,1,2,
/home/huangyunyou/amount_data/new_data/,00000012_S_0712.npy,0,0,1,2,1,0,,0,,0,1,2,
/home/huangyunyou/amount_data/new_data/,00000029_S_0999.npy,0,0,1,2,1,0,,0,,0,1,2,
/home/huangyunyou/amount_data/new_data/,00000131_S_0691.npy,0,0,1,2,1,0,,0,,0,1,2,
/home/huangyunyou/amount_data/new_data/,00000033_S_0724.npy,0,0,1,2,1,0,,0,,0,1,2,
/home/huangyunyou/amount_data/new_data/,ADNI_135_S_6389_MR_Accelerated_Sag_IR-FSPGR___br_raw_20180529163541369_55_S690538_I1003730.npy,0,0,1,2,1,,,,,,1,2,
/home/huangyunyou/amount_data/new_data/,ADNI_011_S_6303_MR_Accelerated_Sagittal_MPRAGE__br_raw_20180413145533400_127_S676284_I985197.npy,0,0,1,2,1,,,,,,1,2,
/home/huangyunyou/amount_data/new_data/,00000014_S_0328.npy,0,0,1,2,1,0,,0,,0,1,2,
/home/huangyunyou/amount_data/new_data/,00000024_S_1171.npy,0,0,1,2,1,0,,0,,0,1,2,
/home/huangyunyou/amount_data/new_data/,00000020_S_0213.npy,0,0,1,2,1,0,,0,,0,1,2,
/home/huangyunyou/amount_data/new_data/,00000137_S_0796.npy,0,0,1,2,1,0,,0,,0,1,2,
/home/huangyunyou/amount_data/new_data/,00000100_S_1113.npy,0,0,1,2,1,0,,0,,0,1,2,
/home/huangyunyou/amount_data/new_data/,00000130_S_0956.npy,0,0,1,2,1,0,,0,,0,1,2,
/home/huangyunyou/amount_data/new_data/,ADNI_062_S_1294_MR_MPRAGE_br_raw_20070816151607994_98_S37523_I68198.npy,0,1,0,1,0,0,0,0,0,0,,1,0
/home/huangyunyou/amount_data/new_data/,ADNI_341_S_6494_MR_Accelerated_Sagittal_MPRAGE__br_raw_20181004122527428_148_S733426_I1056183.npy,1,0,0,0,0,,0,0,0,0,,0,0
/home/huangyunyou/amount_data/new_data/,ADNI_023_S_0030_MR_MPRAGE_br_raw_20081126143559511_1_S60282_I128593.npy,0,1,0,1,0,0,0,0,0,0,,1,0
/home/huangyunyou/amount_data/new_data/,ADNI_016_S_2284_MR_Accelerated_SAG_IR-SPGR__br_raw_20110210153410146_9_S99607_I216941.npy,0,1,0,1,0,,0,0,0,0,,1,0
/home/huangyunyou/amount_data/new_data/,ADNI_128_S_0545_MR_REPEAT_SAG_3D_MPRAGE_br_raw_20090618145524028_1_S68921_I146352.npy,1,0,0,0,0,0,0,0,0,0,,0,0
/home/huangyunyou/amount_data/new_data/,ADNI_057_S_0839_MR_MPRAGE_br_raw_20091015100317229_80_S75181_I157161.npy,0,1,0,1,0,0,0,0,0,0,,1,0
/home/huangyunyou/amount_data/new_data/,00000023_S_6369.npy,0,1,0,1,0,,0,0,0,0,,1,0
/home/huangyunyou/amount_data/new_data/,ADNI_007_S_1222_MR_MP-RAGE__br_raw_20100218141009685_3_S80200_I166407.npy,1,0,0,0,0,0,0,0,0,0,,0,0
/home/huangyunyou/amount_data/new_data/,ADNI_130_S_1200_MR_MP-RAGE__br_raw_20100209154403955_13_S79960_I166068.npy,1,0,0,0,0,0,0,0,0,0,,0,0
/home/huangyunyou/amount_data/new_data/,ADNI_099_S_0958_MR_MPRAGE_br_raw_20130418083020260_62_S187330_I367798.npy,0,1,0,1,0,0,0,0,0,0,,1,0
/home/huangyunyou/amount_data/new_data/,ADNI_100_S_6164_MR_Sagittal_3D_Accelerated_MPRAGE_br_raw_20180116150919399_1_S650410_I953555.npy,1,0,0,0,0,,0,0,0,0,,0,0
/home/huangyunyou/amount_data/new_data/,ADNI_021_S_2125_MR_Accelerated_Sag_IR-SPGR__br_raw_20101015120236627_97_S93369_I196583.npy,0,1,0,1,0,,0,0,0,0,,1,0
/home/huangyunyou/amount_data/new_data/,ADNI_051_S_1331_MR_MPRAGE_br_raw_20090713145012988_98_S69898_I148775.npy,0,1,0,1,0,0,0,0,0,0,,1,0
/home/huangyunyou/amount_data/new_data/,ADNI_020_S_6504_MR_Accelerated_Sagittal_MPRAGE__br_raw_20180727145541625_122_S709885_I1027631.npy,1,0,0,0,0,,0,0,0,0,,0,0
/home/huangyunyou/amount_data/new_data/,ADNI_021_S_0178_MR_MP-RAGE__br_20060210130516267_99_S11567_I10993.npy,0,1,0,1,0,0,0,0,0,0,,1,0
/home/huangyunyou/amount_data/new_data/,ADNI_019_S_6186_MR_Sagittal_3D_Accelerated_MPRAGE_br_raw_20180130153759879_80_S654473_I958499.npy,1,0,0,0,0,,0,0,0,0,,0,0
/home/huangyunyou/amount_data/new_data/,ADNI_041_S_0898_MR_MPRAGE_br_raw_20091110151223731_98_S76014_I158501.npy,1,0,0,0,0,0,0,0,0,0,,0,0
/home/huangyunyou/amount_data/new_data/,ADNI_133_S_0912_MR_MP-RAGE__br_raw_20081106150811656_3_S58409_I125423.npy,0,1,0,1,0,0,0,0,0,0,,1,0
/home/huangyunyou/amount_data/new_data/,ADNI_003_S_6257_MR_Accelerated_Sagittal_MPRAGE__br_raw_20180316104559281_109_S667501_I974338.npy,1,0,0,0,0,,0,0,0,0,,0,0
/home/huangyunyou/amount_data/new_data/,ADNI_032_S_0214_MR_MPRAGE_br_raw_20100709082113597_108_S88827_I181363.npy,0,1,0,1,0,0,0,0,0,0,,1,0
/home/huangyunyou/amount_data/new_data/,00000027_S_6640.npy,0,1,0,1,0,,0,0,0,0,,1,0
/home/huangyunyou/amount_data/new_data/,ADNI_014_S_6437_MR_Accelerated_Sagittal_MPRAGE__br_raw_20180821154547976_154_S719532_I1039134.npy,1,0,0,0,0,,0,0,0,0,,0,0
/home/huangyunyou/amount_data/new_data/,ADNI_013_S_0325_MR_MPRAGE_br_raw_20080620115117578_94_S51894_I110198.npy,0,1,0,1,0,0,0,0,0,0,,1,0
/home/huangyunyou/amount_data/new_data/,ADNI_012_S_1212_MR_ADNI_______MPRAGEadni2_br_raw_20070727164101390_4_S36492_I62529.npy,1,0,0,0,0,0,0,0,0,0,,0,0
/home/huangyunyou/amount_data/new_data/,ADNI_137_S_0825_MR_MP-RAGE__br_raw_20071029121025389_180_S41988_I79420.npy,0,1,0,1,0,0,0,0,0,0,,1,0
/home/huangyunyou/amount_data/new_data/,ADNI_041_S_1411_MR_MPRAGE_br_raw_20070717090012320_97_S35102_I60274.npy,0,1,0,1,0,0,0,0,0,0,,1,0
/home/huangyunyou/amount_data/new_data/,ADNI_128_S_0770_MR_REPEAT_SAG_3D_MPRAGE_br_raw_20090826171938044_19_S72793_I153756.npy,0,1,0,1,0,0,0,0,0,0,,1,0
/home/huangyunyou/amount_data/new_data/,ADNI_130_S_0969_MR_MP-RAGE__br_raw_20101202093227275_140_S95650_I207263.npy,1,0,0,0,0,0,0,0,0,0,,0,0
/home/huangyunyou/amount_data/new_data/,ADNI_067_S_0045_MR_MPRAGE_br_raw_20060719155422588_98_S16967_I19190.npy,0,1,0,1,0,0,0,0,0,0,,1,0
/home/huangyunyou/amount_data/new_data/,ADNI_301_S_6224_MR_Sagittal_3D_Accelerated_MPRAGE_br_raw_20180213122017190_165_S658354_I963152.npy,1,0,0,0,0,,0,0,0,0,,0,0
/home/huangyunyou/amount_data/new_data/,ADNI_126_S_1340_MR_MP-RAGE__br_raw_20070808093020868_166_S36996_I65796.npy,0,1,0,1,0,0,0,0,0,0,,1,0
/home/huangyunyou/amount_data/new_data/,ADNI_006_S_1130_MR_MP-RAGE__br_raw_20100114092247484_166_S78351_I163530.npy,0,1,0,1,0,0,0,0,0,0,,1,0
/home/huangyunyou/amount_data/new_data/,ADNI_141_S_6015_MR_Accelerated_Sagittal_MPRAGE__br_raw_20170516125712481_46_S564149_I851352.npy,1,0,0,0,0,,0,0,0,0,,0,0
/home/huangyunyou/amount_data/new_data/,ADNI_023_S_1190_MR_MPRAGE_br_raw_20100219163707538_20_S80249_I166476.npy,1,0,0,0,0,0,0,0,0,0,,0,0
/home/huangyunyou/amount_data/new_data/,00000941_S_6068.npy,0,1,0,1,0,,0,0,0,0,,1,0
/home/huangyunyou/amount_data/new_data/,00000141_S_6075.npy,0,1,0,1,0,,0,0,0,0,,1,0
/home/huangyunyou/amount_data/new_data/,ADNI_941_S_6574_MR_3D_MPRAGE__br_raw_20180910150441160_81_S725814_I1046899.npy,1,0,0,0,0,,0,0,0,0,,0,0
/home/huangyunyou/amount_data/new_data/,ADNI_126_S_0865_MR_MP-RAGE__br_raw_20091217141324628_1_S77293_I161072.npy,0,1,0,1,0,0,0,0,0,0,,1,0
/home/huangyunyou/amount_data/new_data/,ADNI_037_S_6046_MR_Accelerated_Sagittal_MPRAGE__br_raw_20170717132733846_100_S583899_I874809.npy,1,0,0,0,0,,0,0,0,0,,0,0
/home/huangyunyou/amount_data/new_data/,ADNI_011_S_0326_MR_MPRAGE_br_raw_20090407073853571_1_S65639_I140635.npy,0,1,0,1,0,0,0,0,0,0,,1,0
/home/huangyunyou/amount_data/new_data/,ADNI_062_S_1099_MR_MPRAGE_br_raw_20071211155639312_98_S43572_I84579.npy,1,0,0,0,0,0,0,0,0,0,,0,0
/home/huangyunyou/amount_data/new_data/,ADNI_127_S_1419_MR_MP-RAGE__br_raw_20090820091308391_1_S72592_I153427.npy,0,1,0,1,0,0,0,0,0,0,,1,0
/home/huangyunyou/amount_data/new_data/,ADNI_114_S_0601_MR_MPRAGE_br_raw_20090617165030448_98_S68779_I146151.npy,1,0,0,0,0,0,0,0,0,0,,0,0
/home/huangyunyou/amount_data/new_data/,ADNI_037_S_1225_MR_MP-RAGE__br_raw_20080908112912798_56_S56270_I117597.npy,0,1,0,1,0,0,0,0,0,0,,1,0
/home/huangyunyou/amount_data/new_data/,ADNI_006_S_6277_MR_Sagittal_3D_Accelerated_MPRAGE_br_raw_20180328125656099_29_S670775_I978374.npy,1,0,0,0,0,,0,0,0,0,,0,0
/home/huangyunyou/amount_data/new_data/,ADNI_029_S_0878_MR_MP-RAGE__br_raw_20091207113711179_3_S76983_I160409.npy,0,1,0,1,0,0,0,0,0,0,,1,0
/home/huangyunyou/amount_data/new_data/,ADNI_141_S_6589_MR_Accelerated_Sagittal_MPRAGE__br_raw_20181114103108888_145_S747017_I1072748.npy,1,0,0,0,0,,0,0,0,0,,0,0
/home/huangyunyou/amount_data/new_data/,ADNI_052_S_1346_MR_MP-RAGE__br_raw_20100611150757937_65_S87214_I177365.npy,0,1,0,1,0,0,0,0,0,0,,1,0
/home/huangyunyou/amount_data/new_data/,ADNI_012_S_1321_MR_MPRAGE_AUTOSHIM_ON_br_raw_20090327171949312_1_S65187_I140013.npy,0,1,0,1,0,0,0,0,0,0,,1,0
/home/huangyunyou/amount_data/new_data/,ADNI_029_S_0845_MR_MP-RAGE__br_raw_20091015104403163_4_S75197_I157191.npy,1,0,0,0,0,0,0,0,0,0,,0,0
/home/huangyunyou/amount_data/new_data/,00000024_S_6033.npy,0,1,0,1,0,,0,0,0,0,,1,0
/home/huangyunyou/amount_data/new_data/,ADNI_020_S_6227_MR_Accelerated_Sagittal_MPRAGE__br_raw_20180221122007136_60_S660891_I966268.npy,1,0,0,0,0,,0,0,0,0,,0,0
/home/huangyunyou/amount_data/new_data/,ADNI_022_S_1366_MR_MPRAGE_Repeat__br_raw_20070403081845001_87_S29195_I47792.npy,0,1,0,1,0,0,0,0,0,0,,1,0
/home/huangyunyou/amount_data/new_data/,ADNI_099_S_6025_MR_Accelerated_Sag_IR-FSPGR___br_raw_20170605121320234_9_S570201_I858494.npy,1,0,0,0,0,,0,0,0,0,,0,0
/home/huangyunyou/amount_data/new_data/,ADNI_128_S_2003_MR_MPRAGE_br_raw_20100707221529337_96_S88768_I181153.npy,0,1,0,1,0,,0,0,0,0,,1,0
/home/huangyunyou/amount_data/new_data/,ADNI_057_S_0779_MR_MPRAGE_br_raw_20090903140638250_98_S73021_I154122.npy,1,0,0,0,0,0,0,0,0,0,,0,0
/home/huangyunyou/amount_data/new_data/,ADNI_010_S_0904_MR_ASO-MPRAGE_br_raw_20090129145056828_25_S62486_I134948.npy,0,1,0,1,0,0,0,0,0,0,,1,0
/home/huangyunyou/amount_data/new_data/,ADNI_127_S_6024_MR_Accelerated_Sagittal_IR-FSPGR__br_raw_20171115144656499_45_S632099_I931614.npy,1,0,0,0,0,,0,0,0,0,,0,0
/home/huangyunyou/amount_data/new_data/,ADNI_031_S_2022_MR_MPRAGE_br_raw_20100715143835351_140_S89098_I184533.npy,0,1,0,1,0,,0,0,0,0,,1,0
/home/huangyunyou/amount_data/new_data/,ADNI_941_S_6580_MR_Accelerated_Sagittal_MPRAGE__br_raw_20180910133430726_13_S725681_I1046736.npy,1,0,0,0,0,,0,0,0,0,,0,0
/home/huangyunyou/amount_data/new_data/,ADNI_011_S_6465_MR_Accelerated_Sagittal_MPRAGE__br_raw_20180824131118165_89_S721546_I1041482.npy,1,0,0,0,0,,0,0,0,0,,0,0
/home/huangyunyou/amount_data/new_data/,ADNI_031_S_0867_MR_MPRAGE_ASO_br_raw_20090922162201035_1_S74035_I155481.npy,0,1,0,1,0,0,0,0,0,0,,1,0
/home/huangyunyou/amount_data/new_data/,ADNI_057_S_0941_MR_MPRAGE_br_raw_20081023140806234_98_S57832_I123126.npy,0,1,0,1,0,0,0,0,0,0,,1,0
/home/huangyunyou/amount_data/new_data/,ADNI_067_S_0059_MR_MPRAGE_br_raw_20081209145657686_63_S60702_I129892.npy,1,0,0,0,0,0,0,0,0,0,,0,0
/home/huangyunyou/amount_data/new_data/,ADNI_041_S_0598_MR_MPRAGE_br_raw_20080131091903972_98_S45159_I89002.npy,0,1,0,1,0,0,0,0,0,0,,1,0
/home/huangyunyou/amount_data/new_data/,ADNI_130_S_6111_MR_Sagittal_3D_Accelerated_MPRAGE_br_raw_20171114121758916_167_S631822_I931215.npy,1,0,0,0,0,,0,0,0,0,,0,0
/home/huangyunyou/amount_data/new_data/,ADNI_114_S_1118_MR_MP_RAGE_SAGITTAL_br_raw_20100130151109750_144_S79581_I165561.npy,0,1,0,1,0,0,0,0,0,0,,1,0
/home/huangyunyou/amount_data/new_data/,ADNI_018_S_0450_MR_MPRAGE_br_raw_20090707082627293_1_S69489_I147957.npy,0,1,0,1,0,0,0,0,0,0,,1,0
/home/huangyunyou/amount_data/new_data/,ADNI_020_S_6470_MR_Accelerated_Sagittal_MPRAGE__br_raw_20180717135718358_161_S705247_I1021826.npy,1,0,0,0,0,,0,0,0,0,,0,0
/home/huangyunyou/amount_data/new_data/,ADNI_032_S_2247_MR_MPRAGE_br_raw_20101229140030897_41_S96961_I209412.npy,0,1,0,1,0,,0,0,0,0,,1,0
/home/huangyunyou/amount_data/new_data/,ADNI_128_S_1043_MR_REPEAT_SAG_3D_MP_RAGE__br_raw_20140722161206360_54_S225555_I436313.npy,0,1,0,1,0,0,0,0,0,0,,1,0
/home/huangyunyou/amount_data/new_data/,ADNI_011_S_0362_MR_MPRAGE_br_raw_20100603100609644_31_S86779_I176623.npy,0,1,0,1,0,0,0,0,0,0,,1,0
/home/huangyunyou/amount_data/new_data/,ADNI_099_S_6038_MR_Accelerated_Sag_IR-FSPGR___br_raw_20170920110402990_188_S610151_I905866.npy,1,0,0,0,0,,0,0,0,0,,0,0
/home/huangyunyou/amount_data/new_data/,ADNI_073_S_2225_MR_MPRAGE_br_raw_20110127150202440_30_S98428_I214761.npy,0,1,0,1,0,,0,0,0,0,,1,0
/home/huangyunyou/amount_data/new_data/,ADNI_128_S_1407_MR_REPEAT_SAG_3D_MPRAGE_br_raw_20080119002201335_1_S44738_I87882.npy,0,1,0,1,0,0,0,0,0,0,,1,0
/home/huangyunyou/amount_data/new_data/,ADNI_033_S_6298_MR_Accelerated_Sagittal_MPRAGE__br_raw_20180412115919714_106_S675965_I984807.npy,1,0,0,0,0,,0,0,0,0,,0,0
/home/huangyunyou/amount_data/new_data/,ADNI_127_S_2234_MR_Accelerated_Sag_IR-SPGR__br_raw_20101209084209787_162_S96117_I207969.npy,0,1,0,1,0,,0,0,0,0,,1,0
/home/huangyunyou/amount_data/new_data/,ADNI_007_S_2058_MR_Accelerated_SAG_IR-SPGR__br_raw_20100902134847177_180_S91590_I191954.npy,0,1,0,1,0,,0,0,0,0,,1,0
/home/huangyunyou/amount_data/new_data/,ADNI_073_S_0386_MR_MPRAGE_br_raw_20100603104856106_47_S86848_I176717.npy,1,0,0,0,0,0,0,0,0,0,,0,0
/home/huangyunyou/amount_data/new_data/,ADNI_032_S_0479_MR_MPRAGE_br_raw_20100709080318265_119_S88819_I181352.npy,1,0,0,0,0,0,0,0,0,0,,0,0
/home/huangyunyou/amount_data/new_data/,ADNI_051_S_1072_MR_MPRAGE_br_raw_20100205105213277_98_S79788_I165842.npy,0,1,0,1,0,0,0,0,0,0,,1,0
/home/huangyunyou/amount_data/new_data/,00000053_S_6598.npy,0,1,0,1,0,,0,0,0,0,,1,0
/home/huangyunyou/amount_data/new_data/,ADNI_036_S_6088_MR_Accelerated_Sagittal_MPRAGE__br_raw_20171012160729751_123_S619153_I916492.npy,1,0,0,0,0,,0,0,0,0,,0,0
/home/huangyunyou/amount_data/new_data/,ADNI_116_S_0834_MR_MP-RAGE__br_raw_20091116094023707_101_S76467_I159287.npy,0,1,0,1,0,0,0,0,0,0,,1,0
/home/huangyunyou/amount_data/new_data/,ADNI_036_S_0656_MR_MPRAGE_br_raw_20090723193003782_1_S70534_I150230.npy,0,1,0,1,0,0,0,0,0,0,,1,0
/home/huangyunyou/amount_data/new_data/,ADNI_123_S_0113_MR_MPRAGEASO__br_raw_20100408093625440_75_S83010_I170559.npy,1,0,0,0,0,0,0,0,0,0,,0,0
/home/huangyunyou/amount_data/new_data/,ADNI_035_S_0204_MR_MPRAGE_br_raw_20100209145304350_101_S79965_I166074.npy,0,1,0,1,0,0,0,0,0,0,,1,0
/home/huangyunyou/amount_data/new_data/,ADNI_018_S_6351_MR_Sagittal_3D_Accelerated_MPRAGE_br_raw_20180510134544699_1_S684128_I995861.npy,1,0,0,0,0,,0,0,0,0,,0,0
/home/huangyunyou/amount_data/new_data/,ADNI_141_S_1051_MR_MPRAGE_br_raw_20070711115737201_123_S34698_I59062.npy,0,1,0,1,0,0,0,0,0,0,,1,0
/home/huangyunyou/amount_data/new_data/,ADNI_020_S_1288_MR_MPRAGE_br_raw_20100313093708625_78_S81078_I167858.npy,1,0,0,0,0,0,0,0,0,0,,0,0
/home/huangyunyou/amount_data/new_data/,ADNI_129_S_6457_MR_Accelerated_Sag_IR-FSPGR___br_raw_20180627125915166_132_S699214_I1014334.npy,1,0,0,0,0,,0,0,0,0,,0,0
/home/huangyunyou/amount_data/new_data/,ADNI_041_S_1260_MR_MPRAGE_br_raw_20100728110019331_44_S89590_I187656.npy,0,1,0,1,0,0,0,0,0,0,,1,0
/home/huangyunyou/amount_data/new_data/,ADNI_127_S_0393_MR_MP-RAGE__br_raw_20071213112829201_1_S43805_I84930.npy,0,1,0,1,0,0,0,0,0,0,,1,0
/home/huangyunyou/amount_data/new_data/,ADNI_082_S_1256_MR_MPRAGE_Repeat__br_raw_20140715141120307_63_S225113_I435660.npy,1,0,0,0,0,0,0,0,0,0,,0,0
/home/huangyunyou/amount_data/new_data/,ADNI_006_S_6500_MR_Sagittal_3D_Accelerated_MPRAGE_br_raw_20180730125446170_68_S710554_I1028499.npy,1,0,0,0,0,,0,0,0,0,,0,0
/home/huangyunyou/amount_data/new_data/,ADNI_082_S_0641_MR_MPRAGE_SAG_br_raw_20060620142336161_98_S15699_I17259.npy,0,1,0,1,0,0,0,0,0,0,,1,0
/home/huangyunyou/amount_data/new_data/,ADNI_067_S_6443_MR_Accelerated_Sagittal_MPRAGE__br_raw_20180618121151366_169_S696646_I1011216.npy,1,0,0,0,0,,0,0,0,0,,0,0
/home/huangyunyou/amount_data/new_data/,ADNI_013_S_0860_MR_MPRAGE_br_raw_20070926152727660_98_S40056_I75383.npy,0,1,0,1,0,0,0,0,0,0,,1,0
/home/huangyunyou/amount_data/new_data/,ADNI_123_S_0298_MR_MPRAGEASO__br_raw_20100419102052805_133_S83458_I171280.npy,1,0,0,0,0,0,0,0,0,0,,0,0
/home/huangyunyou/amount_data/new_data/,ADNI_023_S_0613_MR_MPRAGE_br_raw_20060725115106015_1_S17197_I19553.npy,0,1,0,1,0,0,0,0,0,0,,1,0
/home/huangyunyou/amount_data/new_data/,ADNI_010_S_0419_MR_ASO-MPRAGE_br_raw_20100506044845078_93_S73338_I154490.npy,1,0,0,0,0,0,0,0,0,0,,0,0
/home/huangyunyou/amount_data/new_data/,ADNI_068_S_2184_MR_MPRAGE_br_raw_20101117133904572_129_S94922_I205396.npy,0,1,0,1,0,,0,0,0,0,,1,0
/home/huangyunyou/amount_data/new_data/,ADNI_136_S_0195_MR_MP-RAGE__br_raw_20090404130557995_1_S65500_I140446.npy,0,1,0,1,0,0,0,0,0,0,,1,0
/home/huangyunyou/amount_data/new_data/,ADNI_128_S_0188_MR_REPEAT_SAG_3D_MPRAGE_br_raw_20090603115647638_16_S68227_I145356.npy,0,1,0,1,0,0,0,0,0,0,,1,0
/home/huangyunyou/amount_data/new_data/,ADNI_100_S_6308_MR_Sagittal_3D_Accelerated_MPRAGE_br_raw_20180427154627592_1_S680191_I990027.npy,1,0,0,0,0,,0,0,0,0,,0,0
/home/huangyunyou/amount_data/new_data/,ADNI_016_S_1121_MR_MPRAGE_br_raw_20091217105049466_101_S77265_I161032.npy,0,1,0,1,0,0,0,0,0,0,,1,0
/home/huangyunyou/amount_data/new_data/,ADNI_002_S_6456_MR_Accelerated_Sagittal_MPRAGE__br_raw_20180706121640876_171_S701947_I1017836.npy,1,0,0,0,0,,0,0,0,0,,0,0
/home/huangyunyou/amount_data/new_data/,ADNI_116_S_0360_MR_MP-RAGE__br_raw_20060504130627062_2_S14014_I14623.npy,1,0,0,0,0,0,0,0,0,0,,0,0
/home/huangyunyou/amount_data/new_data/,ADNI_068_S_0478_MR_ADNI_______MPRAGE__br_raw_20080708170158945_170_S53140_I112794.npy,0,1,0,1,0,0,0,0,0,0,,1,0
/home/huangyunyou/amount_data/new_data/,ADNI_128_S_0245_MR_MPRAGE_br_raw_20061010183353712_1_S19921_I26049.npy,1,0,0,0,0,0,0,0,0,0,,0,0
/home/huangyunyou/amount_data/new_data/,ADNI_100_S_2351_MR_MPRAGE_br_raw_20110517102011932_4_S109082_I235263.npy,0,1,0,1,0,,0,0,0,0,,1,0
/home/huangyunyou/amount_data/new_data/,ADNI_023_S_0031_MR_MPRAGE_br_raw_20091022143730008_1_S75432_I157584.npy,1,0,0,0,0,0,0,0,0,0,,0,0
/home/huangyunyou/amount_data/new_data/,ADNI_141_S_1245_MR_MPRAGE_br_raw_20080512112250313_98_S49889_I105076.npy,0,1,0,1,0,0,0,0,0,0,,1,0
/home/huangyunyou/amount_data/new_data/,ADNI_037_S_6271_MR_Accelerated_Sagittal_MPRAGE__br_raw_20180517142517257_37_S686551_I998806.npy,1,0,0,0,0,,0,0,0,0,,0,0
/home/huangyunyou/amount_data/new_data/,ADNI_137_S_0481_MR_MP-RAGE__br_raw_20090609102316303_1_S68383_I145591.npy,0,1,0,1,0,0,0,0,0,0,,1,0
/home/huangyunyou/amount_data/new_data/,ADNI_127_S_0622_MR_MP-RAGE__br_raw_20090701172811765_1_S69345_I147629.npy,1,0,0,0,0,0,0,0,0,0,,0,0
/home/huangyunyou/amount_data/new_data/,ADNI_068_S_2248_MR_MPRAGE_br_raw_20101223110525957_72_S97001_I209511.npy,0,1,0,1,0,,0,0,0,0,,1,0
/home/huangyunyou/amount_data/new_data/,ADNI_098_S_0172_MR_MP-RAGE__br_raw_20120508134644975_144_S85041_I173885.npy,1,0,0,0,0,0,0,0,0,0,,0,0
/home/huangyunyou/amount_data/new_data/,ADNI_141_S_2333_MR_MPRAGE_br_raw_20110330111212659_24_S102362_I224914.npy,0,1,0,1,0,,0,0,0,0,,1,0
/home/huangyunyou/amount_data/new_data/,ADNI_014_S_0557_MR_MP-RAGE_REPEAT_br_raw_20090609132514316_160_S68396_I145612.npy,0,1,0,1,0,0,0,0,0,0,,1,0
/home/huangyunyou/amount_data/new_data/,ADNI_003_S_1021_MR_MPRAGE_br_raw_20070627175329914_126_S34090_I57886.npy,1,0,0,0,0,0,0,0,0,0,,0,0
/home/huangyunyou/amount_data/new_data/,ADNI_002_S_0295_MR_MP-RAGE__br_raw_20100514031838903_42_S84944_I173732.npy,1,0,0,0,0,0,0,0,0,0,,0,0
/home/huangyunyou/amount_data/new_data/,00000127_S_6241.npy,0,1,0,1,0,,0,0,0,0,,1,0
/home/huangyunyou/amount_data/new_data/,ADNI_035_S_0555_MR_MPRAGE_br_raw_20100129153953550_100_S79574_I165551.npy,1,0,0,0,0,0,0,0,0,0,,0,0
/home/huangyunyou/amount_data/new_data/,ADNI_011_S_0168_MR_MPRAGE_br_raw_20060830132550388_1_S18381_I23559.npy,0,1,0,1,0,0,0,0,0,0,,1,0
/home/huangyunyou/amount_data/new_data/,ADNI_023_S_0217_MR_MPRAGE_br_raw_20100312123317975_22_S81061_I167824.npy,0,1,0,1,0,0,0,0,0,0,,1,0
/home/huangyunyou/amount_data/new_data/,ADNI_022_S_2087_MR_MPRAGE_br_raw_20101006171547116_161_S93012_I195225.npy,0,1,0,1,0,,0,0,0,0,,1,0
/home/huangyunyou/amount_data/new_data/,ADNI_023_S_6400_MR_Accelerated_Sagittal_MPRAGE__br_raw_20180530163448275_138_S690769_I1004030.npy,1,0,0,0,0,,0,0,0,0,,0,0
/home/huangyunyou/amount_data/new_data/,ADNI_109_S_1114_MR_MPRAGE_br_raw_20090408122926195_1_S65797_I140966.npy,0,1,0,1,0,0,0,0,0,0,,1,0
/home/huangyunyou/amount_data/new_data/,ADNI_002_S_6030_MR_Accelerated_Sagittal_MPRAGE__br_raw_20170616113814435_8_S573169_I861965.npy,1,0,0,0,0,,0,0,0,0,,0,0
/home/huangyunyou/amount_data/new_data/,ADNI_036_S_2380_MR_MPRAGE_br_raw_20110602093324658_105_S110431_I238494.npy,0,1,0,1,0,,0,0,0,0,,1,0
/home/huangyunyou/amount_data/new_data/,ADNI_072_S_1211_MR_MPRAGE_ASO_br_raw_20100306115856245_126_S80735_I167364.npy,0,1,0,1,0,0,0,0,0,0,,1,0
/home/huangyunyou/amount_data/new_data/,ADNI_009_S_6212_MR_Accelerated_Sag_IR-FSPGR_br_raw_20180227103604016_26_S662644_I968465.npy,1,0,0,0,0,,0,0,0,0,,0,0
/home/huangyunyou/amount_data/new_data/,ADNI_027_S_2245_MR_Accelerated_SAG_IR-SPGR__br_raw_20101215151725704_66_S96492_I208684.npy,0,1,0,1,0,,0,0,0,0,,1,0
/home/huangyunyou/amount_data/new_data/,ADNI_014_S_0548_MR_MP-RAGE__br_raw_20090720102035247_21_S70313_I149716.npy,1,0,0,0,0,0,0,0,0,0,,0,0
/home/huangyunyou/amount_data/new_data/,ADNI_021_S_2077_MR_Accelerated_Sag_IR-SPGR__br_raw_20100909161320873_171_S91933_I192498.npy,0,1,0,1,0,,0,0,0,0,,1,0
/home/huangyunyou/amount_data/new_data/,ADNI_133_S_0727_MR_Sag_MPRAGE_br_raw_20140806151408897_84_S226970_I438622.npy,0,1,0,1,0,0,0,0,0,0,,1,0
/home/huangyunyou/amount_data/new_data/,ADNI_168_S_6059_MR_Accelerated_Sagittal_MPRAGE__br_raw_20170821114231693_37_S598963_I892759.npy,1,0,0,0,0,,0,0,0,0,,0,0
/home/huangyunyou/amount_data/new_data/,ADNI_037_S_0377_MR_MP-RAGE__br_raw_20140711073113459_60_S224737_I435109.npy,0,1,0,1,0,0,0,0,0,0,,1,0
/home/huangyunyou/amount_data/new_data/,ADNI_013_S_1276_MR_MPRAGE_br_raw_20100430124219222_77_S84235_I172677.npy,1,0,0,0,0,0,0,0,0,0,,0,0
/home/huangyunyou/amount_data/new_data/,ADNI_022_S_0750_MR_MPRAGE_Repeat__br_raw_20080829165950857_23_S56105_I117292.npy,0,1,0,1,0,0,0,0,0,0,,1,0
/home/huangyunyou/amount_data/new_data/,ADNI_109_S_0967_MR_MPRAGE_br_raw_20090408113610928_1_S65788_I140954.npy,1,0,0,0,0,0,0,0,0,0,,0,0
/home/huangyunyou/amount_data/new_data/,ADNI_016_S_1092_MR_MPRAGE_br_raw_20091217111401205_97_S77272_I161040.npy,0,1,0,1,0,0,0,0,0,0,,1,0
/home/huangyunyou/amount_data/new_data/,ADNI_020_S_6449_MR_Accelerated_Sagittal_MPRAGE__br_raw_20180709093028550_206_S702254_I1018201.npy,1,0,0,0,0,,0,0,0,0,,0,0
/home/huangyunyou/amount_data/new_data/,ADNI_099_S_0111_MR_MPRAGE_br_raw_20070205105827031_98_S25863_I38078.npy,0,1,0,1,0,0,0,0,0,0,,1,0
/home/huangyunyou/amount_data/new_data/,ADNI_109_S_2278_MR_Accelerated_SAG_IR-SPGR__br_raw_20110317182336858_59_S101817_I224117.npy,0,1,0,1,0,,0,0,0,0,,1,0
/home/huangyunyou/amount_data/new_data/,ADNI_941_S_1202_MR_MPRAGE_br_raw_20100316165641848_48_S81149_I167951.npy,1,0,0,0,0,0,0,0,0,0,,0,0
/home/huangyunyou/amount_data/new_data/,ADNI_011_S_0241_MR_MPRAGE_br_raw_20100317103327167_34_S81165_I167969.npy,0,1,0,1,0,0,0,0,0,0,,1,0
/home/huangyunyou/amount_data/new_data/,ADNI_137_S_0283_MR_MP-RAGE__br_raw_20090423102452728_180_S66599_I142415.npy,1,0,0,0,0,0,0,0,0,0,,0,0
/home/huangyunyou/amount_data/new_data/,ADNI_033_S_0567_MR_MP-RAGE__br_raw_20090616122851388_3_S68614_I145927.npy,0,1,0,1,0,0,0,0,0,0,,1,0
/home/huangyunyou/amount_data/new_data/,ADNI_023_S_0042_MR_MPRAGE_br_raw_20100318123521726_128_S81237_I168064.npy,0,1,0,1,0,0,0,0,0,0,,1,0
/home/huangyunyou/amount_data/new_data/,ADNI_094_S_0526_MR_MP-RAGE__br_raw_20090626150111355_1_S69250_I146828.npy,1,0,0,0,0,0,0,0,0,0,,0,0
/home/huangyunyou/amount_data/new_data/,00000135_S_6110.npy,0,1,0,1,0,,0,0,0,0,,1,0
/home/huangyunyou/amount_data/new_data/,ADNI_072_S_0315_MR_MPRAGE_ASO_br_raw_20100409144231386_18_S83185_I170813.npy,1,0,0,0,0,0,0,0,0,0,,0,0
/home/huangyunyou/amount_data/new_data/,ADNI_023_S_0887_MR_MPRAGE_br_raw_20091103161634941_1_S75829_I158216.npy,0,1,0,1,0,0,0,0,0,0,,1,0
/home/huangyunyou/amount_data/new_data/,ADNI_168_S_6062_MR_Accelerated_Sagittal_MPRAGE__br_raw_20170821115315474_159_S598972_I892771.npy,1,0,0,0,0,,0,0,0,0,,0,0
/home/huangyunyou/amount_data/new_data/,00000168_S_6634.npy,0,1,0,1,0,,0,0,0,0,,1,0
/home/huangyunyou/amount_data/new_data/,ADNI_153_S_6237_MR_Accelerated_Sagittal_MPRAGE__br_raw_20180307135252368_4_S664777_I970943.npy,1,0,0,0,0,,0,0,0,0,,0,0
/home/huangyunyou/amount_data/new_data/,ADNI_035_S_0033_MR_MPRAGE_br_raw_20090601145154100_98_S68142_I145230.npy,0,1,0,1,0,0,0,0,0,0,,1,0
/home/huangyunyou/amount_data/new_data/,ADNI_136_S_0873_MR_MP-RAGE__br_raw_20081029152044270_1_S58049_I124413.npy,0,1,0,1,0,0,0,0,0,0,,1,0
/home/huangyunyou/amount_data/new_data/,ADNI_126_S_0680_MR_MP-RAGE__br_raw_20100722091404385_56_S89368_I185557.npy,1,0,0,0,0,0,0,0,0,0,,0,0
/home/huangyunyou/amount_data/new_data/,ADNI_033_S_1284_MR_MP-RAGE__br_raw_20080227135706411_3_S46258_I92891.npy,0,1,0,1,0,0,0,0,0,0,,1,0
/home/huangyunyou/amount_data/new_data/,ADNI_168_S_6049_MR_Accelerated_Sagittal_MPRAGE__br_raw_20171012100144282_201_S619050_I916365.npy,1,0,0,0,0,,0,0,0,0,,0,0
/home/huangyunyou/amount_data/new_data/,ADNI_021_S_2142_MR_Accelerated_Sag_IR-SPGR__br_raw_20101025143821734_19_S93661_I199167.npy,0,1,0,1,0,,0,0,0,0,,1,0
/home/huangyunyou/amount_data/new_data/,00000023_S_6334.npy,0,1,0,1,0,,0,0,0,0,,1,0
/home/huangyunyou/amount_data/new_data/,ADNI_057_S_0643_MR_MPRAGE_br_raw_20090722150548359_134_S70434_I150035.npy,1,0,0,0,0,0,0,0,0,0,,0,0
/home/huangyunyou/amount_data/new_data/,ADNI_131_S_0384_MR_MP-RAGE__br_raw_20100630093119887_83_S88428_I180692.npy,0,1,0,1,0,0,0,0,0,0,,1,0
/home/huangyunyou/amount_data/new_data/,ADNI_031_S_0618_MR_MPRAGE_ASO_br_raw_20090702124657453_1_S69380_I147771.npy,1,0,0,0,0,0,0,0,0,0,,0,0
/home/huangyunyou/amount_data/new_data/,ADNI_024_S_1393_MR_MP-RAGE__br_raw_20100413152418658_132_S83274_I170929.npy,0,1,0,1,0,0,0,0,0,0,,1,0
/home/huangyunyou/amount_data/new_data/,ADNI_023_S_0058_MR_MPRAGE_br_raw_20100319144152203_137_S81389_I168313.npy,1,0,0,0,0,0,0,0,0,0,,0,0
/home/huangyunyou/amount_data/new_data/,00000301_S_6615.npy,0,1,0,1,0,,0,0,0,0,,1,0
/home/huangyunyou/amount_data/new_data/,ADNI_018_S_0043_MR_MPRAGE_br_raw_20100223150511841_90_S80391_I166710.npy,1,0,0,0,0,0,0,0,0,0,,0,0
/home/huangyunyou/amount_data/new_data/,ADNI_098_S_0269_MR_MP-RAGE__br_raw_20100420165528541_113_S83524_I171457.npy,0,1,0,1,0,0,0,0,0,0,,1,0
/home/huangyunyou/amount_data/new_data/,ADNI_168_S_6151_MR_Accelerated_Sagittal_MPRAGE__br_raw_20171219114009450_45_S645502_I947540.npy,1,0,0,0,0,,0,0,0,0,,0,0
/home/huangyunyou/amount_data/new_data/,ADNI_131_S_0409_MR_MP-RAGE__br_raw_20070209092042807_1_S26167_I38686.npy,0,1,0,1,0,0,0,0,0,0,,1,0
/home/huangyunyou/amount_data/new_data/,ADNI_037_S_0552_MR_MP-RAGE__br_raw_20080618091759203_1_S51792_I110030.npy,0,1,0,1,0,0,0,0,0,0,,1,0
/home/huangyunyou/amount_data/new_data/,ADNI_141_S_0767_MR_MPRAGE_br_raw_20081007143046174_98_S57038_I119448.npy,1,0,0,0,0,0,0,0,0,0,,0,0
/home/huangyunyou/amount_data/new_data/,ADNI_037_S_1421_MR_MP-RAGE__br_raw_20100924141922999_132_S92610_I193604.npy,0,1,0,1,0,0,0,0,0,0,,1,0
/home/huangyunyou/amount_data/new_data/,ADNI_020_S_0899_MR_MPRAGE_br_raw_20091118125118234_160_S76597_I159479.npy,1,0,0,0,0,0,0,0,0,0,,0,0
/home/huangyunyou/amount_data/new_data/,ADNI_127_S_1427_MR_MP-RAGE__br_raw_20090826163347839_166_S72777_I153734.npy,0,1,0,1,0,0,0,0,0,0,,1,0
/home/huangyunyou/amount_data/new_data/,ADNI_067_S_0098_MR_MPRAGE_br_raw_20090326172731889_98_S65124_I139923.npy,0,1,0,1,0,0,0,0,0,0,,1,0
/home/huangyunyou/amount_data/new_data/,ADNI_141_S_0717_MR_MPRAGE_br_raw_20081006164354198_98_S56987_I119296.npy,1,0,0,0,0,0,0,0,0,0,,0,0
/home/huangyunyou/amount_data/new_data/,ADNI_031_S_1066_MR_MPRAGE_br_raw_20091209153600458_1_S77080_I160613.npy,0,1,0,1,0,0,0,0,0,0,,1,0
/home/huangyunyou/amount_data/new_data/,00000137_S_6654.npy,0,1,0,1,0,,0,0,0,0,,1,0
/home/huangyunyou/amount_data/new_data/,ADNI_007_S_6515_MR_Accelerated_Sagittal_MPRAGE__br_raw_20180731092144897_139_S711025_I1029029.npy,1,0,0,0,0,,0,0,0,0,,0,0
/home/huangyunyou/amount_data/new_data/,ADNI_941_S_2060_MR_MPRAGE_br_raw_20100908161012470_91_S91837_I192348.npy,0,1,0,1,0,,0,0,0,0,,1,0
/home/huangyunyou/amount_data/new_data/,ADNI_135_S_6104_MR_Accelerated_Sag_IR-FSPGR___br_raw_20171130154544576_144_S629806_I928920.npy,1,0,0,0,0,,0,0,0,0,,0,0
/home/huangyunyou/amount_data/new_data/,ADNI_041_S_6292_MR_Accelerated_Sagittal_MPRAGE__br_raw_20180418120239582_37_S677519_I986709.npy,1,0,0,0,0,,0,0,0,0,,0,0
/home/huangyunyou/amount_data/new_data/,ADNI_037_S_0182_MR_MP-RAGE__br_raw_20060214151603652_86_S11644_I11121.npy,0,1,0,1,0,0,0,0,0,0,,1,0
/home/huangyunyou/amount_data/new_data/,00000003_S_6606.npy,0,1,0,1,0,,0,0,0,0,,1,0
/home/huangyunyou/amount_data/new_data/,ADNI_098_S_6343_MR_Sag_Accel_IR-FSPGR_br_raw_20180509153620696_34_S684016_I995623.npy,1,0,0,0,0,,0,0,0,0,,0,0
/home/huangyunyou/amount_data/new_data/,ADNI_168_S_6051_MR_Accelerated_Sagittal_MPRAGE__br_raw_20170717143147015_47_S583955_I874879.npy,1,0,0,0,0,,0,0,0,0,,0,0
/home/huangyunyou/amount_data/new_data/,ADNI_094_S_1314_MR_MP-RAGE__br_raw_20100322143413515_33_S81492_I168429.npy,0,1,0,1,0,0,0,0,0,0,,1,0
/home/huangyunyou/amount_data/new_data/,ADNI_003_S_1057_MR_MPRAGE_br_raw_20100217150708453_60_S80181_I166383.npy,0,1,0,1,0,0,0,0,0,0,,1,0
/home/huangyunyou/amount_data/new_data/,ADNI_007_S_6255_MR_Accelerated_Sagittal_MPRAGE__br_raw_20180319110723648_54_S667835_I974757.npy,1,0,0,0,0,,0,0,0,0,,0,0
/home/huangyunyou/amount_data/new_data/,ADNI_013_S_2324_MR_MPRAGE_br_raw_20110328152402908_29_S102467_I225055.npy,0,1,0,1,0,,0,0,0,0,,1,0
/home/huangyunyou/amount_data/new_data/,ADNI_023_S_0963_MR_MPRAGE_br_raw_20091028121826771_1_S75636_I157902.npy,1,0,0,0,0,0,0,0,0,0,,0,0
/home/huangyunyou/amount_data/new_data/,00000007_S_6421.npy,0,1,0,1,0,,0,0,0,0,,1,0
/home/huangyunyou/amount_data/new_data/,ADNI_116_S_1232_MR_MP-RAGE__br_raw_20100211172224931_1_S80078_I166224.npy,1,0,0,0,0,0,0,0,0,0,,0,0
/home/huangyunyou/amount_data/new_data/,ADNI_022_S_0014_MR_MPRAGE_Repeat__br_raw_20081117165313913_138_S59373_I127031.npy,1,0,0,0,0,0,0,0,0,0,,0,0
/home/huangyunyou/amount_data/new_data/,ADNI_018_S_0087_MR_MPRAGE_ASO_br_raw_20070801133919016_86_S36727_I63688.npy,0,1,0,1,0,0,0,0,0,0,,1,0
/home/huangyunyou/amount_data/new_data/,ADNI_141_S_0982_MR_MPRAGE_br_raw_20080514133346469_98_S50075_I105540.npy,0,1,0,1,0,0,0,0,0,0,,1,0
/home/huangyunyou/amount_data/new_data/,ADNI_003_S_0931_MR_MPRAGE_br_raw_20070426113230984_98_S30780_I51292.npy,1,0,0,0,0,0,0,0,0,0,,0,0
/home/huangyunyou/amount_data/new_data/,00000018_S_6414.npy,0,1,0,1,0,,0,0,0,0,,1,0
/home/huangyunyou/amount_data/new_data/,ADNI_033_S_0723_MR_MP-RAGE__br_raw_20090818141524833_3_S72523_I153330.npy,0,1,0,1,0,0,0,0,0,0,,1,0
/home/huangyunyou/amount_data/new_data/,ADNI_005_S_0546_MR_MP-RAGE__br_raw_20090903135443968_3_S73049_I154173.npy,0,1,0,1,0,0,0,0,0,0,,1,0
/home/huangyunyou/amount_data/new_data/,ADNI_002_S_1280_MR_MP-RAGE__br_raw_20100218221258250_165_S80218_I166431.npy,1,0,0,0,0,0,0,0,0,0,,0,0
/home/huangyunyou/amount_data/new_data/,ADNI_116_S_0649_MR_MP-RAGE__br_raw_20090814154126079_1_S72457_I153216.npy,0,1,0,1,0,0,0,0,0,0,,1,0
/home/huangyunyou/amount_data/new_data/,ADNI_168_S_6321_MR_Accelerated_Sagittal_MPRAGE__br_raw_20180504092744599_190_S682320_I992613.npy,1,0,0,0,0,,0,0,0,0,,0,0
/home/huangyunyou/amount_data/new_data/,00000168_S_6180.npy,0,1,0,1,0,,0,0,0,0,,1,0
/home/huangyunyou/amount_data/new_data/,ADNI_013_S_0502_MR_MPRAGE_br_raw_20090908172714825_64_S73416_I154628.npy,1,0,0,0,0,0,0,0,0,0,,0,0
/home/huangyunyou/amount_data/new_data/,ADNI_141_S_0915_MR_MPRAGE_br_raw_20080514150318901_98_S50099_I105572.npy,0,1,0,1,0,0,0,0,0,0,,1,0
/home/huangyunyou/amount_data/new_data/,00000003_S_6268.npy,0,1,0,1,0,,0,0,0,0,,1,0
/home/huangyunyou/amount_data/new_data/,ADNI_035_S_6306_MR_Accelerated_Sagittal_MPRAGE__br_raw_20200831121053595_187_S679192_I988748.npy,1,0,0,0,0,,0,0,0,0,,0,0
/home/huangyunyou/amount_data/new_data/,ADNI_099_S_0060_MR_MPRAGE_br_raw_20070111134607453_98_S24972_I36068.npy,0,1,0,1,0,0,0,0,0,0,,1,0
/home/huangyunyou/amount_data/new_data/,ADNI_141_S_6008_MR_Accelerated_Sagittal_MPRAGE__br_raw_20170414151252566_160_S554628_I839474.npy,1,0,0,0,0,,0,0,0,0,,0,0
/home/huangyunyou/amount_data/new_data/,ADNI_082_S_2121_MR_MPRAGE_br_raw_20101012165441265_92_S93249_I196354.npy,0,1,0,1,0,,0,0,0,0,,1,0
/home/huangyunyou/amount_data/new_data/,ADNI_941_S_6044_MR_Accelerated_Sagittal_MPRAGE__br_raw_20170711130950417_26_S582377_I872975.npy,1,0,0,0,0,,0,0,0,0,,0,0
/home/huangyunyou/amount_data/new_data/,ADNI_094_S_6275_MR_Accelerated_Sagittal_MPRAGE__br_raw_20180418075015895_2_S677372_I986502.npy,1,0,0,0,0,,0,0,0,0,,0,0
/home/huangyunyou/amount_data/new_data/,ADNI_023_S_2068_MR_MPRAGE_br_raw_20100917160201937_52_S92230_I193007.npy,0,1,0,1,0,,0,0,0,0,,1,0
/home/huangyunyou/amount_data/new_data/,ADNI_037_S_0454_MR_MP-RAGE-Repeat_br_raw_20090708115006946_1_S69651_I148275.npy,1,0,0,0,0,0,0,0,0,0,,0,0
/home/huangyunyou/amount_data/new_data/,ADNI_098_S_0288_MR_MP-RAGE__br_raw_20060330160338521_1_S12607_I12654.npy,0,1,0,1,0,0,0,0,0,0,,1,0
/home/huangyunyou/amount_data/new_data/,ADNI_020_S_6513_MR_Accelerated_Sagittal_MPRAGE__br_raw_20180801134516870_91_S711472_I1029584.npy,1,0,0,0,0,,0,0,0,0,,0,0
