path,filename,NC,MCI,DE,COG,AD,PD,FTD,VD,DLB,PDD,ADD,ALL,OTHER
/root/workspace/lxs/ADNI/npy/,00000033_S_0889.npy,0,0,1,2,1,0,,0,,0,1,2,
/root/workspace/lxs/ADNI/npy/,00000032_S_0400.npy,0,0,1,2,1,0,,0,,0,1,2,
/root/workspace/lxs/ADNI/npy/,00000033_S_1283.npy,0,0,1,2,1,0,,0,,0,1,2,
/root/workspace/lxs/ADNI/npy/,00000141_S_0790.npy,0,0,1,2,1,0,,0,,0,1,2,
/root/workspace/lxs/ADNI/npy/,00000127_S_0754.npy,0,0,1,2,1,0,,0,,0,1,2,
/root/workspace/lxs/ADNI/npy/,00000137_S_0438.npy,0,0,1,2,1,0,,0,,0,1,2,
/root/workspace/lxs/ADNI/npy/,00000013_S_0996.npy,0,0,1,2,1,0,,0,,0,1,2,
/root/workspace/lxs/ADNI/npy/,ADNI_037_S_6377_MR_Accelerated_Sagittal_MPRAGE__br_raw_20180706142306729_62_S701869_I1017725.npy,0,0,1,2,1,,,,,,1,2,
/root/workspace/lxs/ADNI/npy/,00000036_S_0577.npy,0,0,1,2,1,0,,0,,0,1,2,
/root/workspace/lxs/ADNI/npy/,00000127_S_0844.npy,0,0,1,2,1,0,,0,,0,1,2,
/root/workspace/lxs/ADNI/npy/,00000057_S_0474.npy,0,0,1,2,1,0,,0,,0,1,2,
/root/workspace/lxs/ADNI/npy/,00000057_S_1371.npy,0,0,1,2,1,0,,0,,0,1,2,
/root/workspace/lxs/ADNI/npy/,00000123_S_0091.npy,0,0,1,2,1,0,,0,,0,1,2,
/root/workspace/lxs/ADNI/npy/,ADNI_023_S_0078_MR_MPRAGE_br_raw_20070724123053465_1_S36266_I61968.npy,0,0,1,2,1,0,,0,,0,1,2,
/root/workspace/lxs/ADNI/npy/,00000002_S_0955.npy,0,0,1,2,1,0,,0,,0,1,2,
/root/workspace/lxs/ADNI/npy/,00000024_S_1307.npy,0,0,1,2,1,0,,0,,0,1,2,
/root/workspace/lxs/ADNI/npy/,00000022_S_0129.npy,0,0,1,2,1,0,,0,,0,1,2,
/root/workspace/lxs/ADNI/npy/,00000062_S_0730.npy,0,0,1,2,1,0,,0,,0,1,2,
/root/workspace/lxs/ADNI/npy/,00000018_S_0633.npy,0,0,1,2,1,0,,0,,0,1,2,
/root/workspace/lxs/ADNI/npy/,00000041_S_1391.npy,0,0,1,2,1,0,,0,,0,1,2,
/root/workspace/lxs/ADNI/npy/,00000027_S_1385.npy,0,0,1,2,1,0,,0,,0,1,2,
/root/workspace/lxs/ADNI/npy/,00000136_S_0194.npy,0,0,1,2,1,0,,0,,0,1,2,
/root/workspace/lxs/ADNI/npy/,00000023_S_0093.npy,0,0,1,2,1,0,,0,,0,1,2,
/root/workspace/lxs/ADNI/npy/,00000123_S_0094.npy,0,0,1,2,1,0,,0,,0,1,2,
/root/workspace/lxs/ADNI/npy/,00000137_S_1041.npy,0,0,1,2,1,0,,0,,0,1,2,
/root/workspace/lxs/ADNI/npy/,00000013_S_0699.npy,0,0,1,2,1,0,,0,,0,1,2,
/root/workspace/lxs/ADNI/npy/,00000014_S_0356.npy,0,0,1,2,1,0,,0,,0,1,2,
/root/workspace/lxs/ADNI/npy/,ADNI_003_S_6264_MR_Accelerated_Sagittal_MPRAGE__raw_20180605145019152_25_S692116_I1005735.npy,0,0,1,2,1,,,,,,1,2,
/root/workspace/lxs/ADNI/npy/,00000029_S_0836.npy,0,0,1,2,1,0,,0,,0,1,2,
/root/workspace/lxs/ADNI/npy/,00000023_S_1262.npy,0,0,1,2,1,0,,0,,0,1,2,
/root/workspace/lxs/ADNI/npy/,00000021_S_0642.npy,0,0,1,2,1,0,,0,,0,1,2,
/root/workspace/lxs/ADNI/npy/,00000133_S_1170.npy,0,0,1,2,1,0,,0,,0,1,2,
/root/workspace/lxs/ADNI/npy/,00000011_S_0053.npy,0,0,1,2,1,0,,0,,0,1,2,
/root/workspace/lxs/ADNI/npy/,00000013_S_1205.npy,0,0,1,2,1,0,,0,,0,1,2,
/root/workspace/lxs/ADNI/npy/,00000007_S_1248.npy,0,0,1,2,1,0,,0,,0,1,2,
/root/workspace/lxs/ADNI/npy/,00000027_S_1082.npy,0,0,1,2,1,0,,0,,0,1,2,
/root/workspace/lxs/ADNI/npy/,00000094_S_1164.npy,0,0,1,2,1,0,,0,,0,1,2,
/root/workspace/lxs/ADNI/npy/,ADNI_027_S_6648_MR_Accelerated_Sagittal_IR-FSPGR__br_raw_20190102215738079_82_S777830_I1108061.npy,0,0,1,2,1,,,,,,1,2,
/root/workspace/lxs/ADNI/npy/,00000136_S_0300.npy,0,0,1,2,1,0,,0,,0,1,2,
/root/workspace/lxs/ADNI/npy/,00000067_S_0812.npy,0,0,1,2,1,0,,0,,0,1,2,
/root/workspace/lxs/ADNI/npy/,ADNI_127_S_6433_MR_Accelerated_Sagittal_IR-FSPGR__br_raw_20180801163846194_134_S711667_I1029798.npy,0,0,1,2,1,,,,,,1,2,
/root/workspace/lxs/ADNI/npy/,00000137_S_0366.npy,0,0,1,2,1,0,,0,,0,1,2,
/root/workspace/lxs/ADNI/npy/,00000007_S_0316.npy,0,0,1,2,1,0,,0,,0,1,2,
/root/workspace/lxs/ADNI/npy/,ADNI_100_S_0296_MR_ASO-MPRAGE_br_raw_20090522140639280_1_S67603_I144432.npy,0,1,0,1,0,0,0,0,0,0,,1,0
/root/workspace/lxs/ADNI/npy/,ADNI_094_S_0526_MR_MP-RAGE__br_raw_20090626150111355_1_S69250_I146828.npy,1,0,0,0,0,0,0,0,0,0,,0,0
/root/workspace/lxs/ADNI/npy/,ADNI_141_S_2210_MR_MPRAGE_br_raw_20110117092826589_162_S97644_I212301.npy,0,1,0,1,0,,0,0,0,0,,1,0
/root/workspace/lxs/ADNI/npy/,ADNI_035_S_6195_MR_Accelerated_Sagittal_MPRAGE__br_raw_20180208082447527_71_S656970_I961497.npy,1,0,0,0,0,,0,0,0,0,,0,0
/root/workspace/lxs/ADNI/npy/,00000130_S_6611.npy,0,1,0,1,0,,0,0,0,0,,1,0
/root/workspace/lxs/ADNI/npy/,ADNI_094_S_6417_MR_Accelerated_Sagittal_MPRAGE__br_raw_20180626091746294_7_S698530_I1013527.npy,1,0,0,0,0,,0,0,0,0,,0,0
/root/workspace/lxs/ADNI/npy/,ADNI_094_S_0711_MR_MP-RAGE__br_raw_20090828142342012_2_S72888_I153913.npy,1,0,0,0,0,0,0,0,0,0,,0,0
/root/workspace/lxs/ADNI/npy/,ADNI_011_S_1080_MR_MPRAGE_br_raw_20091211142341869_1_S77189_I160789.npy,0,1,0,1,0,0,0,0,0,0,,1,0
/root/workspace/lxs/ADNI/npy/,ADNI_941_S_6094_MR_Accelerated_Sagittal_MPRAGE__br_raw_20171024091028349_67_S623901_I921879.npy,1,0,0,0,0,,0,0,0,0,,0,0
/root/workspace/lxs/ADNI/npy/,00000003_S_6432.npy,0,1,0,1,0,,0,0,0,0,,1,0
/root/workspace/lxs/ADNI/npy/,ADNI_037_S_6187_MR_Accelerated_Sagittal_MPRAGE__br_raw_20180314161527123_1_S666905_I973541.npy,1,0,0,0,0,,0,0,0,0,,0,0
/root/workspace/lxs/ADNI/npy/,ADNI_073_S_2182_MR_MPRAGE_br_raw_20101202150058007_127_S95717_I207366.npy,0,1,0,1,0,,0,0,0,0,,1,0
/root/workspace/lxs/ADNI/npy/,ADNI_099_S_6396_MR_Accelerated_Sag_IR-FSPGR___br_raw_20180606063958083_137_S692311_I1006005.npy,1,0,0,0,0,,0,0,0,0,,0,0
/root/workspace/lxs/ADNI/npy/,ADNI_027_S_0179_MR_MP-RAGE__br_raw_20090310142532769_1_S64193_I138175.npy,0,1,0,1,0,0,0,0,0,0,,1,0
/root/workspace/lxs/ADNI/npy/,ADNI_033_S_1116_MR_MP-RAGE__br_raw_20080624150814726_3_S52062_I110516.npy,0,1,0,1,0,0,0,0,0,0,,1,0
/root/workspace/lxs/ADNI/npy/,ADNI_168_S_6051_MR_Accelerated_Sagittal_MPRAGE__br_raw_20170717143147015_47_S583955_I874879.npy,1,0,0,0,0,,0,0,0,0,,0,0
/root/workspace/lxs/ADNI/npy/,ADNI_041_S_1411_MR_MPRAGE_br_raw_20070717090012320_97_S35102_I60274.npy,0,1,0,1,0,0,0,0,0,0,,1,0
/root/workspace/lxs/ADNI/npy/,ADNI_009_S_6163_MR_Accelerated_Sag_IR-FSPGR_br_raw_20180214122333476_163_S658886_I963779.npy,1,0,0,0,0,,0,0,0,0,,0,0
/root/workspace/lxs/ADNI/npy/,ADNI_141_S_0767_MR_MPRAGE_br_raw_20081007143046174_98_S57038_I119448.npy,1,0,0,0,0,0,0,0,0,0,,0,0
/root/workspace/lxs/ADNI/npy/,ADNI_033_S_0741_MR_MP-RAGE__br_raw_20100805145235391_105_S90102_I189587.npy,1,0,0,0,0,0,0,0,0,0,,0,0
/root/workspace/lxs/ADNI/npy/,ADNI_036_S_0673_MR_MPRAGE_br_raw_20090819190339829_1_S72572_I153398.npy,0,1,0,1,0,0,0,0,0,0,,1,0
/root/workspace/lxs/ADNI/npy/,ADNI_041_S_6314_MR_Accelerated_Sagittal_MPRAGE__br_raw_20180424162042951_175_S679478_I989129.npy,1,0,0,0,0,,0,0,0,0,,0,0
/root/workspace/lxs/ADNI/npy/,00000007_S_6421.npy,0,1,0,1,0,,0,0,0,0,,1,0
/root/workspace/lxs/ADNI/npy/,ADNI_127_S_0622_MR_MP-RAGE__br_raw_20090701172811765_1_S69345_I147629.npy,1,0,0,0,0,0,0,0,0,0,,0,0
/root/workspace/lxs/ADNI/npy/,ADNI_141_S_1255_MR_MPRAGE_br_raw_20110117121056908_118_S97660_I212324.npy,0,1,0,1,0,0,0,0,0,0,,1,0
/root/workspace/lxs/ADNI/npy/,ADNI_037_S_6204_MR_Accelerated_Sagittal_MPRAGE__br_raw_20180309150302002_2_S665435_I971779.npy,1,0,0,0,0,,0,0,0,0,,0,0
/root/workspace/lxs/ADNI/npy/,ADNI_033_S_0923_MR_MP-RAGE__br_raw_20091030130921014_3_S75736_I158052.npy,1,0,0,0,0,0,0,0,0,0,,0,0
/root/workspace/lxs/ADNI/npy/,ADNI_051_S_1331_MR_MPRAGE_br_raw_20090713145012988_98_S69898_I148775.npy,0,1,0,1,0,0,0,0,0,0,,1,0
/root/workspace/lxs/ADNI/npy/,ADNI_177_S_6448_MR_Sagittal_3D_Accelerated_MPRAGE_br_raw_20180709150804578_46_S702538_I1018523.npy,1,0,0,0,0,,0,0,0,0,,0,0
/root/workspace/lxs/ADNI/npy/,ADNI_005_S_0546_MR_MP-RAGE__br_raw_20090903135443968_3_S73049_I154173.npy,0,1,0,1,0,0,0,0,0,0,,1,0
/root/workspace/lxs/ADNI/npy/,ADNI_133_S_0525_MR_MP-RAGE__br_raw_20090701135740453_3_S69319_I147375.npy,1,0,0,0,0,0,0,0,0,0,,0,0
/root/workspace/lxs/ADNI/npy/,ADNI_036_S_1240_MR_MPRAGE_br_raw_20090305134327279_1_S63957_I137760.npy,0,1,0,1,0,0,0,0,0,0,,1,0
/root/workspace/lxs/ADNI/npy/,ADNI_082_S_0304_MR_MPRAGE_br_raw_20080423112834794_98_S49157_I103594.npy,1,0,0,0,0,0,0,0,0,0,,0,0
/root/workspace/lxs/ADNI/npy/,ADNI_137_S_1426_MR_MP-RAGE__br_raw_20081031083524512_1_S58136_I124659.npy,0,1,0,1,0,0,0,0,0,0,,1,0
/root/workspace/lxs/ADNI/npy/,00000037_S_6222.npy,0,1,0,1,0,,0,0,0,0,,1,0
/root/workspace/lxs/ADNI/npy/,ADNI_941_S_1195_MR_MPRAGE_br_raw_20100303110637202_36_S80556_I167111.npy,1,0,0,0,0,0,0,0,0,0,,0,0
/root/workspace/lxs/ADNI/npy/,ADNI_114_S_0416_MR_MPRAGE_br_raw_20090804200918281_98_S71817_I152300.npy,1,0,0,0,0,0,0,0,0,0,,0,0
/root/workspace/lxs/ADNI/npy/,ADNI_141_S_0697_MR_MPRAGE_br_raw_20080515084053327_101_S50167_I105662.npy,0,1,0,1,0,0,0,0,0,0,,1,0
/root/workspace/lxs/ADNI/npy/,ADNI_109_S_1183_MR_MPRAGE_br_raw_20090408132019640_1_S65816_I141007.npy,0,1,0,1,0,0,0,0,0,0,,1,0
/root/workspace/lxs/ADNI/npy/,ADNI_035_S_0555_MR_MPRAGE_br_raw_20100129153953550_100_S79574_I165551.npy,1,0,0,0,0,0,0,0,0,0,,0,0
/root/workspace/lxs/ADNI/npy/,ADNI_099_S_2146_MR_MPRAGE_br_raw_20101109075036275_142_S94454_I203622.npy,0,1,0,1,0,,0,0,0,0,,1,0
/root/workspace/lxs/ADNI/npy/,ADNI_067_S_6117_MR_Accelerated_Sagittal_MPRAGE__br_raw_20171121150945949_153_S635418_I935436.npy,1,0,0,0,0,,0,0,0,0,,0,0
/root/workspace/lxs/ADNI/npy/,ADNI_051_S_1338_MR_MPRAGE_br_raw_20070426155842741_95_S30843_I51377.npy,0,1,0,1,0,0,0,0,0,0,,1,0
/root/workspace/lxs/ADNI/npy/,ADNI_136_S_0196_MR_MP-RAGE__br_raw_20090428174227572_1_S66746_I142725.npy,1,0,0,0,0,0,0,0,0,0,,0,0
/root/workspace/lxs/ADNI/npy/,ADNI_057_S_0934_MR_MPRAGE_br_raw_20091104150840328_63_S75850_I158244.npy,1,0,0,0,0,0,0,0,0,0,,0,0
/root/workspace/lxs/ADNI/npy/,00000135_S_6586.npy,0,1,0,1,0,,0,0,0,0,,1,0
/root/workspace/lxs/ADNI/npy/,ADNI_002_S_0729_MR_MP-RAGE__br_raw_20090813233511639_1_S72361_I153068.npy,0,1,0,1,0,0,0,0,0,0,,1,0
/root/workspace/lxs/ADNI/npy/,ADNI_035_S_6488_MR_Accelerated_Sagittal_MPRAGE__br_raw_20200831121755734_66_S703137_I1019265.npy,1,0,0,0,0,,0,0,0,0,,0,0
/root/workspace/lxs/ADNI/npy/,ADNI_041_S_1418_MR_MPRAGE_br_raw_20100820103421021_14_S90916_I190995.npy,0,1,0,1,0,0,0,0,0,0,,1,0
/root/workspace/lxs/ADNI/npy/,ADNI_002_S_6456_MR_Accelerated_Sagittal_MPRAGE__br_raw_20180706121640876_171_S701947_I1017836.npy,1,0,0,0,0,,0,0,0,0,,0,0
/root/workspace/lxs/ADNI/npy/,00000153_S_6274.npy,0,1,0,1,0,,0,0,0,0,,1,0
/root/workspace/lxs/ADNI/npy/,ADNI_168_S_6064_MR_Accelerated_Sagittal_MPRAGE__br_raw_20170901113243959_108_S604347_I899030.npy,1,0,0,0,0,,0,0,0,0,,0,0
/root/workspace/lxs/ADNI/npy/,ADNI_031_S_0867_MR_MPRAGE_ASO_br_raw_20090922162201035_1_S74035_I155481.npy,0,1,0,1,0,0,0,0,0,0,,1,0
/root/workspace/lxs/ADNI/npy/,ADNI_082_S_6564_MR_Accelerated_Sagittal_MPRAGE__br_raw_20180918152734758_146_S727835_I1049350.npy,1,0,0,0,0,,0,0,0,0,,0,0
/root/workspace/lxs/ADNI/npy/,ADNI_136_S_1227_MR_MP-RAGE__br_raw_20100323144313927_155_S81549_I168506.npy,0,1,0,1,0,0,0,0,0,0,,1,0
/root/workspace/lxs/ADNI/npy/,ADNI_135_S_6411_MR_Accelerated_Sag_IR-FSPGR___br_raw_20180604134236674_108_S691836_I1005341.npy,1,0,0,0,0,,0,0,0,0,,0,0
/root/workspace/lxs/ADNI/npy/,ADNI_006_S_0731_MR_MP-RAGE__br_raw_20080926145548406_1_S56764_I118483.npy,1,0,0,0,0,0,0,0,0,0,,0,0
/root/workspace/lxs/ADNI/npy/,ADNI_024_S_1400_MR_MP-RAGE__br_raw_20071126131631877_1_S42991_I83251.npy,0,1,0,1,0,0,0,0,0,0,,1,0
/root/workspace/lxs/ADNI/npy/,ADNI_123_S_0050_MR_ADNI_______MPRAGE_ASO__br_raw_20090309163604574_1_S64153_I138082.npy,0,1,0,1,0,0,0,0,0,0,,1,0
/root/workspace/lxs/ADNI/npy/,ADNI_141_S_1244_MR_MPRAGE_br_raw_20070910140533574_98_S39057_I72090.npy,0,1,0,1,0,0,0,0,0,0,,1,0
/root/workspace/lxs/ADNI/npy/,ADNI_114_S_6063_MR_Accelerated_Sagittal_MPRAGE__br_raw_20171129155054389_113_S639225_I939884.npy,1,0,0,0,0,,0,0,0,0,,0,0
/root/workspace/lxs/ADNI/npy/,ADNI_027_S_2219_MR_Accelerated_SAG_IR-SPGR__br_raw_20101207162736579_164_S96030_I207835.npy,0,1,0,1,0,,0,0,0,0,,1,0
/root/workspace/lxs/ADNI/npy/,ADNI_023_S_0613_MR_MPRAGE_br_raw_20060725115106015_1_S17197_I19553.npy,0,1,0,1,0,0,0,0,0,0,,1,0
/root/workspace/lxs/ADNI/npy/,ADNI_022_S_0066_MR_MPRAGE_Repeat__br_raw_20090406165416544_138_S65623_I140618.npy,1,0,0,0,0,0,0,0,0,0,,0,0
/root/workspace/lxs/ADNI/npy/,ADNI_067_S_0077_MR_MPRAGE_br_raw_20080624163951740_98_S52073_I110535.npy,0,1,0,1,0,0,0,0,0,0,,1,0
/root/workspace/lxs/ADNI/npy/,ADNI_067_S_0019_MR_MPRAGE_br_raw_20081208164421164_63_S60632_I129564.npy,1,0,0,0,0,0,0,0,0,0,,0,0
/root/workspace/lxs/ADNI/npy/,ADNI_121_S_1322_MR_ASO-MPRAGE_br_raw_20080410111313934_1_S48586_I101901.npy,0,1,0,1,0,0,0,0,0,0,,1,0
/root/workspace/lxs/ADNI/npy/,ADNI_067_S_2195_MR_MPRAGE_br_raw_20101119094437484_110_S95056_I205877.npy,0,1,0,1,0,,0,0,0,0,,1,0
/root/workspace/lxs/ADNI/npy/,ADNI_035_S_6722_MR_Accelerated_Sagittal_MPRAGE__br_raw_20190426144645123_162_S819125_I1159023.npy,1,0,0,0,0,,0,0,0,0,,0,0
/root/workspace/lxs/ADNI/npy/,ADNI_024_S_2239_MR_MPRAGE_br_raw_20101203151547889_49_S95824_I207520.npy,0,1,0,1,0,,0,0,0,0,,1,0
/root/workspace/lxs/ADNI/npy/,ADNI_020_S_6513_MR_Accelerated_Sagittal_MPRAGE__br_raw_20180801134516870_91_S711472_I1029584.npy,1,0,0,0,0,,0,0,0,0,,0,0
/root/workspace/lxs/ADNI/npy/,ADNI_127_S_0397_MR_MP-RAGE__br_raw_20061207184154876_1_S23564_I32084.npy,0,1,0,1,0,0,0,0,0,0,,1,0
/root/workspace/lxs/ADNI/npy/,ADNI_072_S_2164_MR_MPRAGE_br_raw_20101102143215596_116_S94037_I201268.npy,0,1,0,1,0,,0,0,0,0,,1,0
/root/workspace/lxs/ADNI/npy/,ADNI_041_S_6447_MR_Accelerated_Sagittal_MPRAGE__br_raw_20180912155227554_149_S726646_I1047860.npy,1,0,0,0,0,,0,0,0,0,,0,0
/root/workspace/lxs/ADNI/npy/,ADNI_052_S_1168_MR_MP-RAGE__br_raw_20081201152743870_158_S60364_I128762.npy,0,1,0,1,0,0,0,0,0,0,,1,0
/root/workspace/lxs/ADNI/npy/,ADNI_022_S_0004_MR_MPRAGE_Repeat__br_raw_20081210152756067_138_S60764_I130027.npy,0,1,0,1,0,0,0,0,0,0,,1,0
/root/workspace/lxs/ADNI/npy/,ADNI_098_S_0171_MR_MP-RAGE__br_raw_20100222131640851_79_S80357_I166653.npy,1,0,0,0,0,0,0,0,0,0,,0,0
/root/workspace/lxs/ADNI/npy/,ADNI_133_S_0913_MR_MP-RAGE__br_raw_20080731085333203_3_S54543_I114933.npy,0,1,0,1,0,0,0,0,0,0,,1,0
/root/workspace/lxs/ADNI/npy/,ADNI_022_S_0750_MR_MPRAGE_Repeat__br_raw_20080829165950857_23_S56105_I117292.npy,0,1,0,1,0,0,0,0,0,0,,1,0
/root/workspace/lxs/ADNI/npy/,ADNI_941_S_6575_MR_Accelerated_Sagittal_MPRAGE__br_raw_20180907105401245_125_S725107_I1045984.npy,1,0,0,0,0,,0,0,0,0,,0,0
/root/workspace/lxs/ADNI/npy/,ADNI_068_S_0802_MR_ADNI_SH____MPRAGE_ASO__br_raw_20081219144631785_9_S61055_I132062.npy,0,1,0,1,0,0,0,0,0,0,,1,0
/root/workspace/lxs/ADNI/npy/,ADNI_094_S_1267_MR_MP-RAGE__br_raw_20100319104800803_113_S81371_I168281.npy,1,0,0,0,0,0,0,0,0,0,,0,0
/root/workspace/lxs/ADNI/npy/,ADNI_011_S_0362_MR_MPRAGE_br_raw_20100603100609644_31_S86779_I176623.npy,0,1,0,1,0,0,0,0,0,0,,1,0
/root/workspace/lxs/ADNI/npy/,ADNI_011_S_2274_MR_MPRAGE_br_raw_20110204092059559_173_S98923_I215813.npy,0,1,0,1,0,,0,0,0,0,,1,0
/root/workspace/lxs/ADNI/npy/,ADNI_168_S_6062_MR_Accelerated_Sagittal_MPRAGE__br_raw_20170821115315474_159_S598972_I892771.npy,1,0,0,0,0,,0,0,0,0,,0,0
/root/workspace/lxs/ADNI/npy/,ADNI_018_S_0155_MR_MPRAGE_br_raw_20090323120742442_98_S64906_I139592.npy,0,1,0,1,0,0,0,0,0,0,,1,0
/root/workspace/lxs/ADNI/npy/,ADNI_126_S_0680_MR_MP-RAGE__br_raw_20100722091404385_56_S89368_I185557.npy,1,0,0,0,0,0,0,0,0,0,,0,0
/root/workspace/lxs/ADNI/npy/,ADNI_128_S_2002_MR_MPRAGE_br_raw_20100702143818936_167_S87502_I179549.npy,0,1,0,1,0,,0,0,0,0,,1,0
/root/workspace/lxs/ADNI/npy/,ADNI_007_S_2394_MR_Accelerated_SAG_IR-SPGR__br_raw_20110707151358041_167_S113964_I243788.npy,0,1,0,1,0,,0,0,0,0,,1,0
/root/workspace/lxs/ADNI/npy/,ADNI_002_S_6103_MR_Accelerated_Sagittal_MPRAGE__br_raw_20171128103506080_137_S638316_I938767.npy,1,0,0,0,0,,0,0,0,0,,0,0
/root/workspace/lxs/ADNI/npy/,ADNI_023_S_0331_MR_MPRAGE_br_raw_20100505124137706_80_S84476_I173051.npy,0,1,0,1,0,0,0,0,0,0,,1,0
/root/workspace/lxs/ADNI/npy/,ADNI_168_S_6350_MR_Accelerated_Sagittal_MPRAGE__br_raw_20180515090848544_7_S685484_I997533.npy,1,0,0,0,0,,0,0,0,0,,0,0
/root/workspace/lxs/ADNI/npy/,ADNI_002_S_1268_MR_MP-RAGE__br_raw_20100305045731091_140_S80685_I167297.npy,0,1,0,1,0,0,0,0,0,0,,1,0
/root/workspace/lxs/ADNI/npy/,ADNI_073_S_2225_MR_MPRAGE_br_raw_20110127150202440_30_S98428_I214761.npy,0,1,0,1,0,,0,0,0,0,,1,0
/root/workspace/lxs/ADNI/npy/,ADNI_127_S_0684_MR_MP-RAGE__br_raw_20070820143803967_1_S37892_I69267.npy,1,0,0,0,0,0,0,0,0,0,,0,0
/root/workspace/lxs/ADNI/npy/,ADNI_002_S_0782_MR_MP-RAGE__br_raw_20090904154801461_1_S73356_I154520.npy,0,1,0,1,0,0,0,0,0,0,,1,0
/root/workspace/lxs/ADNI/npy/,ADNI_018_S_0043_MR_MPRAGE_br_raw_20100223150511841_90_S80391_I166710.npy,1,0,0,0,0,0,0,0,0,0,,0,0
/root/workspace/lxs/ADNI/npy/,ADNI_068_S_0478_MR_ADNI_______MPRAGE__br_raw_20080708170158945_170_S53140_I112794.npy,0,1,0,1,0,0,0,0,0,0,,1,0
/root/workspace/lxs/ADNI/npy/,ADNI_941_S_1203_MR_MPRAGE_br_raw_20100419102307293_43_S83451_I171270.npy,1,0,0,0,0,0,0,0,0,0,,0,0
/root/workspace/lxs/ADNI/npy/,ADNI_016_S_1117_MR_MPRAGE_br_raw_20090122115148944_98_S62093_I134258.npy,0,1,0,1,0,0,0,0,0,0,,1,0
/root/workspace/lxs/ADNI/npy/,ADNI_016_S_2007_MR_Accelerated_SAG_IR-SPGR__br_raw_20100624131911280_36_S88072_I180258.npy,0,1,0,1,0,,0,0,0,0,,1,0
/root/workspace/lxs/ADNI/npy/,ADNI_168_S_6371_MR_Accelerated_Sagittal_MPRAGE__br_raw_20180516163012313_126_S686251_I998432.npy,1,0,0,0,0,,0,0,0,0,,0,0
/root/workspace/lxs/ADNI/npy/,00000023_S_6334.npy,0,1,0,1,0,,0,0,0,0,,1,0
/root/workspace/lxs/ADNI/npy/,ADNI_032_S_6294_MR_Accelerated_Sagittal_MPRAGE__br_raw_20180503123829919_37_S681993_I992208.npy,1,0,0,0,0,,0,0,0,0,,0,0
/root/workspace/lxs/ADNI/npy/,ADNI_052_S_1054_MR_MP-RAGE__br_raw_20081208101905562_27_S60596_I129488.npy,0,1,0,1,0,0,0,0,0,0,,1,0
/root/workspace/lxs/ADNI/npy/,ADNI_033_S_1016_MR_MP-RAGE__br_raw_20091204131536703_3_S76928_I160288.npy,1,0,0,0,0,0,0,0,0,0,,0,0
/root/workspace/lxs/ADNI/npy/,ADNI_018_S_0103_MR_MPRAGE_br_raw_20060809084815807_69_S17663_I20279.npy,0,1,0,1,0,0,0,0,0,0,,1,0
/root/workspace/lxs/ADNI/npy/,ADNI_141_S_0810_MR_MPRAGE_br_raw_20090708150909661_101_S69678_I148319.npy,1,0,0,0,0,0,0,0,0,0,,0,0
/root/workspace/lxs/ADNI/npy/,ADNI_013_S_0860_MR_MPRAGE_br_raw_20070926152727660_98_S40056_I75383.npy,0,1,0,1,0,0,0,0,0,0,,1,0
/root/workspace/lxs/ADNI/npy/,ADNI_006_S_1130_MR_MP-RAGE__br_raw_20100114092247484_166_S78351_I163530.npy,0,1,0,1,0,0,0,0,0,0,,1,0
/root/workspace/lxs/ADNI/npy/,ADNI_177_S_6335_MR_Sagittal_3D_Accelerated_MPRAGE_br_raw_20180509145520966_35_S683880_I995457.npy,1,0,0,0,0,,0,0,0,0,,0,0
/root/workspace/lxs/ADNI/npy/,ADNI_023_S_0042_MR_MPRAGE_br_raw_20100318123521726_128_S81237_I168064.npy,0,1,0,1,0,0,0,0,0,0,,1,0
/root/workspace/lxs/ADNI/npy/,ADNI_007_S_0070_MR_MP-RAGE__br_raw_20070319160117658_72_S28289_I45146.npy,1,0,0,0,0,0,0,0,0,0,,0,0
/root/workspace/lxs/ADNI/npy/,ADNI_114_S_0410_MR_MPRAGE_br_raw_20071102165911464_98_S42230_I80580.npy,0,1,0,1,0,0,0,0,0,0,,1,0
/root/workspace/lxs/ADNI/npy/,ADNI_068_S_0127_MR_ADNI_SH____MPRAGE_ASO__br_raw_20100420155603184_92_S83504_I171425.npy,1,0,0,0,0,0,0,0,0,0,,0,0
/root/workspace/lxs/ADNI/npy/,ADNI_100_S_0930_MR_ASO-MPRAGE_br_raw_20090322174344307_6_S64870_I139546.npy,0,1,0,1,0,0,0,0,0,0,,1,0
/root/workspace/lxs/ADNI/npy/,ADNI_068_S_0210_MR_ADNI_SH____MPRAGE_ASO__br_raw_20100528083323037_62_S85737_I174904.npy,1,0,0,0,0,0,0,0,0,0,,0,0
/root/workspace/lxs/ADNI/npy/,ADNI_067_S_6442_MR_Accelerated_Sagittal_MPRAGE__br_raw_20180618111252832_206_S696628_I1011188.npy,1,0,0,0,0,,0,0,0,0,,0,0
/root/workspace/lxs/ADNI/npy/,ADNI_062_S_1299_MR_MPRAGE_br_raw_20100305105836428_15_S80727_I167349.npy,0,1,0,1,0,0,0,0,0,0,,1,0
/root/workspace/lxs/ADNI/npy/,ADNI_023_S_0031_MR_MPRAGE_br_raw_20091022143730008_1_S75432_I157584.npy,1,0,0,0,0,0,0,0,0,0,,0,0
/root/workspace/lxs/ADNI/npy/,ADNI_023_S_0081_MR_MPRAGE_br_raw_20100311114053413_68_S80929_I167648.npy,1,0,0,0,0,0,0,0,0,0,,0,0
/root/workspace/lxs/ADNI/npy/,ADNI_068_S_2315_MR_MPRAGE_br_raw_20110310155738758_145_S101425_I223575.npy,0,1,0,1,0,,0,0,0,0,,1,0
/root/workspace/lxs/ADNI/npy/,ADNI_067_S_2301_MR_MPRAGE_br_raw_20110216143435484_160_S99947_I217798.npy,0,1,0,1,0,,0,0,0,0,,1,0
/root/workspace/lxs/ADNI/npy/,ADNI_020_S_6185_MR_Accelerated_Sagittal_MPRAGE__br_raw_20180129153016830_28_S654110_I958011.npy,1,0,0,0,0,,0,0,0,0,,0,0
/root/workspace/lxs/ADNI/npy/,ADNI_123_S_2363_MR_MPRAGE_br_raw_20110422154315603_52_S104979_I228730.npy,0,1,0,1,0,,0,0,0,0,,1,0
/root/workspace/lxs/ADNI/npy/,ADNI_041_S_1002_MR_MPRAGE_br_raw_20100114170952371_98_S78469_I163726.npy,1,0,0,0,0,0,0,0,0,0,,0,0
/root/workspace/lxs/ADNI/npy/,ADNI_131_S_0384_MR_MP-RAGE__br_raw_20100630093119887_83_S88428_I180692.npy,0,1,0,1,0,0,0,0,0,0,,1,0
/root/workspace/lxs/ADNI/npy/,ADNI_062_S_0768_MR_MPRAGE_br_raw_20080811104113179_98_S55210_I115843.npy,1,0,0,0,0,0,0,0,0,0,,0,0
/root/workspace/lxs/ADNI/npy/,ADNI_021_S_0626_MR_MP-RAGE__br_raw_20090810145018625_1_S72197_I152815.npy,0,1,0,1,0,0,0,0,0,0,,1,0
/root/workspace/lxs/ADNI/npy/,ADNI_024_S_6202_MR_Accelerated_Sagittal_MPRAGE__br_raw_20180213173615864_97_S658701_I963558.npy,1,0,0,0,0,,0,0,0,0,,0,0
/root/workspace/lxs/ADNI/npy/,ADNI_052_S_0671_MR_MP-RAGE__br_raw_20091221134722971_90_S77449_I161307.npy,0,1,0,1,0,0,0,0,0,0,,1,0
/root/workspace/lxs/ADNI/npy/,ADNI_057_S_1007_MR_MPRAGE_br_raw_20091104155413562_63_S75857_I158256.npy,0,1,0,1,0,0,0,0,0,0,,1,0
/root/workspace/lxs/ADNI/npy/,ADNI_141_S_0915_MR_MPRAGE_br_raw_20080514150318901_98_S50099_I105572.npy,0,1,0,1,0,0,0,0,0,0,,1,0
/root/workspace/lxs/ADNI/npy/,ADNI_128_S_1407_MR_REPEAT_SAG_3D_MPRAGE_br_raw_20080119002201335_1_S44738_I87882.npy,0,1,0,1,0,0,0,0,0,0,,1,0
/root/workspace/lxs/ADNI/npy/,ADNI_135_S_6360_MR_Accelerated_Sag_IR-FSPGR___br_raw_20180521153209239_112_S687810_I1000359.npy,1,0,0,0,0,,0,0,0,0,,0,0
/root/workspace/lxs/ADNI/npy/,00000023_S_6369.npy,0,1,0,1,0,,0,0,0,0,,1,0
/root/workspace/lxs/ADNI/npy/,ADNI_029_S_1218_MR_MP-RAGE__br_raw_20100203112309761_152_S79682_I165706.npy,0,1,0,1,0,0,0,0,0,0,,1,0
/root/workspace/lxs/ADNI/npy/,ADNI_141_S_6015_MR_Accelerated_Sagittal_MPRAGE__br_raw_20170516125712481_46_S564149_I851352.npy,1,0,0,0,0,,0,0,0,0,,0,0
/root/workspace/lxs/ADNI/npy/,ADNI_094_S_0434_MR_MP-RAGE__br_raw_20090626134105708_1_S69225_I146791.npy,0,1,0,1,0,0,0,0,0,0,,1,0
/root/workspace/lxs/ADNI/npy/,ADNI_041_S_6159_MR_Accelerated_Sagittal_MPRAGE__br_raw_20180103170751909_80_S647403_I949924.npy,1,0,0,0,0,,0,0,0,0,,0,0
/root/workspace/lxs/ADNI/npy/,ADNI_023_S_0126_MR_MPRAGE_br_raw_20100304110135420_81_S80628_I167211.npy,0,1,0,1,0,0,0,0,0,0,,1,0
/root/workspace/lxs/ADNI/npy/,ADNI_130_S_1200_MR_MP-RAGE__br_raw_20100209154403955_13_S79960_I166068.npy,1,0,0,0,0,0,0,0,0,0,,0,0
/root/workspace/lxs/ADNI/npy/,ADNI_141_S_0982_MR_MPRAGE_br_raw_20080514133346469_98_S50075_I105540.npy,0,1,0,1,0,0,0,0,0,0,,1,0
/root/workspace/lxs/ADNI/npy/,ADNI_023_S_0376_MR_MPRAGE_br_raw_20090501141424526_1_S66972_I143043.npy,0,1,0,1,0,0,0,0,0,0,,1,0
/root/workspace/lxs/ADNI/npy/,ADNI_029_S_6289_MR_Accelerated_Sag_IR-FSPGR___br_raw_20180425161119862_11_S679792_I989542.npy,1,0,0,0,0,,0,0,0,0,,0,0
/root/workspace/lxs/ADNI/npy/,ADNI_141_S_2333_MR_MPRAGE_br_raw_20110330111212659_24_S102362_I224914.npy,0,1,0,1,0,,0,0,0,0,,1,0
/root/workspace/lxs/ADNI/npy/,ADNI_013_S_1035_MR_MPRAGE_br_raw_20091119151843062_63_S76633_I159563.npy,1,0,0,0,0,0,0,0,0,0,,0,0
/root/workspace/lxs/ADNI/npy/,ADNI_031_S_0618_MR_MPRAGE_ASO_br_raw_20090702124657453_1_S69380_I147771.npy,1,0,0,0,0,0,0,0,0,0,,0,0
/root/workspace/lxs/ADNI/npy/,ADNI_128_S_0272_MR_REPEAT_SAG_3D_MPRAGE_br_raw_20090617165717418_77_S68833_I146223.npy,1,0,0,0,0,0,0,0,0,0,,0,0
/root/workspace/lxs/ADNI/npy/,ADNI_057_S_2398_MR_MPRAGE_br_raw_20110719162445823_169_S115219_I245500.npy,0,1,0,1,0,,0,0,0,0,,1,0
/root/workspace/lxs/ADNI/npy/,ADNI_011_S_6465_MR_Accelerated_Sagittal_MPRAGE__br_raw_20180824131118165_89_S721546_I1041482.npy,1,0,0,0,0,,0,0,0,0,,0,0
/root/workspace/lxs/ADNI/npy/,00000135_S_6110.npy,0,1,0,1,0,,0,0,0,0,,1,0
/root/workspace/lxs/ADNI/npy/,ADNI_126_S_0708_MR_MP-RAGE__br_raw_20100714114403488_117_S88976_I183357.npy,0,1,0,1,0,0,0,0,0,0,,1,0
/root/workspace/lxs/ADNI/npy/,ADNI_037_S_0566_MR_MP-RAGE__br_raw_20091202100355418_86_S76746_I159777.npy,0,1,0,1,0,0,0,0,0,0,,1,0
/root/workspace/lxs/ADNI/npy/,ADNI_023_S_0388_MR_MPRAGE_br_raw_20100402141727910_72_S82722_I170091.npy,0,1,0,1,0,0,0,0,0,0,,1,0
/root/workspace/lxs/ADNI/npy/,ADNI_126_S_0605_MR_MP-RAGE__br_raw_20100707140446665_35_S88668_I181028.npy,1,0,0,0,0,0,0,0,0,0,,0,0
/root/workspace/lxs/ADNI/npy/,ADNI_027_S_2245_MR_Accelerated_SAG_IR-SPGR__br_raw_20101215151725704_66_S96492_I208684.npy,0,1,0,1,0,,0,0,0,0,,1,0
/root/workspace/lxs/ADNI/npy/,ADNI_018_S_6351_MR_Sagittal_3D_Accelerated_MPRAGE_br_raw_20180510134544699_1_S684128_I995861.npy,1,0,0,0,0,,0,0,0,0,,0,0
/root/workspace/lxs/ADNI/npy/,ADNI_127_S_0393_MR_MP-RAGE__br_raw_20071213112829201_1_S43805_I84930.npy,0,1,0,1,0,0,0,0,0,0,,1,0
/root/workspace/lxs/ADNI/npy/,ADNI_109_S_1014_MR_MPRAGE_br_raw_20140711144937229_149_S224782_I435190.npy,1,0,0,0,0,0,0,0,0,0,,0,0
/root/workspace/lxs/ADNI/npy/,ADNI_018_S_0142_MR_MPRAGE_br_raw_20100517132508740_152_S85051_I173896.npy,0,1,0,1,0,0,0,0,0,0,,1,0
/root/workspace/lxs/ADNI/npy/,ADNI_037_S_6032_MR_Accelerated_Sagittal_MPRAGE__br_raw_20170615155211584_199_S573068_I861838.npy,1,0,0,0,0,,0,0,0,0,,0,0
/root/workspace/lxs/ADNI/npy/,ADNI_027_S_0417_MR_MP-RAGE__br_raw_20070525133630649_1_S32649_I55220.npy,0,1,0,1,0,0,0,0,0,0,,1,0
/root/workspace/lxs/ADNI/npy/,ADNI_013_S_0502_MR_MPRAGE_br_raw_20090908172714825_64_S73416_I154628.npy,1,0,0,0,0,0,0,0,0,0,,0,0
/root/workspace/lxs/ADNI/npy/,ADNI_137_S_0722_MR_MP-RAGE__br_raw_20090925105216126_1_S74188_I155700.npy,0,1,0,1,0,0,0,0,0,0,,1,0
/root/workspace/lxs/ADNI/npy/,ADNI_021_S_0178_MR_MP-RAGE__br_20060210130516267_99_S11567_I10993.npy,0,1,0,1,0,0,0,0,0,0,,1,0
/root/workspace/lxs/ADNI/npy/,ADNI_114_S_0601_MR_MPRAGE_br_raw_20090617165030448_98_S68779_I146151.npy,1,0,0,0,0,0,0,0,0,0,,0,0
/root/workspace/lxs/ADNI/npy/,ADNI_013_S_0575_MR_MPRAGE_br_raw_20080917111158093_98_S56509_I118044.npy,1,0,0,0,0,0,0,0,0,0,,0,0
/root/workspace/lxs/ADNI/npy/,ADNI_041_S_0407_MR_MPRAGE_br_raw_20060428161527506_98_S13802_I14282.npy,0,1,0,1,0,0,0,0,0,0,,1,0
/root/workspace/lxs/ADNI/npy/,ADNI_016_S_1326_MR_MPRAGE_br_raw_20090402094311998_98_S65411_I140319.npy,0,1,0,1,0,0,0,0,0,0,,1,0
/root/workspace/lxs/ADNI/npy/,ADNI_129_S_6459_MR_Accelerated_Sag_IR-FSPGR___br_raw_20180627123111020_110_S699107_I1014209.npy,1,0,0,0,0,,0,0,0,0,,0,0
/root/workspace/lxs/ADNI/npy/,ADNI_057_S_0643_MR_MPRAGE_br_raw_20090722150548359_134_S70434_I150035.npy,1,0,0,0,0,0,0,0,0,0,,0,0
/root/workspace/lxs/ADNI/npy/,ADNI_072_S_2026_MR_MPRAGE_br_raw_20100804164817673_97_S89991_I189448.npy,0,1,0,1,0,,0,0,0,0,,1,0
/root/workspace/lxs/ADNI/npy/,ADNI_130_S_0232_MR_MP-RAGE__br_raw_20100318152559637_37_S81302_I168184.npy,1,0,0,0,0,0,0,0,0,0,,0,0
/root/workspace/lxs/ADNI/npy/,ADNI_130_S_0423_MR_MPRAGE_SENSE_br_raw_20080313131223114_1_S46995_I97345.npy,0,1,0,1,0,0,0,0,0,0,,1,0
/root/workspace/lxs/ADNI/npy/,ADNI_109_S_0967_MR_MPRAGE_br_raw_20090408113610928_1_S65788_I140954.npy,1,0,0,0,0,0,0,0,0,0,,0,0
/root/workspace/lxs/ADNI/npy/,ADNI_132_S_0987_MR_MP-RAGE__br_raw_20080519102528303_1_S50300_I106042.npy,0,1,0,1,0,0,0,0,0,0,,1,0
/root/workspace/lxs/ADNI/npy/,ADNI_014_S_6076_MR_Accelerated_Sagittal_MPRAGE__br_raw_20170922161901382_109_S611745_I907712.npy,1,0,0,0,0,,0,0,0,0,,0,0
/root/workspace/lxs/ADNI/npy/,ADNI_137_S_0994_MR_MP-RAGE__br_raw_20091201142745585_1_S76838_I159944.npy,0,1,0,1,0,0,0,0,0,0,,1,0
/root/workspace/lxs/ADNI/npy/,00000006_S_6252.npy,0,1,0,1,0,,0,0,0,0,,1,0
/root/workspace/lxs/ADNI/npy/,ADNI_027_S_6001_MR_Accelerated_Sagittal_IR-FSPGR__br_raw_20170321174517937_155_S527288_I808819.npy,1,0,0,0,0,,0,0,0,0,,0,0
/root/workspace/lxs/ADNI/npy/,ADNI_007_S_0041_MR_MP-RAGE__br_raw_20100114150059887_1_S78431_I163651.npy,0,1,0,1,0,0,0,0,0,0,,1,0
/root/workspace/lxs/ADNI/npy/,ADNI_013_S_0325_MR_MPRAGE_br_raw_20080620115117578_94_S51894_I110198.npy,0,1,0,1,0,0,0,0,0,0,,1,0
/root/workspace/lxs/ADNI/npy/,ADNI_114_S_6309_MR_Accelerated_Sagittal_MPRAGE__br_raw_20180504142331759_89_S682445_I992776.npy,1,0,0,0,0,,0,0,0,0,,0,0
/root/workspace/lxs/ADNI/npy/,00000941_S_6017.npy,0,1,0,1,0,,0,0,0,0,,1,0
/root/workspace/lxs/ADNI/npy/,ADNI_011_S_0002_MR_MPRAGE_br_raw_20050830102647203_1_S9107_I7025.npy,1,0,0,0,0,0,0,0,0,0,,0,0
/root/workspace/lxs/ADNI/npy/,00000037_S_6141.npy,0,1,0,1,0,,0,0,0,0,,1,0
/root/workspace/lxs/ADNI/npy/,ADNI_020_S_0097_MR_MPRAGE_br_raw_20080416211219312_1_S48834_I102943.npy,1,0,0,0,0,0,0,0,0,0,,0,0
/root/workspace/lxs/ADNI/npy/,ADNI_057_S_0957_MR_MPRAGE_br_raw_20070510172512593_98_S32068_I54162.npy,0,1,0,1,0,0,0,0,0,0,,1,0
/root/workspace/lxs/ADNI/npy/,ADNI_052_S_6412_MR_Accelerated_Sagittal_MPRAGE__br_raw_20180802093725655_191_S711752_I1029891.npy,1,0,0,0,0,,0,0,0,0,,0,0
/root/workspace/lxs/ADNI/npy/,ADNI_029_S_1318_MR_MP-RAGE__br_raw_20100512110204730_3_S84805_I173527.npy,0,1,0,1,0,0,0,0,0,0,,1,0
/root/workspace/lxs/ADNI/npy/,ADNI_011_S_6367_MR_Accelerated_Sagittal_MPRAGE__br_raw_20180516154045102_26_S686265_I998447.npy,1,0,0,0,0,,0,0,0,0,,0,0
/root/workspace/lxs/ADNI/npy/,ADNI_053_S_0621_MR_MP-RAGE__br_raw_20090622123132343_3_S69085_I146581.npy,0,1,0,1,0,0,0,0,0,0,,1,0
/root/workspace/lxs/ADNI/npy/,ADNI_073_S_2264_MR_MPRAGE_br_raw_20110203172415936_109_S98879_I215757.npy,0,1,0,1,0,,0,0,0,0,,1,0
/root/workspace/lxs/ADNI/npy/,ADNI_129_S_6704_MR_Accelerated_Sag_IR-FSPGR___br_raw_20190401061925402_196_S811320_I1149034.npy,1,0,0,0,0,,0,0,0,0,,0,0
/root/workspace/lxs/ADNI/npy/,ADNI_128_S_1043_MR_REPEAT_SAG_3D_MP_RAGE__br_raw_20140722161206360_54_S225555_I436313.npy,0,1,0,1,0,0,0,0,0,0,,1,0
/root/workspace/lxs/ADNI/npy/,ADNI_021_S_2150_MR_Accelerated_Sag_IR-SPGR__br_raw_20101102103151292_121_S94006_I201121.npy,0,1,0,1,0,,0,0,0,0,,1,0
/root/workspace/lxs/ADNI/npy/,ADNI_130_S_6372_MR_Sagittal_3D_Accelerated_MPRAGE_br_raw_20180523132532940_186_S688620_I1001329.npy,1,0,0,0,0,,0,0,0,0,,0,0
/root/workspace/lxs/ADNI/npy/,ADNI_094_S_1188_MR_MP-RAGE__br_raw_20100215103845691_1_S80101_I166259.npy,0,1,0,1,0,0,0,0,0,0,,1,0
/root/workspace/lxs/ADNI/npy/,ADNI_098_S_6362_MR_Sag_Accel_IR-FSPGR_br_raw_20180518135812612_97_S687290_I999708.npy,1,0,0,0,0,,0,0,0,0,,0,0
/root/workspace/lxs/ADNI/npy/,ADNI_016_S_1121_MR_MPRAGE_br_raw_20091217105049466_101_S77265_I161032.npy,0,1,0,1,0,0,0,0,0,0,,1,0
/root/workspace/lxs/ADNI/npy/,ADNI_033_S_0514_MR_MP-RAGE__br_raw_20100610102634803_154_S87174_I177300.npy,0,1,0,1,0,0,0,0,0,0,,1,0
/root/workspace/lxs/ADNI/npy/,ADNI_130_S_6161_MR_Sagittal_3D_Accelerated_MPRAGE_br_raw_20180104164045069_188_S647760_I950330.npy,1,0,0,0,0,,0,0,0,0,,0,0
/root/workspace/lxs/ADNI/npy/,ADNI_128_S_0227_MR_REPEAT_SAG_3D_MPRAGE_br_raw_20090826173550419_150_S72800_I153766.npy,0,1,0,1,0,0,0,0,0,0,,1,0
/root/workspace/lxs/ADNI/npy/,ADNI_032_S_6211_MR_Accelerated_Sagittal_MPRAGE__br_raw_20180319151804490_53_S667996_I974943.npy,1,0,0,0,0,,0,0,0,0,,0,0
/root/workspace/lxs/ADNI/npy/,ADNI_128_S_1148_MR_MPRAGE_br_raw_20090929170758531_100_S74323_I155880.npy,0,1,0,1,0,0,0,0,0,0,,1,0
/root/workspace/lxs/ADNI/npy/,ADNI_041_S_6292_MR_Accelerated_Sagittal_MPRAGE__br_raw_20180418120239582_37_S677519_I986709.npy,1,0,0,0,0,,0,0,0,0,,0,0
/root/workspace/lxs/ADNI/npy/,ADNI_035_S_2061_MR_MPRAGE_br_raw_20100914105317493_118_S92098_I192785.npy,0,1,0,1,0,,0,0,0,0,,1,0
/root/workspace/lxs/ADNI/npy/,ADNI_100_S_2351_MR_MPRAGE_br_raw_20110517102011932_4_S109082_I235263.npy,0,1,0,1,0,,0,0,0,0,,1,0
/root/workspace/lxs/ADNI/npy/,ADNI_068_S_1191_MR_ADNI_______MPRAGE__br_raw_20070207154543132_86_S26021_I38369.npy,1,0,0,0,0,0,0,0,0,0,,0,0
/root/workspace/lxs/ADNI/npy/,00000033_S_6697.npy,0,1,0,1,0,,0,0,0,0,,1,0
/root/workspace/lxs/ADNI/npy/,ADNI_131_S_6519_MR_Sagittal_3D_Accelerated_MPRAGE_br_raw_20190109095922205_120_S713874_I1032569.npy,1,0,0,0,0,,0,0,0,0,,0,0
/root/workspace/lxs/ADNI/npy/,ADNI_130_S_2391_MR_MPRAGE_br_raw_20110622150146462_1_S112324_I241322.npy,0,1,0,1,0,,0,0,0,0,,1,0
/root/workspace/lxs/ADNI/npy/,ADNI_067_S_0284_MR_MPRAGE_br_raw_20070503152217400_63_S31676_I53356.npy,0,1,0,1,0,0,0,0,0,0,,1,0
/root/workspace/lxs/ADNI/npy/,ADNI_128_S_0205_MR_REPEAT_SAG_3D_MP_RAGE__br_raw_20091102230752718_103_S75794_I158163.npy,0,1,0,1,0,0,0,0,0,0,,1,0
/root/workspace/lxs/ADNI/npy/,ADNI_024_S_1063_MR_MP-RAGE__br_raw_20091207153320030_1_S77033_I160489.npy,1,0,0,0,0,0,0,0,0,0,,0,0
/root/workspace/lxs/ADNI/npy/,ADNI_009_S_2208_MR_MPRAGE_br_raw_20101202202402489_6_S95723_I207373.npy,0,1,0,1,0,,0,0,0,0,,1,0
/root/workspace/lxs/ADNI/npy/,ADNI_036_S_0945_MR_MPRAGE_br_raw_20091116131907972_1_S76478_I159304.npy,0,1,0,1,0,0,0,0,0,0,,1,0
/root/workspace/lxs/ADNI/npy/,ADNI_941_S_1311_MR_MPRAGE_br_raw_20090401085329735_98_S65346_I140246.npy,0,1,0,1,0,0,0,0,0,0,,1,0
/root/workspace/lxs/ADNI/npy/,ADNI_006_S_0498_MR_MP-RAGE__br_raw_20081003112059406_1_S56950_I119098.npy,1,0,0,0,0,0,0,0,0,0,,0,0
/root/workspace/lxs/ADNI/npy/,00000141_S_6041.npy,0,1,0,1,0,,0,0,0,0,,1,0
/root/workspace/lxs/ADNI/npy/,ADNI_109_S_6218_MR_Accelerated_Sagittal_MPRAGE__br_raw_20180409104711193_158_S674381_I982856.npy,1,0,0,0,0,,0,0,0,0,,0,0
/root/workspace/lxs/ADNI/npy/,ADNI_033_S_0723_MR_MP-RAGE__br_raw_20090818141524833_3_S72523_I153330.npy,0,1,0,1,0,0,0,0,0,0,,1,0
/root/workspace/lxs/ADNI/npy/,00000094_S_1402.npy,0,0,1,2,1,0,,0,,0,1,2,
/root/workspace/lxs/ADNI/npy/,ADNI_011_S_6303_MR_Accelerated_Sagittal_MPRAGE__br_raw_20180413145533400_127_S676284_I985197.npy,0,0,1,2,1,,,,,,1,2,
/root/workspace/lxs/ADNI/npy/,00000036_S_1001.npy,0,0,1,2,1,0,,0,,0,1,2,
/root/workspace/lxs/ADNI/npy/,00000131_S_0691.npy,0,0,1,2,1,0,,0,,0,1,2,
/root/workspace/lxs/ADNI/npy/,00000032_S_0147.npy,0,0,1,2,1,0,,0,,0,1,2,
/root/workspace/lxs/ADNI/npy/,00000067_S_1185.npy,0,0,1,2,1,0,,0,,0,1,2,
/root/workspace/lxs/ADNI/npy/,00000035_S_0341.npy,0,0,1,2,1,0,,0,,0,1,2,
/root/workspace/lxs/ADNI/npy/,00000007_S_1339.npy,0,0,1,2,1,0,,0,,0,1,2,
/root/workspace/lxs/ADNI/npy/,00000002_S_0816.npy,0,0,1,2,1,0,,0,,0,1,2,
/root/workspace/lxs/ADNI/npy/,ADNI_100_S_0190_MR_ADNI_new___MPRAGE__br_raw_20080514133206176_86_S50085_I105552.npy,0,0,1,2,1,0,,0,,0,1,2,
/root/workspace/lxs/ADNI/npy/,00000128_S_1409.npy,0,0,1,2,1,0,,0,,0,1,2,
/root/workspace/lxs/ADNI/npy/,00000067_S_1253.npy,0,0,1,2,1,0,,0,,0,1,2,
/root/workspace/lxs/ADNI/npy/,00000114_S_0374.npy,0,0,1,2,1,0,,0,,0,1,2,
/root/workspace/lxs/ADNI/npy/,00000032_S_1101.npy,0,0,1,2,1,0,,0,,0,1,2,
/root/workspace/lxs/ADNI/npy/,00000136_S_0426.npy,0,0,1,2,1,0,,0,,0,1,2,
/root/workspace/lxs/ADNI/npy/,00000005_S_0929.npy,0,0,1,2,1,0,,0,,0,1,2,
/root/workspace/lxs/ADNI/npy/,00000128_S_0216.npy,0,0,1,2,1,0,,0,,0,1,2,
/root/workspace/lxs/ADNI/npy/,00000012_S_0689.npy,0,0,1,2,1,0,,0,,0,1,2,
/root/workspace/lxs/ADNI/npy/,00000133_S_1055.npy,0,0,1,2,1,0,,0,,0,1,2,
/root/workspace/lxs/ADNI/npy/,ADNI_100_S_1226_MR_ASO-MPRAGE_br_raw_20100323145816634_140_S81565_I168530.npy,0,0,1,2,1,0,,0,,0,1,2,
/root/workspace/lxs/ADNI/npy/,00000005_S_1341.npy,0,0,1,2,1,0,,0,,0,1,2,
/root/workspace/lxs/ADNI/npy/,00000016_S_1263.npy,0,0,1,2,1,0,,0,,0,1,2,
/root/workspace/lxs/ADNI/npy/,00000023_S_0916.npy,0,0,1,2,1,0,,0,,0,1,2,
/root/workspace/lxs/ADNI/npy/,00000130_S_1290.npy,0,0,1,2,1,0,,0,,0,1,2,
/root/workspace/lxs/ADNI/npy/,00000094_S_1027.npy,0,0,1,2,1,0,,0,,0,1,2,
/root/workspace/lxs/ADNI/npy/,00000062_S_0535.npy,0,0,1,2,1,0,,0,,0,1,2,
/root/workspace/lxs/ADNI/npy/,00000033_S_1281.npy,0,0,1,2,1,0,,0,,0,1,2,
/root/workspace/lxs/ADNI/npy/,00000036_S_0760.npy,0,0,1,2,1,0,,0,,0,1,2,
/root/workspace/lxs/ADNI/npy/,ADNI_082_S_6690_MR_Accelerated_Sagittal_MPRAGE__br_raw_20190507114933561_1_S821556_I1162188.npy,0,0,1,2,1,,,,,,1,2,
/root/workspace/lxs/ADNI/npy/,00000057_S_1373.npy,0,0,1,2,1,0,,0,,0,1,2,
/root/workspace/lxs/ADNI/npy/,00000012_S_0712.npy,0,0,1,2,1,0,,0,,0,1,2,
/root/workspace/lxs/ADNI/npy/,00000029_S_1184.npy,0,0,1,2,1,0,,0,,0,1,2,
/root/workspace/lxs/ADNI/npy/,00000136_S_0299.npy,0,0,1,2,1,0,,0,,0,1,2,
/root/workspace/lxs/ADNI/npy/,00000014_S_1095.npy,0,0,1,2,1,0,,0,,0,1,2,
/root/workspace/lxs/ADNI/npy/,00000114_S_0979.npy,0,0,1,2,1,0,,0,,0,1,2,
/root/workspace/lxs/ADNI/npy/,00000051_S_1296.npy,0,0,1,2,1,0,,0,,0,1,2,
/root/workspace/lxs/ADNI/npy/,00000128_S_0740.npy,0,0,1,2,1,0,,0,,0,1,2,
/root/workspace/lxs/ADNI/npy/,00000100_S_0743.npy,0,0,1,2,1,0,,0,,0,1,2,
/root/workspace/lxs/ADNI/npy/,00000033_S_1308.npy,0,0,1,2,1,0,,0,,0,1,2,
/root/workspace/lxs/ADNI/npy/,00000013_S_1161.npy,0,0,1,2,1,0,,0,,0,1,2,
/root/workspace/lxs/ADNI/npy/,00000100_S_0747.npy,0,0,1,2,1,0,,0,,0,1,2,
/root/workspace/lxs/ADNI/npy/,00000013_S_0592.npy,0,0,1,2,1,0,,0,,0,1,2,
/root/workspace/lxs/ADNI/npy/,00000011_S_0183.npy,0,0,1,2,1,0,,0,,0,1,2,
/root/workspace/lxs/ADNI/npy/,00000006_S_6610.npy,0,1,0,1,0,,0,0,0,0,,1,0
/root/workspace/lxs/ADNI/npy/,ADNI_068_S_0473_MR_ADNI_SH____MPRAGE_ASO__br_raw_20100514122516208_158_S84956_I173752.npy,1,0,0,0,0,0,0,0,0,0,,0,0
/root/workspace/lxs/ADNI/npy/,ADNI_098_S_0288_MR_MP-RAGE__br_raw_20060330160338521_1_S12607_I12654.npy,0,1,0,1,0,0,0,0,0,0,,1,0
/root/workspace/lxs/ADNI/npy/,ADNI_037_S_6115_MR_Accelerated_Sagittal_MPRAGE__br_raw_20171130152758669_207_S639842_I940645.npy,1,0,0,0,0,,0,0,0,0,,0,0
/root/workspace/lxs/ADNI/npy/,ADNI_116_S_6624_MR_Accelerated_Sagittal_MPRAGE__br_raw_20181102152703088_161_S744292_I1069428.npy,1,0,0,0,0,,0,0,0,0,,0,0
/root/workspace/lxs/ADNI/npy/,ADNI_022_S_1097_MR_MPRAGE_Repeat__br_raw_20091216154019316_138_S77241_I161002.npy,0,1,0,1,0,0,0,0,0,0,,1,0
/root/workspace/lxs/ADNI/npy/,ADNI_010_S_0419_MR_ASO-MPRAGE_br_raw_20100506044845078_93_S73338_I154490.npy,1,0,0,0,0,0,0,0,0,0,,0,0
/root/workspace/lxs/ADNI/npy/,ADNI_072_S_2072_MR_MPRAGE_br_raw_20100909142732476_72_S91908_I192465.npy,0,1,0,1,0,,0,0,0,0,,1,0
/root/workspace/lxs/ADNI/npy/,ADNI_133_S_0493_MR_MP-RAGE__br_raw_20090519133705265_3_S67428_I144139.npy,1,0,0,0,0,,0,0,0,0,,0,0
/root/workspace/lxs/ADNI/npy/,ADNI_006_S_0675_MR_MP-RAGE__br_raw_20081212140853599_1_S60799_I130217.npy,0,1,0,1,0,0,0,0,0,0,,1,0
/root/workspace/lxs/ADNI/npy/,ADNI_067_S_2304_MR_MPRAGE_br_raw_20110224103419715_155_S100454_I219904.npy,0,1,0,1,0,,0,0,0,0,,1,0
/root/workspace/lxs/ADNI/npy/,ADNI_127_S_6168_MR_Accelerated_Sagittal_IR-FSPGR__br_raw_20180208120514101_192_S657047_I961594.npy,1,0,0,0,0,,0,0,0,0,,0,0
/root/workspace/lxs/ADNI/npy/,ADNI_036_S_2378_MR_MPRAGE_br_raw_20110527103856537_22_S110057_I237733.npy,0,1,0,1,0,,0,0,0,0,,1,0
/root/workspace/lxs/ADNI/npy/,ADNI_099_S_0533_MR_MPRAGE_br_raw_20090618104123421_98_S68859_I146272.npy,1,0,0,0,0,0,0,0,0,0,,0,0
/root/workspace/lxs/ADNI/npy/,ADNI_037_S_6046_MR_Accelerated_Sagittal_MPRAGE__br_raw_20170717132733846_100_S583899_I874809.npy,1,0,0,0,0,,0,0,0,0,,0,0
/root/workspace/lxs/ADNI/npy/,ADNI_301_S_6326_MR_Sagittal_3D_Accelerated_MPRAGE_br_raw_20180426115252313_97_S679961_I989757.npy,0,1,0,1,0,,0,0,0,0,,1,0
/root/workspace/lxs/ADNI/npy/,ADNI_052_S_0951_MR_MP-RAGE__br_raw_20100205153128843_92_S79814_I165881.npy,1,0,0,0,0,0,0,0,0,0,,0,0
/root/workspace/lxs/ADNI/npy/,00000070_S_6236.npy,0,1,0,1,0,,0,0,0,0,,1,0
/root/workspace/lxs/ADNI/npy/,ADNI_141_S_6253_MR_Accelerated_Sagittal_MPRAGE__br_raw_20180319111437558_2_S667797_I974714.npy,1,0,0,0,0,,0,0,0,0,,0,0
/root/workspace/lxs/ADNI/npy/,ADNI_073_S_0312_MR_MPRAGE_br_raw_20070706085440686_5_S34472_I58624.npy,1,0,0,0,0,0,0,0,0,0,,0,0
/root/workspace/lxs/ADNI/npy/,ADNI_023_S_6400_MR_Accelerated_Sagittal_MPRAGE__br_raw_20180530163448275_138_S690769_I1004030.npy,1,0,0,0,0,,0,0,0,0,,0,0
/root/workspace/lxs/ADNI/npy/,ADNI_014_S_2185_MR_MPRAGE_br_raw_20101210100524291_171_S96208_I208097.npy,0,1,0,1,0,,0,0,0,0,,1,0
/root/workspace/lxs/ADNI/npy/,ADNI_018_S_0450_MR_MPRAGE_br_raw_20090707082627293_1_S69489_I147957.npy,0,1,0,1,0,0,0,0,0,0,,1,0
/root/workspace/lxs/ADNI/npy/,ADNI_057_S_0818_MR_MPRAGE_br_raw_20090930144133765_153_S74337_I155902.npy,1,0,0,0,0,0,0,0,0,0,,0,0
/root/workspace/lxs/ADNI/npy/,ADNI_032_S_6279_MR_Accelerated_Sagittal_MPRAGE__br_raw_20180404132607750_11_S672893_I981036.npy,1,0,0,0,0,,0,0,0,0,,0,0
/root/workspace/lxs/ADNI/npy/,ADNI_068_S_2187_MR_MPRAGE_br_raw_20101117131314624_155_S94915_I205387.npy,0,1,0,1,0,,0,0,0,0,,1,0
/root/workspace/lxs/ADNI/npy/,ADNI_037_S_6031_MR_Accelerated_Sagittal_MPRAGE__br_raw_20170703123517263_35_S579834_I870102.npy,1,0,0,0,0,,0,0,0,0,,0,0
/root/workspace/lxs/ADNI/npy/,ADNI_021_S_2125_MR_Accelerated_Sag_IR-SPGR__br_raw_20101015120236627_97_S93369_I196583.npy,0,1,0,1,0,,0,0,0,0,,1,0
/root/workspace/lxs/ADNI/npy/,ADNI_018_S_0055_MR_MPRAGE_br_raw_20081009121510781_98_S57193_I119893.npy,1,0,0,0,0,0,0,0,0,0,,0,0
/root/workspace/lxs/ADNI/npy/,ADNI_099_S_0880_MR_MPRAGE_br_raw_20071207101224853_138_S43443_I84328.npy,0,1,0,1,0,0,0,0,0,0,,1,0
/root/workspace/lxs/ADNI/npy/,ADNI_094_S_6278_MR_Accelerated_Sagittal_MPRAGE__br_raw_20180525113429934_168_S689530_I1002458.npy,1,0,0,0,0,,0,0,0,0,,0,0
/root/workspace/lxs/ADNI/npy/,ADNI_014_S_0658_MR_MP-RAGE__br_raw_20090731155106996_85_S71202_I151414.npy,0,1,0,1,0,0,0,0,0,0,,1,0
/root/workspace/lxs/ADNI/npy/,ADNI_011_S_0016_MR_MPRAGE_br_raw_20081021085030928_1_S57702_I122503.npy,1,0,0,0,0,0,0,0,0,0,,0,0
/root/workspace/lxs/ADNI/npy/,ADNI_036_S_0869_MR_MPRAGE_br_raw_20091116133831798_1_S76486_I159317.npy,0,1,0,1,0,0,0,0,0,0,,1,0
/root/workspace/lxs/ADNI/npy/,00000168_S_6619.npy,0,1,0,1,0,,0,0,0,0,,1,0
/root/workspace/lxs/ADNI/npy/,ADNI_023_S_6346_MR_Accelerated_Sagittal_MPRAGE__br_raw_20180511144833591_162_S684655_I996485.npy,1,0,0,0,0,,0,0,0,0,,0,0
/root/workspace/lxs/ADNI/npy/,ADNI_123_S_0106_MR_MPRAGEASO__br_raw_20100129104838944_170_S79540_I165499.npy,1,0,0,0,0,0,0,0,0,0,,0,0
/root/workspace/lxs/ADNI/npy/,ADNI_114_S_0458_MR_MPRAGE_br_raw_20071218161115206_98_S44099_I85410.npy,0,1,0,1,0,0,0,0,0,0,,1,0
/root/workspace/lxs/ADNI/npy/,00000941_S_6345.npy,0,1,0,1,0,,0,0,0,0,,1,0
/root/workspace/lxs/ADNI/npy/,ADNI_941_S_6496_MR_Accelerated_Sagittal_MPRAGE__br_raw_20180717164009014_136_S705437_I1022057.npy,1,0,0,0,0,,0,0,0,0,,0,0
/root/workspace/lxs/ADNI/npy/,ADNI_126_S_1077_MR_MP-RAGE__br_raw_20091215133642733_1_S77219_I160965.npy,0,1,0,1,0,0,0,0,0,0,,1,0
/root/workspace/lxs/ADNI/npy/,ADNI_099_S_6175_MR_Accelerated_Sag_IR-FSPGR___br_raw_20180321150305679_16_S669212_I976382.npy,1,0,0,0,0,,0,0,0,0,,0,0
/root/workspace/lxs/ADNI/npy/,ADNI_137_S_0800_MR_MP-RAGE__br_raw_20090831124508265_1_S72920_I153964.npy,0,1,0,1,0,0,0,0,0,0,,1,0
/root/workspace/lxs/ADNI/npy/,ADNI_127_S_6232_MR_Accelerated_Sagittal_IR-FSPGR__br_raw_20180330161620603_78_S672272_I980179.npy,1,0,0,0,0,,0,0,0,0,,0,0
/root/workspace/lxs/ADNI/npy/,00000018_S_6414.npy,0,1,0,1,0,,0,0,0,0,,1,0
/root/workspace/lxs/ADNI/npy/,ADNI_014_S_0558_MR_MP-RAGE__br_raw_20090708093517252_36_S69649_I148261.npy,1,0,0,0,0,0,0,0,0,0,,0,0
/root/workspace/lxs/ADNI/npy/,ADNI_021_S_2124_MR_Accelerated_Sag_IR-SPGR__br_raw_20101015181056693_26_S93427_I196684.npy,0,1,0,1,0,,0,0,0,0,,1,0
/root/workspace/lxs/ADNI/npy/,ADNI_130_S_6019_MR_Sagittal_3D_Accelerated_MPRAGE_br_raw_20170609162912879_190_S567412_I854993.npy,1,0,0,0,0,,0,0,0,0,,0,0
/root/workspace/lxs/ADNI/npy/,00000109_S_6364.npy,0,1,0,1,0,,0,0,0,0,,1,0
/root/workspace/lxs/ADNI/npy/,ADNI_037_S_6271_MR_Accelerated_Sagittal_MPRAGE__br_raw_20180517142517257_37_S686551_I998806.npy,1,0,0,0,0,,0,0,0,0,,0,0
/root/workspace/lxs/ADNI/npy/,00000168_S_6634.npy,0,1,0,1,0,,0,0,0,0,,1,0
/root/workspace/lxs/ADNI/npy/,ADNI_305_S_6157_MR_Sagittal_3D_Accelerated_MPRAGE_br_raw_20180129144546395_1_S654124_I958026.npy,1,0,0,0,0,,0,0,0,0,,0,0
/root/workspace/lxs/ADNI/npy/,ADNI_141_S_0851_MR_MPRAGE_br_raw_20071016162447966_57_S41582_I77929.npy,0,1,0,1,0,0,0,0,0,0,,1,0
/root/workspace/lxs/ADNI/npy/,ADNI_024_S_6385_MR_Accelerated_Sagittal_MPRAGE__br_raw_20180529170731461_172_S690519_I1003706.npy,1,0,0,0,0,,0,0,0,0,,0,0
/root/workspace/lxs/ADNI/npy/,ADNI_021_S_0276_MR_MP-RAGE__br_raw_20100405094137578_64_S82731_I170106.npy,0,1,0,1,0,0,0,0,0,0,,1,0
/root/workspace/lxs/ADNI/npy/,ADNI_153_S_6237_MR_Accelerated_Sagittal_MPRAGE__br_raw_20180307135252368_4_S664777_I970943.npy,1,0,0,0,0,,0,0,0,0,,0,0
/root/workspace/lxs/ADNI/npy/,ADNI_100_S_6578_MR_Sagittal_3D_Accelerated_MPRAGE_br_raw_20180927134629717_1_S730670_I1052843.npy,1,0,0,0,0,,0,0,0,0,,0,0
/root/workspace/lxs/ADNI/npy/,ADNI_067_S_0607_MR_MPRAGE_br_raw_20081114122118599_97_S59060_I126544.npy,0,1,0,1,0,0,0,0,0,0,,1,0
/root/workspace/lxs/ADNI/npy/,ADNI_128_S_2036_MR_MPRAGE_br_raw_20100819133204468_132_S90869_I190934.npy,0,1,0,1,0,,0,0,0,0,,1,0
/root/workspace/lxs/ADNI/npy/,ADNI_029_S_0878_MR_MP-RAGE__br_raw_20091207113711179_3_S76983_I160409.npy,0,1,0,1,0,0,0,0,0,0,,1,0
/root/workspace/lxs/ADNI/npy/,ADNI_116_S_1232_MR_MP-RAGE__br_raw_20100211172224931_1_S80078_I166224.npy,1,0,0,0,0,0,0,0,0,0,,0,0
/root/workspace/lxs/ADNI/npy/,ADNI_027_S_1045_MR_MP-RAGE__br_raw_20091113072352168_1_S76310_I159061.npy,0,1,0,1,0,0,0,0,0,0,,1,0
/root/workspace/lxs/ADNI/npy/,ADNI_002_S_0954_MR_MP-RAGE__br_raw_20080605221022417_1_S51093_I108600.npy,0,1,0,1,0,0,0,0,0,0,,1,0
/root/workspace/lxs/ADNI/npy/,ADNI_116_S_0648_MR_MP-RAGE__br_raw_20090812141555032_1_S72302_I152986.npy,1,0,0,0,0,0,0,0,0,0,,0,0
/root/workspace/lxs/ADNI/npy/,ADNI_099_S_0111_MR_MPRAGE_br_raw_20070205105827031_98_S25863_I38078.npy,0,1,0,1,0,0,0,0,0,0,,1,0
/root/workspace/lxs/ADNI/npy/,ADNI_137_S_0459_MR_MP-RAGE__br_raw_20090505141502501_1_S67053_I143203.npy,1,0,0,0,0,0,0,0,0,0,,0,0
/root/workspace/lxs/ADNI/npy/,ADNI_082_S_0928_MR_MPRAGE_br_raw_20080609112539344_75_S51161_I108707.npy,0,1,0,1,0,0,0,0,0,0,,1,0
/root/workspace/lxs/ADNI/npy/,00000006_S_6681.npy,0,1,0,1,0,,0,0,0,0,,1,0
/root/workspace/lxs/ADNI/npy/,ADNI_012_S_1133_MR_MPRAGE_AUTOSHIM_ON_br_raw_20100513115931514_98_S84880_I173635.npy,1,0,0,0,0,0,0,0,0,0,,0,0
/root/workspace/lxs/ADNI/npy/,ADNI_027_S_2183_MR_Accelerated_SAG_IR-SPGR__br_raw_20101113180449295_111_S94824_I205085.npy,0,1,0,1,0,,0,0,0,0,,1,0
/root/workspace/lxs/ADNI/npy/,ADNI_033_S_1098_MR_MP-RAGE__br_raw_20091204133639658_3_S76934_I160297.npy,1,0,0,0,0,0,0,0,0,0,,0,0
/root/workspace/lxs/ADNI/npy/,ADNI_132_S_0339_MR_MP-RAGE__br_raw_20060502104243770_1_S13850_I14367.npy,0,1,0,1,0,0,0,0,0,0,,1,0
/root/workspace/lxs/ADNI/npy/,ADNI_068_S_2184_MR_MPRAGE_br_raw_20101117133904572_129_S94922_I205396.npy,0,1,0,1,0,,0,0,0,0,,1,0
/root/workspace/lxs/ADNI/npy/,ADNI_023_S_1306_MR_MPRAGE_br_raw_20070216110116671_1_S26604_I40549.npy,1,0,0,0,0,0,0,0,0,0,,0,0
/root/workspace/lxs/ADNI/npy/,ADNI_053_S_0919_MR_MP-RAGE__br_raw_20101104125835593_107_S94278_I202609.npy,0,1,0,1,0,0,0,0,0,0,,1,0
/root/workspace/lxs/ADNI/npy/,ADNI_029_S_0866_MR_MP-RAGE__br_raw_20091030144749097_84_S75772_I158102.npy,1,0,0,0,0,0,0,0,0,0,,0,0
/root/workspace/lxs/ADNI/npy/,00000024_S_6033.npy,0,1,0,1,0,,0,0,0,0,,1,0
/root/workspace/lxs/ADNI/npy/,ADNI_041_S_0679_MR_MPRAGE_br_raw_20100811163707317_148_S90365_I189966.npy,0,1,0,1,0,0,0,0,0,0,,1,0
/root/workspace/lxs/ADNI/npy/,ADNI_016_S_1092_MR_MPRAGE_br_raw_20091217111401205_97_S77272_I161040.npy,0,1,0,1,0,0,0,0,0,0,,1,0
/root/workspace/lxs/ADNI/npy/,ADNI_341_S_6494_MR_Accelerated_Sagittal_MPRAGE__br_raw_20181004122527428_148_S733426_I1056183.npy,1,0,0,0,0,,0,0,0,0,,0,0
/root/workspace/lxs/ADNI/npy/,ADNI_027_S_0461_MR_MP-RAGE__br_raw_20071220090434754_1_S44173_I85756.npy,0,1,0,1,0,0,0,0,0,0,,1,0
/root/workspace/lxs/ADNI/npy/,ADNI_027_S_0408_MR_MP-RAGE__br_raw_20100520143741059_20_S85293_I174215.npy,0,1,0,1,0,0,0,0,0,0,,1,0
/root/workspace/lxs/ADNI/npy/,ADNI_002_S_0559_MR_MP-RAGE__br_raw_20090701011344227_1_S69298_I147113.npy,1,0,0,0,0,0,0,0,0,0,,0,0
/root/workspace/lxs/ADNI/npy/,ADNI_127_S_6147_MR_Accelerated_Sagittal_IR-FSPGR__br_raw_20180214075052945_133_S658857_I963736.npy,1,0,0,0,0,,0,0,0,0,,0,0
/root/workspace/lxs/ADNI/npy/,00000135_S_6544.npy,0,1,0,1,0,,0,0,0,0,,1,0
/root/workspace/lxs/ADNI/npy/,ADNI_099_S_0054_MR_MPRAGE_br_raw_20071220122445485_98_S44189_I85779.npy,0,1,0,1,0,0,0,0,0,0,,1,0
/root/workspace/lxs/ADNI/npy/,ADNI_098_S_2079_MR_Accelerated_Sag_IR-SPGR__br_raw_20100922162457579_103_S92420_I193312.npy,0,1,0,1,0,,0,0,0,0,,1,0
/root/workspace/lxs/ADNI/npy/,ADNI_128_S_0229_MR_REPEAT_SAG_3D_MPRAGE_br_raw_20090828225158380_25_S72906_I153935.npy,1,0,0,0,0,0,0,0,0,0,,0,0
/root/workspace/lxs/ADNI/npy/,ADNI_133_S_0629_MR_MPRAGE_br_raw_20080204133034863_1_S45287_I89297.npy,0,1,0,1,0,0,0,0,0,0,,1,0
/root/workspace/lxs/ADNI/npy/,ADNI_128_S_0770_MR_REPEAT_SAG_3D_MPRAGE_br_raw_20090826171938044_19_S72793_I153756.npy,0,1,0,1,0,0,0,0,0,0,,1,0
/root/workspace/lxs/ADNI/npy/,ADNI_009_S_0751_MR_MP-RAGE__br_raw_20090901091506535_1_S72954_I154019.npy,1,0,0,0,0,0,0,0,0,0,,0,0
/root/workspace/lxs/ADNI/npy/,ADNI_027_S_0118_MR_MP-RAGE__br_raw_20100215155250741_1_S80112_I166285.npy,1,0,0,0,0,0,0,0,0,0,,0,0
/root/workspace/lxs/ADNI/npy/,ADNI_127_S_1210_MR_MP-RAGE__br_raw_20070206183419915_1_S25997_I38319.npy,0,1,0,1,0,0,0,0,0,0,,1,0
/root/workspace/lxs/ADNI/npy/,ADNI_012_S_0917_MR_MPRAGE_br_raw_20070619125108328_157_S33757_I57265.npy,0,1,0,1,0,0,0,0,0,0,,1,0
/root/workspace/lxs/ADNI/npy/,ADNI_128_S_0863_MR_REPEAT_SAG_3D_MP_RAGE__br_raw_20140725115847982_128_S225957_I437014.npy,1,0,0,0,0,0,0,0,0,0,,0,0
/root/workspace/lxs/ADNI/npy/,00000027_S_6643.npy,0,1,0,1,0,,0,0,0,0,,1,0
/root/workspace/lxs/ADNI/npy/,00000305_S_6498.npy,0,1,0,1,0,,0,0,0,0,,1,0
/root/workspace/lxs/ADNI/npy/,ADNI_062_S_0578_MR_MPRAGE_br_raw_20080612144430260_98_S51518_I109368.npy,1,0,0,0,0,0,0,0,0,0,,0,0
/root/workspace/lxs/ADNI/npy/,ADNI_041_S_0898_MR_MPRAGE_br_raw_20091110151223731_98_S76014_I158501.npy,1,0,0,0,0,0,0,0,0,0,,0,0
/root/workspace/lxs/ADNI/npy/,ADNI_129_S_2347_MR_IR-SPGR__br_raw_20110421120149034_166_S104873_I228523.npy,0,1,0,1,0,,0,0,0,0,,1,0
/root/workspace/lxs/ADNI/npy/,ADNI_023_S_1126_MR_MPRAGE_br_raw_20090206133757119_1_S62753_I135446.npy,0,1,0,1,0,0,0,0,0,0,,1,0
/root/workspace/lxs/ADNI/npy/,ADNI_014_S_0548_MR_MP-RAGE__br_raw_20090720102035247_21_S70313_I149716.npy,1,0,0,0,0,0,0,0,0,0,,0,0
/root/workspace/lxs/ADNI/npy/,ADNI_130_S_0449_MR_MPRAGE_SENSE_br_raw_20080812104559073_1_S55263_I115926.npy,0,1,0,1,0,0,0,0,0,0,,1,0
/root/workspace/lxs/ADNI/npy/,ADNI_116_S_1249_MR_MP-RAGE__br_raw_20100204153954034_1_S79763_I165814.npy,1,0,0,0,0,0,0,0,0,0,,0,0
/root/workspace/lxs/ADNI/npy/,ADNI_126_S_1340_MR_MP-RAGE__br_raw_20070808093020868_166_S36996_I65796.npy,0,1,0,1,0,0,0,0,0,0,,1,0
/root/workspace/lxs/ADNI/npy/,ADNI_082_S_0640_MR_MPRAGE_br_raw_20060726154300786_63_S17279_I19679.npy,1,0,0,0,0,0,0,0,0,0,,0,0
/root/workspace/lxs/ADNI/npy/,ADNI_011_S_0326_MR_MPRAGE_br_raw_20090407073853571_1_S65639_I140635.npy,0,1,0,1,0,0,0,0,0,0,,1,0
/root/workspace/lxs/ADNI/npy/,ADNI_067_S_6528_MR_Accelerated_Sagittal_MPRAGE__br_raw_20180809170853206_27_S714456_I1033265.npy,1,0,0,0,0,,0,0,0,0,,0,0
/root/workspace/lxs/ADNI/npy/,ADNI_007_S_0698_MR_MP-RAGE__br_raw_20090903113520890_22_S73014_I154112.npy,0,1,0,1,0,0,0,0,0,0,,1,0
/root/workspace/lxs/ADNI/npy/,ADNI_073_S_2190_MR_MPRAGE_br_raw_20101210160627018_37_S96298_I208263.npy,0,1,0,1,0,,0,0,0,0,,1,0
/root/workspace/lxs/ADNI/npy/,ADNI_141_S_6061_MR_Accelerated_Sagittal_MPRAGE__br_raw_20170815161008680_29_S595332_I887923.npy,1,0,0,0,0,,0,0,0,0,,0,0
/root/workspace/lxs/ADNI/npy/,ADNI_035_S_2199_MR_MPRAGE_br_raw_20101201164135016_172_S95629_I207227.npy,0,1,0,1,0,,0,0,0,0,,1,0
/root/workspace/lxs/ADNI/npy/,ADNI_035_S_6200_MR_Accelerated_Sagittal_MPRAGE__br_raw_20180215141217553_121_S659829_I964917.npy,1,0,0,0,0,,0,0,0,0,,0,0
/root/workspace/lxs/ADNI/npy/,ADNI_031_S_0821_MR_MP-RAGE__br_raw_20070412164217500_1_S29602_I48836.npy,0,1,0,1,0,0,0,0,0,0,,1,0
/root/workspace/lxs/ADNI/npy/,ADNI_100_S_6493_MR_Sagittal_3D_Accelerated_MPRAGE_br_raw_20180920153713502_1_S728849_I1050518.npy,1,0,0,0,0,,0,0,0,0,,0,0
/root/workspace/lxs/ADNI/npy/,ADNI_128_S_1406_MR_REPEAT_SAG_3D_MP_RAGE__br_raw_20100615143218687_10_S87326_I178294.npy,0,1,0,1,0,0,0,0,0,0,,1,0
/root/workspace/lxs/ADNI/npy/,ADNI_022_S_0130_MR_MPRAGE_Repeat__br_raw_20100329175157772_80_S82532_I169829.npy,1,0,0,0,0,0,0,0,0,0,,0,0
/root/workspace/lxs/ADNI/npy/,ADNI_021_S_0647_MR_MP-RAGE__br_raw_20080820152110552_54_S55593_I116498.npy,1,0,0,0,0,0,0,0,0,0,,0,0
/root/workspace/lxs/ADNI/npy/,ADNI_128_S_0230_MR_REPEAT_SAG_3D_MPRAGE_br_raw_20080403180242789_1_S47914_I100581.npy,1,0,0,0,0,0,0,0,0,0,,0,0
/root/workspace/lxs/ADNI/npy/,ADNI_109_S_1114_MR_MPRAGE_br_raw_20090408122926195_1_S65797_I140966.npy,0,1,0,1,0,0,0,0,0,0,,1,0
/root/workspace/lxs/ADNI/npy/,ADNI_052_S_1346_MR_MP-RAGE__br_raw_20100611150757937_65_S87214_I177365.npy,0,1,0,1,0,0,0,0,0,0,,1,0
/root/workspace/lxs/ADNI/npy/,ADNI_027_S_6577_MR_Accelerated_Sagittal_IR-FSPGR__br_raw_20180920141044513_36_S728755_I1050410.npy,1,0,0,0,0,,0,0,0,0,,0,0
/root/workspace/lxs/ADNI/npy/,ADNI_003_S_1122_MR_MPRAGE_br_raw_20100217125930031_60_S80176_I166377.npy,0,1,0,1,0,0,0,0,0,0,,1,0
/root/workspace/lxs/ADNI/npy/,ADNI_033_S_6352_MR_Accelerated_Sagittal_MPRAGE__br_raw_20180514111540163_121_S684875_I996786.npy,1,0,0,0,0,,0,0,0,0,,0,0
/root/workspace/lxs/ADNI/npy/,ADNI_133_S_0792_MR_MP-RAGE__br_raw_20080918113002328_3_S56555_I118116.npy,0,1,0,1,0,0,0,0,0,0,,1,0
/root/workspace/lxs/ADNI/npy/,ADNI_006_S_6375_MR_Sagittal_3D_Accelerated_MPRAGE_br_raw_20180529125451093_128_S690265_I1003400.npy,1,0,0,0,0,,0,0,0,0,,0,0
/root/workspace/lxs/ADNI/npy/,ADNI_010_S_0161_MR_MPRAGE_SENS__br_raw_20060816114938789_157_S17922_I20639.npy,0,1,0,1,0,0,0,0,0,0,,1,0
/root/workspace/lxs/ADNI/npy/,ADNI_109_S_6213_MR_Accelerated_Sagittal_MPRAGE__br_raw_20180305161732498_76_S663821_I969812.npy,1,0,0,0,0,,0,0,0,0,,0,0
/root/workspace/lxs/ADNI/npy/,ADNI_129_S_1246_MR_MP-RAGE__br_raw_20100310121141206_5_S80864_I167555.npy,0,1,0,1,0,0,0,0,0,0,,1,0
/root/workspace/lxs/ADNI/npy/,ADNI_070_S_6548_MR_Accelerated_Sagittal_MPRAGE__br_raw_20180808144009880_76_S713665_I1032324.npy,1,0,0,0,0,,0,0,0,0,,0,0
/root/workspace/lxs/ADNI/npy/,00000130_S_6612.npy,0,1,0,1,0,,0,0,0,0,,1,0
/root/workspace/lxs/ADNI/npy/,ADNI_023_S_0887_MR_MPRAGE_br_raw_20091103161634941_1_S75829_I158216.npy,0,1,0,1,0,0,0,0,0,0,,1,0
/root/workspace/lxs/ADNI/npy/,ADNI_128_S_2123_MR_MPRAGE_br_raw_20101026163320894_94_S93738_I199265.npy,0,1,0,1,0,,0,0,0,0,,1,0
/root/workspace/lxs/ADNI/npy/,00000019_S_6315.npy,0,1,0,1,0,,0,0,0,0,,1,0
/root/workspace/lxs/ADNI/npy/,ADNI_082_S_0363_MR_MPRAGE_br_raw_20060410112252042_98_S13017_I13204.npy,1,0,0,0,0,0,0,0,0,0,,0,0
/root/workspace/lxs/ADNI/npy/,ADNI_022_S_0044_MR_MPRAGE_br_raw_20060531115940885_63_S15041_I16212.npy,0,1,0,1,0,0,0,0,0,0,,1,0
/root/workspace/lxs/ADNI/npy/,ADNI_094_S_0531_MR_MP-RAGE__br_raw_20140707165440940_140_S224386_I434637.npy,0,1,0,1,0,0,0,0,0,0,,1,0
/root/workspace/lxs/ADNI/npy/,ADNI_027_S_0403_MR_MP-RAGE__br_raw_20100429163903181_92_S84108_I172501.npy,1,0,0,0,0,0,0,0,0,0,,0,0
/root/workspace/lxs/ADNI/npy/,ADNI_041_S_0446_MR_MPRAGE_br_raw_20070605103340828_98_S33006_I55872.npy,0,1,0,1,0,0,0,0,0,0,,1,0
/root/workspace/lxs/ADNI/npy/,ADNI_007_S_6310_MR_Accelerated_Sagittal_MPRAGE__br_raw_20180410105753237_54_S674913_I983493.npy,1,0,0,0,0,,0,0,0,0,,0,0
/root/workspace/lxs/ADNI/npy/,ADNI_099_S_0551_MR_MPRAGE_br_raw_20090623074239540_98_S69106_I146610.npy,0,1,0,1,0,0,0,0,0,0,,1,0
/root/workspace/lxs/ADNI/npy/,ADNI_029_S_0824_MR_MP-RAGE__br_raw_20091007124340211_4_S74588_I156289.npy,1,0,0,0,0,0,0,0,0,0,,0,0
/root/workspace/lxs/ADNI/npy/,00000099_S_6632.npy,0,1,0,1,0,,0,0,0,0,,1,0
/root/workspace/lxs/ADNI/npy/,ADNI_072_S_1380_MR_MPRAGE_ASO_br_raw_20100402131835401_165_S82718_I170086.npy,0,1,0,1,0,0,0,0,0,0,,1,0
/root/workspace/lxs/ADNI/npy/,ADNI_067_S_0056_MR_MPRAGE_br_raw_20081209155740172_63_S60709_I129904.npy,1,0,0,0,0,0,0,0,0,0,,0,0
/root/workspace/lxs/ADNI/npy/,ADNI_010_S_0422_MR_ASO-MPRAGE_br_raw_20100715125848437_99_S89061_I184305.npy,0,1,0,1,0,0,0,0,0,0,,1,0
/root/workspace/lxs/ADNI/npy/,ADNI_006_S_6500_MR_Sagittal_3D_Accelerated_MPRAGE_br_raw_20180730125446170_68_S710554_I1028499.npy,1,0,0,0,0,,0,0,0,0,,0,0
/root/workspace/lxs/ADNI/npy/,ADNI_137_S_0283_MR_MP-RAGE__br_raw_20090423102452728_180_S66599_I142415.npy,1,0,0,0,0,0,0,0,0,0,,0,0
/root/workspace/lxs/ADNI/npy/,ADNI_123_S_2055_MR_MPRAGE_br_raw_20100820122952095_114_S90949_I191053.npy,0,1,0,1,0,,0,0,0,0,,1,0
/root/workspace/lxs/ADNI/npy/,ADNI_003_S_6256_MR_Accelerated_Sagittal_MPRAGE__br_raw_20180313172540477_5_S666705_I973278.npy,1,0,0,0,0,,0,0,0,0,,0,0
/root/workspace/lxs/ADNI/npy/,00000301_S_6297.npy,0,1,0,1,0,,0,0,0,0,,1,0
/root/workspace/lxs/ADNI/npy/,ADNI_137_S_0825_MR_MP-RAGE__br_raw_20071029121025389_180_S41988_I79420.npy,0,1,0,1,0,0,0,0,0,0,,1,0
/root/workspace/lxs/ADNI/npy/,ADNI_099_S_0352_MR_MPRAGE_br_raw_20100428101642014_16_S83899_I172065.npy,1,0,0,0,0,0,0,0,0,0,,0,0
/root/workspace/lxs/ADNI/npy/,ADNI_136_S_0873_MR_MP-RAGE__br_raw_20081029152044270_1_S58049_I124413.npy,0,1,0,1,0,0,0,0,0,0,,1,0
/root/workspace/lxs/ADNI/npy/,ADNI_099_S_2205_MR_MPRAGE_br_raw_20101130075326278_111_S95395_I206900.npy,0,1,0,1,0,,0,0,0,0,,1,0
/root/workspace/lxs/ADNI/npy/,ADNI_032_S_6293_MR_Accelerated_Sagittal_MPRAGE__br_raw_20180507124610626_66_S682850_I993285.npy,1,0,0,0,0,,0,0,0,0,,0,0
/root/workspace/lxs/ADNI/npy/,ADNI_005_S_0448_MR_MP-RAGE__br_raw_20080602121459558_3_S50865_I108088.npy,0,1,0,1,0,0,0,0,0,0,,1,0
/root/workspace/lxs/ADNI/npy/,ADNI_127_S_6348_MR_Accelerated_Sagittal_IR-FSPGR__br_raw_20180727073046706_192_S709511_I1027175.npy,1,0,0,0,0,,0,0,0,0,,0,0
/root/workspace/lxs/ADNI/npy/,ADNI_011_S_0856_MR_MPRAGE_br_raw_20081002093141309_1_S56926_I118964.npy,0,1,0,1,0,0,0,0,0,0,,1,0
/root/workspace/lxs/ADNI/npy/,ADNI_035_S_0156_MR_MPRAGE_br_raw_20100303145740438_78_S80595_I167167.npy,1,0,0,0,0,0,0,0,0,0,,0,0
/root/workspace/lxs/ADNI/npy/,ADNI_941_S_2060_MR_MPRAGE_br_raw_20100908161012470_91_S91837_I192348.npy,0,1,0,1,0,,0,0,0,0,,1,0
/root/workspace/lxs/ADNI/npy/,ADNI_168_S_6065_MR_Accelerated_Sagittal_MPRAGE__br_raw_20170906091852871_2_S605966_I900796.npy,1,0,0,0,0,,0,0,0,0,,0,0
/root/workspace/lxs/ADNI/npy/,ADNI_068_S_0442_MR_ADNI_______MPRAGE__br_raw_20070626141739637_54_S34034_I57784.npy,0,1,0,1,0,0,0,0,0,0,,1,0
/root/workspace/lxs/ADNI/npy/,ADNI_067_S_6138_MR_Accelerated_Sagittal_MPRAGE__br_raw_20180611133135791_17_S694118_I1008180.npy,1,0,0,0,0,,0,0,0,0,,0,0
/root/workspace/lxs/ADNI/npy/,ADNI_072_S_2083_MR_MPRAGE_br_raw_20101217110249464_94_S92127_I192825.npy,0,1,0,1,0,,0,0,0,0,,1,0
/root/workspace/lxs/ADNI/npy/,ADNI_099_S_2063_MR_MPRAGE_br_raw_20101015080944927_169_S93362_I196572.npy,0,1,0,1,0,,0,0,0,0,,1,0
/root/workspace/lxs/ADNI/npy/,ADNI_014_S_6522_MR_Accelerated_Sagittal_MPRAGE__br_raw_20180820130203983_41_S718494_I1037958.npy,1,0,0,0,0,,0,0,0,0,,0,0
/root/workspace/lxs/ADNI/npy/,ADNI_027_S_6582_MR_Accelerated_Sagittal_IR-FSPGR__br_raw_20181009185624477_130_S734730_I1057804.npy,1,0,0,0,0,,0,0,0,0,,0,0
/root/workspace/lxs/ADNI/npy/,ADNI_037_S_1225_MR_MP-RAGE__br_raw_20080908112912798_56_S56270_I117597.npy,0,1,0,1,0,0,0,0,0,0,,1,0
/root/workspace/lxs/ADNI/npy/,ADNI_006_S_6209_MR_Sagittal_3D_Accelerated_MPRAGE_br_raw_20180214162452226_102_S659015_I963926.npy,1,0,0,0,0,,0,0,0,0,,0,0
/root/workspace/lxs/ADNI/npy/,ADNI_036_S_6189_MR_Accelerated_Sagittal_MPRAGE__br_raw_20180130121731044_27_S654290_I958275.npy,1,0,0,0,0,,0,0,0,0,,0,0
/root/workspace/lxs/ADNI/npy/,ADNI_018_S_0057_MR_MPRAGE_ASO_br_raw_20080201160353303_85_S45260_I89234.npy,0,1,0,1,0,0,0,0,0,0,,1,0
/root/workspace/lxs/ADNI/npy/,ADNI_133_S_0727_MR_Sag_MPRAGE_br_raw_20140806151408897_84_S226970_I438622.npy,0,1,0,1,0,0,0,0,0,0,,1,0
/root/workspace/lxs/ADNI/npy/,ADNI_007_S_1206_MR_MP-RAGE__br_raw_20100210134639777_67_S80030_I166158.npy,1,0,0,0,0,0,0,0,0,0,,0,0
/root/workspace/lxs/ADNI/npy/,00000168_S_6180.npy,0,1,0,1,0,,0,0,0,0,,1,0
/root/workspace/lxs/ADNI/npy/,ADNI_941_S_6514_MR_Accelerated_Sagittal_MPRAGE__br_raw_20180727104527197_65_S709616_I1027315.npy,1,0,0,0,0,,0,0,0,0,,0,0
/root/workspace/lxs/ADNI/npy/,ADNI_012_S_1321_MR_MPRAGE_AUTOSHIM_ON_br_raw_20090327171949312_1_S65187_I140013.npy,0,1,0,1,0,0,0,0,0,0,,1,0
/root/workspace/lxs/ADNI/npy/,ADNI_129_S_6452_MR_Accelerated_Sag_IR-FSPGR___br_raw_20180712062022571_1_S703855_I1020096.npy,1,0,0,0,0,,0,0,0,0,,0,0
/root/workspace/lxs/ADNI/npy/,ADNI_027_S_0835_MR_MP-RAGE__br_raw_20100902122939095_25_S91582_I191943.npy,0,1,0,1,0,0,0,0,0,0,,1,0
/root/workspace/lxs/ADNI/npy/,ADNI_153_S_2148_MR_MPRAGE_br_raw_20101026193925656_53_S93769_I199312.npy,0,1,0,1,0,,0,0,0,0,,1,0
/root/workspace/lxs/ADNI/npy/,ADNI_053_S_2357_MR_MPRAGE_br_raw_20110420152029982_129_S104829_I228464.npy,0,1,0,1,0,,0,0,0,0,,1,0
/root/workspace/lxs/ADNI/npy/,ADNI_011_S_6418_MR_Accelerated_Sagittal_MPRAGE__br_raw_20180629105733513_72_S695453_I1009810.npy,1,0,0,0,0,,0,0,0,0,,0,0
/root/workspace/lxs/ADNI/npy/,ADNI_123_S_0108_MR_MPRAGEASO__br_raw_20100225175347520_120_S80470_I166821.npy,0,1,0,1,0,0,0,0,0,0,,1,0
/root/workspace/lxs/ADNI/npy/,ADNI_116_S_6517_MR_Accelerated_Sagittal_MPRAGE__br_raw_20180910165235976_89_S726036_I1047168.npy,1,0,0,0,0,,0,0,0,0,,0,0
/root/workspace/lxs/ADNI/npy/,ADNI_051_S_1040_MR_MPRAGE_br_raw_20071102140202906_98_S42211_I80550.npy,0,1,0,1,0,0,0,0,0,0,,1,0
/root/workspace/lxs/ADNI/npy/,ADNI_023_S_1190_MR_MPRAGE_br_raw_20100219163707538_20_S80249_I166476.npy,1,0,0,0,0,0,0,0,0,0,,0,0
/root/workspace/lxs/ADNI/npy/,ADNI_941_S_1363_MR_MPRAGE_br_raw_20070313130707971_98_S28008_I44495.npy,0,1,0,1,0,0,0,0,0,0,,1,0
/root/workspace/lxs/ADNI/npy/,ADNI_098_S_0896_MR_MP-RAGE__br_raw_20091015165249237_1_S75257_I157296.npy,1,0,0,0,0,0,0,0,0,0,,0,0
/root/workspace/lxs/ADNI/npy/,ADNI_141_S_1052_MR_MPRAGE_br_raw_20080610133258804_98_S51307_I108946.npy,0,1,0,1,0,0,0,0,0,0,,1,0
/root/workspace/lxs/ADNI/npy/,ADNI_133_S_0488_MR_MP-RAGE__br_raw_20090608155514734_3_S68339_I145531.npy,1,0,0,0,0,0,0,0,0,0,,0,0
/root/workspace/lxs/ADNI/npy/,00000002_S_6652.npy,0,1,0,1,0,,0,0,0,0,,1,0
/root/workspace/lxs/ADNI/npy/,ADNI_007_S_0101_MR_MP-RAGE__br_raw_20100128131558614_99_S79530_I165486.npy,0,1,0,1,0,0,0,0,0,0,,1,0
/root/workspace/lxs/ADNI/npy/,ADNI_126_S_0506_MR_MP-RAGE_REPEAT_br_raw_20060620103342790_1_S15652_I17185.npy,1,0,0,0,0,0,0,0,0,0,,0,0
/root/workspace/lxs/ADNI/npy/,00000130_S_6329.npy,0,1,0,1,0,,0,0,0,0,,1,0
/root/workspace/lxs/ADNI/npy/,ADNI_129_S_6304_MR_Accelerated_Sag_IR-FSPGR___br_raw_20180417111833396_195_S676889_I985933.npy,1,0,0,0,0,,0,0,0,0,,0,0
/root/workspace/lxs/ADNI/npy/,ADNI_013_S_1275_MR_MPRAGE_br_raw_20081217122318484_98_S60939_I131152.npy,0,1,0,1,0,0,0,0,0,0,,1,0
/root/workspace/lxs/ADNI/npy/,ADNI_127_S_1427_MR_MP-RAGE__br_raw_20090826163347839_166_S72777_I153734.npy,0,1,0,1,0,0,0,0,0,0,,1,0
/root/workspace/lxs/ADNI/npy/,ADNI_073_S_0386_MR_MPRAGE_br_raw_20100603104856106_47_S86848_I176717.npy,1,0,0,0,0,0,0,0,0,0,,0,0
/root/workspace/lxs/ADNI/npy/,ADNI_006_S_0681_MR_MP-RAGE__br_raw_20081017125951421_1_S57565_I121918.npy,1,0,0,0,0,0,0,0,0,0,,0,0
/root/workspace/lxs/ADNI/npy/,ADNI_114_S_0378_MR_MPRAGE_br_raw_20090430093442142_97_S66813_I142821.npy,0,1,0,1,0,0,0,0,0,0,,1,0
/root/workspace/lxs/ADNI/npy/,ADNI_057_S_1265_MR_MPRAGE_br_raw_20090219112019343_98_S63286_I136399.npy,0,1,0,1,0,0,0,0,0,0,,1,0
/root/workspace/lxs/ADNI/npy/,ADNI_068_S_2168_MR_MPRAGE_br_raw_20101105101616430_122_S94292_I202818.npy,0,1,0,1,0,,0,0,0,0,,1,0
/root/workspace/lxs/ADNI/npy/,ADNI_032_S_1169_MR_MPRAGE_br_raw_20100112173803630_97_S78176_I163225.npy,1,0,0,0,0,0,0,0,0,0,,0,0
/root/workspace/lxs/ADNI/npy/,ADNI_128_S_0608_MR_REPEAT_SAG_3D_MPRAGE_br_raw_20090605121833192_48_S68309_I145490.npy,0,1,0,1,0,0,0,0,0,0,,1,0
/root/workspace/lxs/ADNI/npy/,ADNI_073_S_0518_MR_MPRAGE_br_raw_20091209180621171_63_S77090_I160628.npy,0,1,0,1,0,0,0,0,0,0,,1,0
/root/workspace/lxs/ADNI/npy/,ADNI_099_S_6097_MR_Accelerated_Sag_IR-FSPGR___br_raw_20171110145831809_63_S631137_I930462.npy,1,0,0,0,0,,0,0,0,0,,0,0
/root/workspace/lxs/ADNI/npy/,ADNI_014_S_0520_MR_MP-RAGE__br_raw_20090604122842627_4_S68263_I145417.npy,1,0,0,0,0,0,0,0,0,0,,0,0
/root/workspace/lxs/ADNI/npy/,ADNI_041_S_1423_MR_MPRAGE_br_raw_20080825150026231_98_S55786_I116809.npy,0,1,0,1,0,0,0,0,0,0,,1,0
/root/workspace/lxs/ADNI/npy/,ADNI_037_S_0150_MR_MP-RAGE__br_raw_20090422142747677_85_S66566_I142324.npy,0,1,0,1,0,0,0,0,0,0,,1,0
/root/workspace/lxs/ADNI/npy/,ADNI_014_S_6199_MR_Accelerated_Sagittal_MPRAGE__br_raw_20180222154612346_5_S661310_I966803.npy,1,0,0,0,0,,0,0,0,0,,0,0
/root/workspace/lxs/ADNI/npy/,ADNI_037_S_1078_MR_MP-RAGE__br_raw_20100301145830103_51_S80504_I167036.npy,0,1,0,1,0,0,0,0,0,0,,1,0
/root/workspace/lxs/ADNI/npy/,ADNI_027_S_6516_MR_Accelerated_Sagittal_IR-FSPGR__br_raw_20180817112025329_193_S717965_I1037308.npy,1,0,0,0,0,,0,0,0,0,,0,0
/root/workspace/lxs/ADNI/npy/,ADNI_023_S_0604_MR_MPRAGE_br_raw_20090710144919515_1_S69779_I148533.npy,0,1,0,1,0,0,0,0,0,0,,1,0
/root/workspace/lxs/ADNI/npy/,00000168_S_6426.npy,0,1,0,1,0,,0,0,0,0,,1,0
/root/workspace/lxs/ADNI/npy/,ADNI_067_S_0243_MR_MPRAGE_br_raw_20070404152344429_63_S29311_I48177.npy,0,1,0,1,0,0,0,0,0,0,,1,0
/root/workspace/lxs/ADNI/npy/,ADNI_037_S_0182_MR_MP-RAGE__br_raw_20060214151603652_86_S11644_I11121.npy,0,1,0,1,0,0,0,0,0,0,,1,0
/root/workspace/lxs/ADNI/npy/,ADNI_123_S_0298_MR_MPRAGEASO__br_raw_20100419102052805_133_S83458_I171280.npy,1,0,0,0,0,0,0,0,0,0,,0,0
/root/workspace/lxs/ADNI/npy/,ADNI_035_S_0033_MR_MPRAGE_br_raw_20090601145154100_98_S68142_I145230.npy,0,1,0,1,0,0,0,0,0,0,,1,0
/root/workspace/lxs/ADNI/npy/,ADNI_011_S_0023_MR_MPRAGE_br_raw_20100106135916895_1_S77996_I162465.npy,1,0,0,0,0,0,0,0,0,0,,0,0
/root/workspace/lxs/ADNI/npy/,00000019_S_6533.npy,0,1,0,1,0,,0,0,0,0,,1,0
/root/workspace/lxs/ADNI/npy/,ADNI_067_S_0290_MR_MPRAGE_br_raw_20090507134013833_97_S67156_I143394.npy,0,1,0,1,0,0,0,0,0,0,,1,0
/root/workspace/lxs/ADNI/npy/,ADNI_002_S_6009_MR_Accelerated_Sagittal_MPRAGE__br_raw_20170418133703199_1_S555304_I840235.npy,1,0,0,0,0,,0,0,0,0,,0,0
/root/workspace/lxs/ADNI/npy/,ADNI_068_S_0872_MR_ADNI_SH____MPRAGE_ASO__br_raw_20090330162312181_170_S65229_I140074.npy,0,1,0,1,0,0,0,0,0,0,,1,0
/root/workspace/lxs/ADNI/npy/,00000041_S_1435.npy,0,0,1,2,1,0,,0,,0,1,2,
/root/workspace/lxs/ADNI/npy/,00000002_S_0619.npy,0,0,1,2,1,0,,0,,0,1,2,
/root/workspace/lxs/ADNI/npy/,ADNI_021_S_0332_MR_MP-RAGE__br_raw_20070426100649940_150_S30699_I51177.npy,0,0,1,2,1,0,,0,,0,1,2,
/root/workspace/lxs/ADNI/npy/,00000099_S_0492.npy,0,0,1,2,1,0,,0,,0,1,2,
/root/workspace/lxs/ADNI/npy/,00000012_S_0720.npy,0,0,1,2,1,0,,0,,0,1,2,
/root/workspace/lxs/ADNI/npy/,00000082_S_1377.npy,0,0,1,2,1,0,,0,,0,1,2,
/root/workspace/lxs/ADNI/npy/,00000100_S_1062.npy,0,0,1,2,1,0,,0,,0,1,2,
/root/workspace/lxs/ADNI/npy/,00000010_S_0829.npy,0,0,1,2,1,0,,0,,0,1,2,
/root/workspace/lxs/ADNI/npy/,00000137_S_0796.npy,0,0,1,2,1,0,,0,,0,1,2,
/root/workspace/lxs/ADNI/npy/,00000037_S_0627.npy,0,0,1,2,1,0,,0,,0,1,2,
/root/workspace/lxs/ADNI/npy/,00000003_S_1257.npy,0,0,1,2,1,0,,0,,0,1,2,
/root/workspace/lxs/ADNI/npy/,00000128_S_0266.npy,0,0,1,2,1,0,,0,,0,1,2,
/root/workspace/lxs/ADNI/npy/,00000128_S_0517.npy,0,0,1,2,1,0,,0,,0,1,2,
/root/workspace/lxs/ADNI/npy/,00000109_S_1192.npy,0,0,1,2,1,0,,0,,0,1,2,
/root/workspace/lxs/ADNI/npy/,00000141_S_0852.npy,0,0,1,2,1,0,,0,,0,1,2,
/root/workspace/lxs/ADNI/npy/,00000018_S_0335.npy,0,0,1,2,1,0,,0,,0,1,2,
/root/workspace/lxs/ADNI/npy/,00000018_S_0682.npy,0,0,1,2,1,0,,0,,0,1,2,
/root/workspace/lxs/ADNI/npy/,00000098_S_0149.npy,0,0,1,2,1,0,,0,,0,1,2,
/root/workspace/lxs/ADNI/npy/,00000128_S_0310.npy,0,0,1,2,1,0,,0,,0,1,2,
/root/workspace/lxs/ADNI/npy/,00000014_S_0328.npy,0,0,1,2,1,0,,0,,0,1,2,
/root/workspace/lxs/ADNI/npy/,ADNI_116_S_6543_MR_Accelerated_Sagittal_MPRAGE__br_raw_20180821112002979_77_S719354_I1038941.npy,0,0,1,2,1,,,,,,1,2,
/root/workspace/lxs/ADNI/npy/,00000073_S_0565.npy,0,0,1,2,1,0,,0,,0,1,2,
/root/workspace/lxs/ADNI/npy/,ADNI_019_S_6573_MR_Sagittal_3D_Accelerated_MPRAGE_br_raw_20180912133227978_29_S726533_I1047733.npy,0,0,1,2,1,,,,,,1,2,
/root/workspace/lxs/ADNI/npy/,ADNI_114_S_6347_MR_Accelerated_Sagittal_MPRAGE__br_raw_20180619163003373_77_S697151_I1011824.npy,0,0,1,2,1,,,,,,1,2,
/root/workspace/lxs/ADNI/npy/,00000041_S_1368.npy,0,0,1,2,1,0,,0,,0,1,2,
/root/workspace/lxs/ADNI/npy/,ADNI_037_S_6216_MR_Accelerated_Sagittal_MPRAGE__br_raw_20180504092623852_186_S682335_I992628.npy,0,0,1,2,1,,,,,,1,2,
/root/workspace/lxs/ADNI/npy/,00000020_S_0213.npy,0,0,1,2,1,0,,0,,0,1,2,
/root/workspace/lxs/ADNI/npy/,00000130_S_1201.npy,0,0,1,2,1,0,,0,,0,1,2,
/root/workspace/lxs/ADNI/npy/,00000116_S_1083.npy,0,0,1,2,1,0,,0,,0,1,2,
/root/workspace/lxs/ADNI/npy/,00000141_S_0853.npy,0,0,1,2,1,0,,0,,0,1,2,
/root/workspace/lxs/ADNI/npy/,00000068_S_0109.npy,0,0,1,2,1,0,,0,,0,1,2,
/root/workspace/lxs/ADNI/npy/,00000100_S_1113.npy,0,0,1,2,1,0,,0,,0,1,2,
/root/workspace/lxs/ADNI/npy/,00000141_S_1024.npy,0,0,1,2,1,0,,0,,0,1,2,
/root/workspace/lxs/ADNI/npy/,00000005_S_0814.npy,0,0,1,2,1,0,,0,,0,1,2,
/root/workspace/lxs/ADNI/npy/,00000031_S_0321.npy,0,0,1,2,1,0,,0,,0,1,2,
/root/workspace/lxs/ADNI/npy/,00000141_S_1137.npy,0,0,1,2,1,0,,0,,0,1,2,
/root/workspace/lxs/ADNI/npy/,00000023_S_0084.npy,0,0,1,2,1,0,,0,,0,1,2,
/root/workspace/lxs/ADNI/npy/,ADNI_100_S_1154_MR_ASO-MPRAGE_br_raw_20070910151119596_86_S39070_I72121.npy,0,0,1,2,1,0,,0,,0,1,2,
/root/workspace/lxs/ADNI/npy/,00000027_S_0404.npy,0,0,1,2,1,0,,0,,0,1,2,
/root/workspace/lxs/ADNI/npy/,00000131_S_0497.npy,0,0,1,2,1,0,,0,,0,1,2,
/root/workspace/lxs/ADNI/npy/,00000128_S_1430.npy,0,0,1,2,1,0,,0,,0,1,2,
/root/workspace/lxs/ADNI/npy/,00000006_S_0547.npy,0,0,1,2,1,0,,0,,0,1,2,
/root/workspace/lxs/ADNI/npy/,00000067_S_0029.npy,0,0,1,2,1,0,,0,,0,1,2,
/root/workspace/lxs/ADNI/npy/,ADNI_137_S_0631_MR_MP-RAGE__br_raw_20090707111651707_1_S69497_I147968.npy,0,1,0,1,0,0,0,0,0,0,,1,0
/root/workspace/lxs/ADNI/npy/,ADNI_131_S_0123_MR_MP-RAGE__br_raw_20100205134631800_1_S79799_I165858.npy,1,0,0,0,0,0,0,0,0,0,,0,0
/root/workspace/lxs/ADNI/npy/,ADNI_068_S_0476_MR_ADNI_______MPRAGE__br_raw_20080213101609843_10_S45607_I90261.npy,0,1,0,1,0,0,0,0,0,0,,1,0
/root/workspace/lxs/ADNI/npy/,ADNI_007_S_6515_MR_Accelerated_Sagittal_MPRAGE__br_raw_20180731092144897_139_S711025_I1029029.npy,1,0,0,0,0,,0,0,0,0,,0,0
/root/workspace/lxs/ADNI/npy/,ADNI_014_S_6424_MR_Accelerated_Sagittal_MPRAGE__br_raw_20180817115500499_105_S718041_I1037394.npy,1,0,0,0,0,,0,0,0,0,,0,0
/root/workspace/lxs/ADNI/npy/,ADNI_126_S_2407_MR_Accelerated_Sag_IR-SPGR__br_raw_20111121110527271_126_S130243_I267718.npy,0,1,0,1,0,,0,0,0,0,,1,0
/root/workspace/lxs/ADNI/npy/,ADNI_168_S_6413_MR_Accelerated_Sagittal_MPRAGE__br_raw_20180612150859342_49_S694435_I1008547.npy,1,0,0,0,0,,0,0,0,0,,0,0
/root/workspace/lxs/ADNI/npy/,00000033_S_0739.npy,0,1,0,1,0,0,0,0,0,0,,1,0
/root/workspace/lxs/ADNI/npy/,ADNI_941_S_6581_MR_Accelerated_Sagittal_MPRAGE__br_raw_20180914131936590_206_S727038_I1048378.npy,1,0,0,0,0,,0,0,0,0,,0,0
/root/workspace/lxs/ADNI/npy/,ADNI_022_S_2263_MR_MPRAGE_br_raw_20110119164955291_140_S97943_I213362.npy,0,1,0,1,0,,0,0,0,0,,1,0
/root/workspace/lxs/ADNI/npy/,ADNI_128_S_2151_MR_MPRAGE_br_raw_20101117165454936_168_S94934_I205447.npy,0,1,0,1,0,,0,0,0,0,,1,0
/root/workspace/lxs/ADNI/npy/,ADNI_007_S_6521_MR_Accelerated_Sagittal_MPRAGE__br_raw_20180731084715869_135_S711016_I1029013.npy,1,0,0,0,0,,0,0,0,0,,0,0
/root/workspace/lxs/ADNI/npy/,ADNI_073_S_0311_MR_MPRAGE_br_raw_20100826094801851_100_S91218_I191386.npy,1,0,0,0,0,0,0,0,0,0,,0,0
/root/workspace/lxs/ADNI/npy/,ADNI_041_S_1425_MR_MPRAGE_br_raw_20100820104540768_68_S90928_I191012.npy,0,1,0,1,0,0,0,0,0,0,,1,0
/root/workspace/lxs/ADNI/npy/,ADNI_099_S_6016_MR_Accelerated_Sag_IR-FSPGR___br_raw_20170607105839338_156_S571311_I859714.npy,1,0,0,0,0,,0,0,0,0,,0,0
/root/workspace/lxs/ADNI/npy/,ADNI_029_S_2395_MR_IR-SPGR__br_raw_20110816195636820_47_S119056_I250985.npy,0,1,0,1,0,,0,0,0,0,,1,0
/root/workspace/lxs/ADNI/npy/,ADNI_100_S_0047_MR_ASO-MPRAGE_br_raw_20090724205808001_1_S70610_I150336.npy,1,0,0,0,0,0,0,0,0,0,,0,0
/root/workspace/lxs/ADNI/npy/,00000127_S_6241.npy,0,1,0,1,0,,0,0,0,0,,1,0
/root/workspace/lxs/ADNI/npy/,ADNI_941_S_6495_MR_Accelerated_Sagittal_MPRAGE__br_raw_20180717153659028_113_S705363_I1021968.npy,1,0,0,0,0,,0,0,0,0,,0,0
/root/workspace/lxs/ADNI/npy/,ADNI_099_S_6025_MR_Accelerated_Sag_IR-FSPGR___br_raw_20170605121320234_9_S570201_I858494.npy,1,0,0,0,0,,0,0,0,0,,0,0
/root/workspace/lxs/ADNI/npy/,ADNI_072_S_2116_MR_MPRAGE_br_raw_20101027115226149_78_S93781_I199331.npy,0,1,0,1,0,,0,0,0,0,,1,0
/root/workspace/lxs/ADNI/npy/,ADNI_067_S_6045_MR_Accelerated_Sagittal_MPRAGE__br_raw_20170714101205498_69_S583463_I874273.npy,1,0,0,0,0,,0,0,0,0,,0,0
/root/workspace/lxs/ADNI/npy/,ADNI_013_S_1120_MR_MPRAGE_br_raw_20080707124912390_98_S53049_I112623.npy,0,1,0,1,0,0,0,0,0,0,,1,0
/root/workspace/lxs/ADNI/npy/,ADNI_168_S_6151_MR_Accelerated_Sagittal_MPRAGE__br_raw_20171219114009450_45_S645502_I947540.npy,1,0,0,0,0,,0,0,0,0,,0,0
/root/workspace/lxs/ADNI/npy/,ADNI_007_S_0068_MR_MP-RAGE__br_raw_20100120122115115_99_S78803_I164313.npy,1,0,0,0,0,0,0,0,0,0,,0,0
/root/workspace/lxs/ADNI/npy/,ADNI_018_S_0080_MR_MPRAGE_br_raw_20070111141117917_85_S24962_I36025.npy,0,1,0,1,0,0,0,0,0,0,,1,0
/root/workspace/lxs/ADNI/npy/,ADNI_003_S_0981_MR_MPRAGE_Repeat__br_raw_20140722155919765_18_S225535_I436281.npy,1,0,0,0,0,0,0,0,0,0,,0,0
/root/workspace/lxs/ADNI/npy/,ADNI_068_S_2316_MR_MPRAGE_br_raw_20110315125940528_129_S101627_I223878.npy,0,1,0,1,0,,0,0,0,0,,1,0
/root/workspace/lxs/ADNI/npy/,ADNI_941_S_6471_MR_Accelerated_Sagittal_MPRAGE__br_raw_20180702130452790_67_S700583_I1016136.npy,1,0,0,0,0,,0,0,0,0,,0,0
/root/workspace/lxs/ADNI/npy/,ADNI_005_S_0324_MR_MP-RAGE__br_raw_20090601161518446_7_S68159_I145259.npy,0,1,0,1,0,0,0,0,0,0,,1,0
/root/workspace/lxs/ADNI/npy/,ADNI_082_S_0761_MR_MPRAGE_Repeat__br_raw_20060823132333827_138_S18118_I23173.npy,1,0,0,0,0,0,0,0,0,0,,0,0
/root/workspace/lxs/ADNI/npy/,00000019_S_6635.npy,0,1,0,1,0,,0,0,0,0,,1,0
/root/workspace/lxs/ADNI/npy/,ADNI_128_S_0500_MR_REPEAT_SAG_3D_MPRAGE_br_raw_20080530151908278_1_S50802_I107853.npy,1,0,0,0,0,0,0,0,0,0,,0,0
/root/workspace/lxs/ADNI/npy/,ADNI_136_S_0874_MR_MP-RAGE__br_raw_20100115165810210_1_S78652_I164047.npy,0,1,0,1,0,0,0,0,0,0,,1,0
/root/workspace/lxs/ADNI/npy/,ADNI_036_S_6088_MR_Accelerated_Sagittal_MPRAGE__br_raw_20171012160729751_123_S619153_I916492.npy,1,0,0,0,0,,0,0,0,0,,0,0
/root/workspace/lxs/ADNI/npy/,ADNI_127_S_0925_MR_MP-RAGE__br_raw_20091104155236318_1_S75868_I158276.npy,0,1,0,1,0,0,0,0,0,0,,1,0
/root/workspace/lxs/ADNI/npy/,ADNI_098_S_0667_MR_MP-RAGE__br_raw_20090820133223610_1_S72631_I153490.npy,0,1,0,1,0,0,0,0,0,0,,1,0
/root/workspace/lxs/ADNI/npy/,ADNI_141_S_6423_MR_Accelerated_Sagittal_MPRAGE__br_raw_20180709135648632_27_S702418_I1018387.npy,1,0,0,0,0,,0,0,0,0,,0,0
/root/workspace/lxs/ADNI/npy/,00000006_S_6243.npy,0,1,0,1,0,,0,0,0,0,,1,0
/root/workspace/lxs/ADNI/npy/,ADNI_141_S_6416_MR_Accelerated_Sagittal_MPRAGE__br_raw_20181018095109011_32_S702244_I1018186.npy,1,0,0,0,0,,0,0,0,0,,0,0
/root/workspace/lxs/ADNI/npy/,ADNI_068_S_2248_MR_MPRAGE_br_raw_20101223110525957_72_S97001_I209511.npy,0,1,0,1,0,,0,0,0,0,,1,0
/root/workspace/lxs/ADNI/npy/,ADNI_168_S_6059_MR_Accelerated_Sagittal_MPRAGE__br_raw_20170821114231693_37_S598963_I892759.npy,1,0,0,0,0,,0,0,0,0,,0,0
/root/workspace/lxs/ADNI/npy/,00000006_S_6651.npy,0,1,0,1,0,,0,0,0,0,,1,0
/root/workspace/lxs/ADNI/npy/,ADNI_114_S_6057_MR_Accelerated_Sagittal_MPRAGE__br_raw_20171026143002762_103_S624788_I923016.npy,1,0,0,0,0,,0,0,0,0,,0,0
/root/workspace/lxs/ADNI/npy/,ADNI_073_S_1357_MR_MPRAGE_br_raw_20070411153150374_63_S29544_I48701.npy,0,1,0,1,0,0,0,0,0,0,,1,0
/root/workspace/lxs/ADNI/npy/,ADNI_135_S_6510_MR_Accelerated_Sag_IR-FSPGR___br_raw_20180720091520795_137_S706677_I1023583.npy,1,0,0,0,0,,0,0,0,0,,0,0
/root/workspace/lxs/ADNI/npy/,ADNI_130_S_2403_MR_MPRAGE_br_raw_20110930190806278_1_S124245_I259331.npy,0,1,0,1,0,,0,0,0,0,,1,0
/root/workspace/lxs/ADNI/npy/,ADNI_098_S_6343_MR_Sag_Accel_IR-FSPGR_br_raw_20180509153620696_34_S684016_I995623.npy,1,0,0,0,0,,0,0,0,0,,0,0
/root/workspace/lxs/ADNI/npy/,00000006_S_6677.npy,0,1,0,1,0,,0,0,0,0,,1,0
/root/workspace/lxs/ADNI/npy/,ADNI_041_S_6401_MR_Accelerated_Sagittal_MPRAGE__br_raw_20180612161506575_37_S694592_I1008726.npy,1,0,0,0,0,,0,0,0,0,,0,0
/root/workspace/lxs/ADNI/npy/,ADNI_021_S_2142_MR_Accelerated_Sag_IR-SPGR__br_raw_20101025143821734_19_S93661_I199167.npy,0,1,0,1,0,,0,0,0,0,,1,0
/root/workspace/lxs/ADNI/npy/,ADNI_002_S_6053_MR_Accelerated_Sagittal_MPRAGE__br_raw_20170724104500052_169_S586900_I878146.npy,1,0,0,0,0,,0,0,0,0,,0,0
/root/workspace/lxs/ADNI/npy/,ADNI_033_S_1284_MR_MP-RAGE__br_raw_20080227135706411_3_S46258_I92891.npy,0,1,0,1,0,0,0,0,0,0,,1,0
/root/workspace/lxs/ADNI/npy/,ADNI_007_S_6255_MR_Accelerated_Sagittal_MPRAGE__br_raw_20180319110723648_54_S667835_I974757.npy,1,0,0,0,0,,0,0,0,0,,0,0
/root/workspace/lxs/ADNI/npy/,ADNI_006_S_6234_MR_Sagittal_3D_Accelerated_MPRAGE_br_raw_20180221101230620_100_S660543_I965825.npy,1,0,0,0,0,,0,0,0,0,,0,0
/root/workspace/lxs/ADNI/npy/,ADNI_099_S_0060_MR_MPRAGE_br_raw_20070111134607453_98_S24972_I36068.npy,0,1,0,1,0,0,0,0,0,0,,1,0
/root/workspace/lxs/ADNI/npy/,ADNI_128_S_1408_MR_REPEAT_SAG_3D_MP_RAGE__br_raw_20140725120423552_134_S225962_I437022.npy,0,1,0,1,0,0,0,0,0,0,,1,0
/root/workspace/lxs/ADNI/npy/,ADNI_036_S_0813_MR_MPRAGE_br_raw_20091009152003394_1_S74990_I156877.npy,1,0,0,0,0,0,0,0,0,0,,0,0
/root/workspace/lxs/ADNI/npy/,ADNI_136_S_0107_MR_MP-RAGE__br_raw_20100630103541046_138_S88437_I180707.npy,0,1,0,1,0,0,0,0,0,0,,1,0
/root/workspace/lxs/ADNI/npy/,ADNI_128_S_2011_MR_MPRAGE_br_raw_20100714140012500_25_S89004_I183855.npy,0,1,0,1,0,,0,0,0,0,,1,0
/root/workspace/lxs/ADNI/npy/,ADNI_129_S_6457_MR_Accelerated_Sag_IR-FSPGR___br_raw_20180627125915166_132_S699214_I1014334.npy,1,0,0,0,0,,0,0,0,0,,0,0
/root/workspace/lxs/ADNI/npy/,ADNI_128_S_2057_MR_MPRAGE_br_raw_20100903120516235_84_S91651_I192070.npy,0,1,0,1,0,,0,0,0,0,,1,0
/root/workspace/lxs/ADNI/npy/,ADNI_131_S_0409_MR_MP-RAGE__br_raw_20070209092042807_1_S26167_I38686.npy,0,1,0,1,0,0,0,0,0,0,,1,0
/root/workspace/lxs/ADNI/npy/,ADNI_941_S_6574_MR_3D_MPRAGE__br_raw_20180910150441160_81_S725814_I1046899.npy,1,0,0,0,0,,0,0,0,0,,0,0
/root/workspace/lxs/ADNI/npy/,ADNI_114_S_1106_MR_MP_RAGE_SAGITTAL_br_raw_20100104235110837_98_S77853_I161900.npy,0,1,0,1,0,0,0,0,0,0,,1,0
/root/workspace/lxs/ADNI/npy/,ADNI_068_S_2194_MR_MPRAGE_br_raw_20101117113700509_126_S94911_I205381.npy,0,1,0,1,0,,0,0,0,0,,1,0
/root/workspace/lxs/ADNI/npy/,ADNI_011_S_0022_MR_MPRAGE_br_raw_20071024145445325_99_S41863_I78416.npy,1,0,0,0,0,0,0,0,0,0,,0,0
/root/workspace/lxs/ADNI/npy/,00000033_S_6497.npy,0,1,0,1,0,,0,0,0,0,,1,0
/root/workspace/lxs/ADNI/npy/,ADNI_018_S_0425_MR_MPRAGE_br_raw_20080609143445634_86_S51224_I108829.npy,1,0,0,0,0,0,0,0,0,0,,0,0
/root/workspace/lxs/ADNI/npy/,ADNI_022_S_1366_MR_MPRAGE_Repeat__br_raw_20070403081845001_87_S29195_I47792.npy,0,1,0,1,0,0,0,0,0,0,,1,0
/root/workspace/lxs/ADNI/npy/,ADNI_020_S_6470_MR_Accelerated_Sagittal_MPRAGE__br_raw_20180717135718358_161_S705247_I1021826.npy,1,0,0,0,0,,0,0,0,0,,0,0
/root/workspace/lxs/ADNI/npy/,ADNI_009_S_2381_MR_MPRAGE_br_raw_20110518161936430_59_S109343_I235703.npy,0,1,0,1,0,,0,0,0,0,,1,0
/root/workspace/lxs/ADNI/npy/,00000027_S_6640.npy,0,1,0,1,0,,0,0,0,0,,1,0
/root/workspace/lxs/ADNI/npy/,ADNI_010_S_0472_MR_ASO-MPRAGE_br_raw_20081126154014504_128_S60299_I128617.npy,1,0,0,0,0,0,0,0,0,0,,0,0
/root/workspace/lxs/ADNI/npy/,ADNI_018_S_2133_MR_MPRAGE_br_raw_20101025161338150_15_S93680_I199195.npy,0,1,0,1,0,,0,0,0,0,,1,0
/root/workspace/lxs/ADNI/npy/,ADNI_168_S_6085_MR_Accelerated_Sagittal_MPRAGE__br_raw_20171012122959386_71_S619077_I916399.npy,1,0,0,0,0,,0,0,0,0,,0,0
/root/workspace/lxs/ADNI/npy/,ADNI_099_S_0291_MR_MPRAGE_br_raw_20090320105716314_98_S64844_I139493.npy,0,1,0,1,0,0,0,0,0,0,,1,0
/root/workspace/lxs/ADNI/npy/,ADNI_128_S_0258_MR_REPEAT_SAG_3D_MPRAGE_br_raw_20080609141135780_1_S51259_I108881.npy,0,1,0,1,0,0,0,0,0,0,,1,0
/root/workspace/lxs/ADNI/npy/,00000153_S_6336.npy,0,1,0,1,0,,0,0,0,0,,1,0
/root/workspace/lxs/ADNI/npy/,ADNI_021_S_0984_MR_MP-RAGE__br_raw_20091218112557500_1_S77336_I161155.npy,1,0,0,0,0,0,0,0,0,0,,0,0
/root/workspace/lxs/ADNI/npy/,ADNI_037_S_0552_MR_MP-RAGE__br_raw_20080618091759203_1_S51792_I110030.npy,0,1,0,1,0,0,0,0,0,0,,1,0
/root/workspace/lxs/ADNI/npy/,ADNI_114_S_1103_MR_MPRAGE_br_raw_20080721155610045_95_S53722_I113665.npy,0,1,0,1,0,0,0,0,0,0,,1,0
/root/workspace/lxs/ADNI/npy/,ADNI_129_S_6288_MR_Accelerated_Sag_IR-FSPGR___br_raw_20180403154720572_5_S672766_I980829.npy,1,0,0,0,0,,0,0,0,0,,0,0
/root/workspace/lxs/ADNI/npy/,ADNI_068_S_2171_MR_MPRAGE_br_raw_20101112120031220_17_S94748_I204975.npy,0,1,0,1,0,,0,0,0,0,,1,0
/root/workspace/lxs/ADNI/npy/,ADNI_094_S_0489_MR_MP-RAGE__br_raw_20061122110939972_1_S22806_I30329.npy,1,0,0,0,0,0,0,0,0,0,,0,0
/root/workspace/lxs/ADNI/npy/,ADNI_941_S_1295_MR_MPRAGE_br_raw_20080821152339620_98_S55619_I116538.npy,0,1,0,1,0,0,0,0,0,0,,1,0
/root/workspace/lxs/ADNI/npy/,ADNI_116_S_6119_MR_Accelerated_Sagittal_MPRAGE__br_raw_20180129113815776_2_S654098_I957994.npy,1,0,0,0,0,,0,0,0,0,,0,0
/root/workspace/lxs/ADNI/npy/,ADNI_116_S_0890_MR_MP-RAGE__br_raw_20070803132917246_76_S36890_I64542.npy,0,1,0,1,0,0,0,0,0,0,,1,0
/root/workspace/lxs/ADNI/npy/,ADNI_013_S_0240_MR_MPRAGE_br_raw_20080425155515406_98_S49343_I104048.npy,0,1,0,1,0,0,0,0,0,0,,1,0
/root/workspace/lxs/ADNI/npy/,ADNI_021_S_2077_MR_Accelerated_Sag_IR-SPGR__br_raw_20100909161320873_171_S91933_I192498.npy,0,1,0,1,0,,0,0,0,0,,1,0
/root/workspace/lxs/ADNI/npy/,ADNI_941_S_1197_MR_MPRAGE_br_raw_20090226084655469_98_S63622_I137077.npy,1,0,0,0,0,0,0,0,0,0,,0,0
/root/workspace/lxs/ADNI/npy/,ADNI_137_S_0481_MR_MP-RAGE__br_raw_20090609102316303_1_S68383_I145591.npy,0,1,0,1,0,0,0,0,0,0,,1,0
/root/workspace/lxs/ADNI/npy/,ADNI_012_S_1009_MR_MPRAGE_AUTOSHIM_ON_br_raw_20081218122505312_1_S60993_I131757.npy,1,0,0,0,0,0,0,0,0,0,,0,0
/root/workspace/lxs/ADNI/npy/,ADNI_005_S_1224_MR_MP-RAGE__br_raw_20100408152613971_126_S83054_I170642.npy,0,1,0,1,0,0,0,0,0,0,,1,0
/root/workspace/lxs/ADNI/npy/,ADNI_305_S_6313_MR_Sagittal_3D_Accelerated_MPRAGE_br_raw_20180412114405316_1_S675934_I984775.npy,1,0,0,0,0,,0,0,0,0,,0,0
/root/workspace/lxs/ADNI/npy/,ADNI_128_S_0225_MR_REPEAT_SAG_3D_MPRAGE_br_raw_20090826170330731_127_S72784_I153744.npy,0,1,0,1,0,0,0,0,0,0,,1,0
/root/workspace/lxs/ADNI/npy/,ADNI_037_S_0303_MR_MP-RAGE__br_raw_20101021141614432_137_S93542_I198299.npy,1,0,0,0,0,0,0,0,0,0,,0,0
/root/workspace/lxs/ADNI/npy/,00000035_S_6641.npy,0,1,0,1,0,,0,0,0,0,,1,0
/root/workspace/lxs/ADNI/npy/,ADNI_082_S_6283_MR_Accelerated_Sagittal_MPRAGE__br_raw_20180503140755841_123_S682049_I992286.npy,1,0,0,0,0,,0,0,0,0,,0,0
/root/workspace/lxs/ADNI/npy/,ADNI_126_S_1187_MR_MP-RAGE__br_raw_20090210155704737_1_S62846_I135623.npy,0,1,0,1,0,0,0,0,0,0,,1,0
/root/workspace/lxs/ADNI/npy/,ADNI_082_S_2307_MR_MPRAGE_br_raw_20110215154927984_121_S99883_I217602.npy,0,1,0,1,0,,0,0,0,0,,1,0
/root/workspace/lxs/ADNI/npy/,ADNI_135_S_6509_MR_Accelerated_Sag_IR-FSPGR___br_raw_20180717080849438_107_S705179_I1021751.npy,1,0,0,0,0,,0,0,0,0,,0,0
/root/workspace/lxs/ADNI/npy/,00000116_S_6550.npy,0,1,0,1,0,,0,0,0,0,,1,0
/root/workspace/lxs/ADNI/npy/,ADNI_041_S_6136_MR_Accelerated_Sagittal_MPRAGE__br_raw_20171211134436262_94_S642911_I944422.npy,1,0,0,0,0,,0,0,0,0,,0,0
/root/workspace/lxs/ADNI/npy/,00000006_S_6291.npy,0,1,0,1,0,,0,0,0,0,,1,0
/root/workspace/lxs/ADNI/npy/,ADNI_100_S_1286_MR_ADNI_new___MPRAGE__br_raw_20090902153247171_1_S72983_I154073.npy,1,0,0,0,0,0,0,0,0,0,,0,0
/root/workspace/lxs/ADNI/npy/,00000153_S_6450.npy,0,1,0,1,0,,0,0,0,0,,1,0
/root/workspace/lxs/ADNI/npy/,ADNI_109_S_1013_MR_MPRAGE_br_raw_20070705141700021_1_S34428_I58558.npy,1,0,0,0,0,0,0,0,0,0,,0,0
/root/workspace/lxs/ADNI/npy/,ADNI_002_S_1155_MR_MP-RAGE__br_raw_20100107182649672_1_S78071_I162750.npy,0,1,0,1,0,0,0,0,0,0,,1,0
/root/workspace/lxs/ADNI/npy/,ADNI_027_S_0644_MR_MP-RAGE__br_raw_20100625123912945_72_S88117_I180319.npy,0,1,0,1,0,0,0,0,0,0,,1,0
/root/workspace/lxs/ADNI/npy/,ADNI_014_S_6437_MR_Accelerated_Sagittal_MPRAGE__br_raw_20180821154547976_154_S719532_I1039134.npy,1,0,0,0,0,,0,0,0,0,,0,0
/root/workspace/lxs/ADNI/npy/,ADNI_051_S_1072_MR_MPRAGE_br_raw_20100205105213277_98_S79788_I165842.npy,0,1,0,1,0,0,0,0,0,0,,1,0
/root/workspace/lxs/ADNI/npy/,ADNI_010_S_0420_MR_ASO-MPRAGE_br_raw_20080919153252750_90_S56593_I118189.npy,1,0,0,0,0,0,0,0,0,0,,0,0
/root/workspace/lxs/ADNI/npy/,ADNI_032_S_0214_MR_MPRAGE_br_raw_20100709082113597_108_S88827_I181363.npy,0,1,0,1,0,0,0,0,0,0,,1,0
/root/workspace/lxs/ADNI/npy/,ADNI_100_S_0035_MR_ADNI_new___MPRAGE__br_raw_20090322190822093_1_S64878_I139556.npy,1,0,0,0,0,0,0,0,0,0,,0,0
/root/workspace/lxs/ADNI/npy/,ADNI_070_S_6394_MR_Accelerated_Sagittal_MPRAGE__br_raw_20180614091746713_126_S695072_I1009372.npy,1,0,0,0,0,,0,0,0,0,,0,0
/root/workspace/lxs/ADNI/npy/,ADNI_002_S_2010_MR_MPRAGE_br_raw_20100625000702005_12_S88111_I180310.npy,0,1,0,1,0,,0,0,0,0,,1,0
/root/workspace/lxs/ADNI/npy/,ADNI_126_S_0405_MR_MP-RAGE__br_raw_20070105150435842_1_S24764_I35355.npy,1,0,0,0,0,0,0,0,0,0,,0,0
/root/workspace/lxs/ADNI/npy/,ADNI_141_S_6589_MR_Accelerated_Sagittal_MPRAGE__br_raw_20181114103108888_145_S747017_I1072748.npy,1,0,0,0,0,,0,0,0,0,,0,0
/root/workspace/lxs/ADNI/npy/,ADNI_018_S_2138_MR_MPRAGE_br_raw_20101104140230661_81_S94232_I202429.npy,0,1,0,1,0,,0,0,0,0,,1,0
/root/workspace/lxs/ADNI/npy/,ADNI_041_S_1412_MR_MPRAGE_br_raw_20080729142019200_97_S54204_I114461.npy,0,1,0,1,0,0,0,0,0,0,,1,0
/root/workspace/lxs/ADNI/npy/,ADNI_099_S_0040_MR_MPRAGE_br_raw_20081203162323293_138_S60497_I129120.npy,1,0,0,0,0,0,0,0,0,0,,0,0
/root/workspace/lxs/ADNI/npy/,ADNI_082_S_0469_MR_MPRAGE_br_raw_20060718171019169_63_S16916_I19113.npy,0,1,0,1,0,0,0,0,0,0,,1,0
/root/workspace/lxs/ADNI/npy/,ADNI_022_S_0096_MR_MPRAGE_Repeat__br_raw_20100301165839066_89_S80512_I167049.npy,1,0,0,0,0,0,0,0,0,0,,0,0
/root/workspace/lxs/ADNI/npy/,ADNI_007_S_2106_MR_Accelerated_SAG_IR-SPGR__br_raw_20100928081450524_131_S92732_I193791.npy,0,1,0,1,0,,0,0,0,0,,1,0
/root/workspace/lxs/ADNI/npy/,ADNI_116_S_0360_MR_MP-RAGE__br_raw_20060504130627062_2_S14014_I14623.npy,1,0,0,0,0,0,0,0,0,0,,0,0
/root/workspace/lxs/ADNI/npy/,ADNI_127_S_1140_MR_MP-RAGE__br_raw_20100112164746470_166_S78182_I163236.npy,0,1,0,1,0,0,0,0,0,0,,1,0
/root/workspace/lxs/ADNI/npy/,ADNI_098_S_0172_MR_MP-RAGE__br_raw_20120508134644975_144_S85041_I173885.npy,1,0,0,0,0,0,0,0,0,0,,0,0
/root/workspace/lxs/ADNI/npy/,00000135_S_6703.npy,0,1,0,1,0,,0,0,0,0,,1,0
/root/workspace/lxs/ADNI/npy/,00000098_S_6534.npy,0,1,0,1,0,,0,0,0,0,,1,0
/root/workspace/lxs/ADNI/npy/,ADNI_033_S_0920_MR_MP-RAGE__br_raw_20091027135955413_3_S75608_I157857.npy,1,0,0,0,0,0,0,0,0,0,,0,0
/root/workspace/lxs/ADNI/npy/,ADNI_067_S_2196_MR_MPRAGE_br_raw_20101122092317964_98_S95103_I206075.npy,0,1,0,1,0,,0,0,0,0,,1,0
/root/workspace/lxs/ADNI/npy/,00000053_S_6598.npy,0,1,0,1,0,,0,0,0,0,,1,0
/root/workspace/lxs/ADNI/npy/,ADNI_033_S_0725_MR_MP-RAGE__br_raw_20080808162720751_3_S55179_I115805.npy,0,1,0,1,0,0,0,0,0,0,,1,0
/root/workspace/lxs/ADNI/npy/,ADNI_002_S_6066_MR_Accelerated_Sagittal_MPRAGE__br_raw_20170818100637186_173_S598526_I892212.npy,1,0,0,0,0,,0,0,0,0,,0,0
/root/workspace/lxs/ADNI/npy/,00000037_S_6125.npy,0,1,0,1,0,,0,0,0,0,,1,0
/root/workspace/lxs/ADNI/npy/,ADNI_011_S_1282_MR_MPRAGE_br_raw_20100224131332646_132_S80412_I166738.npy,0,1,0,1,0,0,0,0,0,0,,1,0
/root/workspace/lxs/ADNI/npy/,ADNI_003_S_6644_MR_Accelerated_Sagittal_MPRAGE__raw_20181206185832553_25_S755402_I1083042.npy,1,0,0,0,0,,0,0,0,0,,0,0
/root/workspace/lxs/ADNI/npy/,ADNI_007_S_0344_MR_MP-RAGE__br_raw_20100617151806727_49_S87404_I179132.npy,0,1,0,1,0,0,0,0,0,0,,1,0
/root/workspace/lxs/ADNI/npy/,ADNI_023_S_6399_MR_Accelerated_Sagittal_MPRAGE__br_raw_20180530154838018_181_S690743_I1003993.npy,1,0,0,0,0,,0,0,0,0,,0,0
/root/workspace/lxs/ADNI/npy/,ADNI_127_S_0112_MR_MP-RAGE__br_raw_20100129121725717_25_S79553_I165521.npy,0,1,0,1,0,0,0,0,0,0,,1,0
/root/workspace/lxs/ADNI/npy/,ADNI_168_S_6281_MR_Accelerated_Sagittal_MPRAGE__br_raw_20180410130935984_89_S675033_I983641.npy,1,0,0,0,0,,0,0,0,0,,0,0
/root/workspace/lxs/ADNI/npy/,ADNI_128_S_0135_MR_REPEAT_SAG_3D_MPRAGE_br_raw_20090618151058746_77_S68929_I146364.npy,0,1,0,1,0,0,0,0,0,0,,1,0
/root/workspace/lxs/ADNI/npy/,ADNI_082_S_0832_MR_MPRAGE_br_raw_20081028125904638_75_S57970_I124222.npy,0,1,0,1,0,0,0,0,0,0,,1,0
/root/workspace/lxs/ADNI/npy/,ADNI_007_S_1222_MR_MP-RAGE__br_raw_20100218141009685_3_S80200_I166407.npy,1,0,0,0,0,0,0,0,0,0,,0,0
/root/workspace/lxs/ADNI/npy/,ADNI_129_S_0778_MR_MP-RAGE__br_raw_20090915114945040_1_S73672_I155002.npy,1,0,0,0,0,0,0,0,0,0,,0,0
/root/workspace/lxs/ADNI/npy/,ADNI_052_S_0952_MR_MP-RAGE__br_raw_20091211101201859_23_S77172_I160763.npy,0,1,0,1,0,0,0,0,0,0,,1,0
/root/workspace/lxs/ADNI/npy/,ADNI_177_S_6328_MR_Sagittal_3D_Accelerated_MPRAGE_br_raw_20180504143216507_35_S682465_I992799.npy,1,0,0,0,0,,0,0,0,0,,0,0
/root/workspace/lxs/ADNI/npy/,ADNI_023_S_1104_MR_MPRAGE_br_raw_20070614143252734_88_S33576_I56978.npy,0,1,0,1,0,0,0,0,0,0,,1,0
/root/workspace/lxs/ADNI/npy/,ADNI_032_S_0479_MR_MPRAGE_br_raw_20100709080318265_119_S88819_I181352.npy,1,0,0,0,0,0,0,0,0,0,,0,0
/root/workspace/lxs/ADNI/npy/,ADNI_032_S_0978_MR_MPRAGE_br_raw_20091123121018758_98_S76715_I159707.npy,0,1,0,1,0,0,0,0,0,0,,1,0
/root/workspace/lxs/ADNI/npy/,00000003_S_6268.npy,0,1,0,1,0,,0,0,0,0,,1,0
/root/workspace/lxs/ADNI/npy/,00000137_S_6654.npy,0,1,0,1,0,,0,0,0,0,,1,0
/root/workspace/lxs/ADNI/npy/,ADNI_035_S_0048_MR_MPRAGE_br_raw_20090601143305909_98_S68133_I145216.npy,1,0,0,0,0,0,0,0,0,0,,0,0
/root/workspace/lxs/ADNI/npy/,ADNI_029_S_2376_MR_IR-SPGR__br_raw_20110705181758518_192_S113624_I243329.npy,0,1,0,1,0,,0,0,0,0,,1,0
/root/workspace/lxs/ADNI/npy/,ADNI_018_S_6207_MR_Sagittal_3D_Accelerated_MPRAGE_br_raw_20180214090114639_1_S658844_I963722.npy,1,0,0,0,0,,0,0,0,0,,0,0
/root/workspace/lxs/ADNI/npy/,ADNI_094_S_2367_MR_Accelerated_SAG_IR-SPGR__br_raw_20110428103251902_173_S105433_I229400.npy,0,1,0,1,0,,0,0,0,0,,1,0
/root/workspace/lxs/ADNI/npy/,ADNI_116_S_6439_MR_Accelerated_Sagittal_MPRAGE__br_raw_20180629165915619_53_S700404_I1015823.npy,1,0,0,0,0,,0,0,0,0,,0,0
/root/workspace/lxs/ADNI/npy/,ADNI_141_S_1051_MR_MPRAGE_br_raw_20070711115737201_123_S34698_I59062.npy,0,1,0,1,0,0,0,0,0,0,,1,0
/root/workspace/lxs/ADNI/npy/,ADNI_016_S_0538_MR_MPRAGE_br_raw_20090820113628551_98_S72604_I153444.npy,1,0,0,0,0,0,0,0,0,0,,0,0
/root/workspace/lxs/ADNI/npy/,ADNI_031_S_2233_MR_MPRAGE_br_raw_20101216170208621_162_S96673_I208975.npy,0,1,0,1,0,,0,0,0,0,,1,0
/root/workspace/lxs/ADNI/npy/,ADNI_019_S_6186_MR_Sagittal_3D_Accelerated_MPRAGE_br_raw_20180130153759879_80_S654473_I958499.npy,1,0,0,0,0,,0,0,0,0,,0,0
/root/workspace/lxs/ADNI/npy/,ADNI_127_S_0394_MR_MP-RAGE__br_raw_20090612101231674_1_S68492_I145752.npy,0,1,0,1,0,0,0,0,0,0,,1,0
/root/workspace/lxs/ADNI/npy/,ADNI_127_S_6357_MR_Accelerated_Sagittal_IR-FSPGR__br_raw_20180724141633150_106_S707782_I1025037.npy,1,0,0,0,0,,0,0,0,0,,0,0
/root/workspace/lxs/ADNI/npy/,ADNI_027_S_2336_MR_Accelerated_SAG_IR-SPGR__br_raw_20110706151501318_181_S102036_I224440.npy,0,1,0,1,0,,0,0,0,0,,1,0
/root/workspace/lxs/ADNI/npy/,ADNI_128_S_2220_MR_MPRAGE_br_raw_20101220142238075_10_S96842_I209240.npy,0,1,0,1,0,,0,0,0,0,,1,0
/root/workspace/lxs/ADNI/npy/,ADNI_067_S_0177_MR_MPRAGE_br_raw_20080509082349501_97_S49802_I104937.npy,1,0,0,0,0,0,0,0,0,0,,0,0
/root/workspace/lxs/ADNI/npy/,ADNI_027_S_6317_MR_Accelerated_Sagittal_IR-FSPGR__br_raw_20180513090818081_167_S684809_I996683.npy,1,0,0,0,0,,0,0,0,0,,0,0
/root/workspace/lxs/ADNI/npy/,ADNI_109_S_2278_MR_Accelerated_SAG_IR-SPGR__br_raw_20110317182336858_59_S101817_I224117.npy,0,1,0,1,0,,0,0,0,0,,1,0
/root/workspace/lxs/ADNI/npy/,ADNI_082_S_6197_MR_Accelerated_Sagittal_MPRAGE__br_raw_20180503135740432_119_S682021_I992246.npy,1,0,0,0,0,,0,0,0,0,,0,0
/root/workspace/lxs/ADNI/npy/,00000003_S_6606.npy,0,1,0,1,0,,0,0,0,0,,1,0
/root/workspace/lxs/ADNI/npy/,ADNI_023_S_6547_MR_Accelerated_Sagittal_MPRAGE__br_raw_20180808125503964_156_S713632_I1032282.npy,1,0,0,0,0,,0,0,0,0,,0,0
/root/workspace/lxs/ADNI/npy/,ADNI_141_S_1004_MR_MPRAGE_br_raw_20080512122831644_98_S49916_I105123.npy,0,1,0,1,0,0,0,0,0,0,,1,0
/root/workspace/lxs/ADNI/npy/,ADNI_116_S_0382_MR_MP-RAGE__br_raw_20100818142245047_171_S90790_I190823.npy,1,0,0,0,0,0,0,0,0,0,,0,0
/root/workspace/lxs/ADNI/npy/,ADNI_014_S_0557_MR_MP-RAGE_REPEAT_br_raw_20090609132514316_160_S68396_I145612.npy,0,1,0,1,0,0,0,0,0,0,,1,0
/root/workspace/lxs/ADNI/npy/,ADNI_009_S_0862_MR_MP-RAGE__br_raw_20091015102619812_121_S75189_I157179.npy,1,0,0,0,0,0,0,0,0,0,,0,0
/root/workspace/lxs/ADNI/npy/,ADNI_127_S_2234_MR_Accelerated_Sag_IR-SPGR__br_raw_20101209084209787_162_S96117_I207969.npy,0,1,0,1,0,,0,0,0,0,,1,0
/root/workspace/lxs/ADNI/npy/,ADNI_012_S_1212_MR_ADNI_______MPRAGEadni2_br_raw_20070727164101390_4_S36492_I62529.npy,1,0,0,0,0,0,0,0,0,0,,0,0
/root/workspace/lxs/ADNI/npy/,ADNI_123_S_0390_MR_ADNI_______MPRAGE_ASO__br_raw_20080512134337848_1_S49925_I105138.npy,0,1,0,1,0,0,0,0,0,0,,1,0
/root/workspace/lxs/ADNI/npy/,ADNI_127_S_1032_MR_MP-RAGE__br_raw_20091214160054190_1_S77200_I160934.npy,0,1,0,1,0,0,0,0,0,0,,1,0
/root/workspace/lxs/ADNI/npy/,ADNI_094_S_2238_MR_Accelerated_SAG_IR-SPGR__br_raw_20101213131922026_17_S96334_I208311.npy,0,1,0,1,0,,0,0,0,0,,1,0
/root/workspace/lxs/ADNI/npy/,ADNI_016_S_6381_MR_Accelerated_Sagittal_MPRAGE__br_raw_20180522132015417_85_S688087_I1000691.npy,1,0,0,0,0,,0,0,0,0,,0,0
/root/workspace/lxs/ADNI/npy/,ADNI_137_S_0158_MR_MP-RAGE__br_raw_20090324130818232_1_S64949_I139676.npy,0,1,0,1,0,0,0,0,0,0,,1,0
/root/workspace/lxs/ADNI/npy/,ADNI_021_S_0159_MR_MP-RAGE__br_raw_20100316131745875_117_S81137_I167931.npy,1,0,0,0,0,0,0,0,0,0,,0,0
/root/workspace/lxs/ADNI/npy/,ADNI_094_S_2216_MR_Accelerated_SAG_IR-SPGR__br_raw_20110209085905137_131_S99223_I216309.npy,0,1,0,1,0,,0,0,0,0,,1,0
/root/workspace/lxs/ADNI/npy/,ADNI_067_S_0257_MR_MPRAGE_br_raw_20100816163314342_2_S90532_I190412.npy,1,0,0,0,0,0,0,0,0,0,,0,0
/root/workspace/lxs/ADNI/npy/,ADNI_067_S_0038_MR_MPRAGE_br_raw_20061207161511700_63_S23553_I32060.npy,0,1,0,1,0,0,0,0,0,0,,1,0
/root/workspace/lxs/ADNI/npy/,ADNI_005_S_0223_MR_MP-RAGE__br_raw_20090506144043629_3_S67114_I143295.npy,1,0,0,0,0,0,0,0,0,0,,0,0
/root/workspace/lxs/ADNI/npy/,ADNI_126_S_2405_MR_Accelerated_Sag_IR-SPGR__br_raw_20110929095013734_71_S123902_I258836.npy,0,1,0,1,0,,0,0,0,0,,1,0
/root/workspace/lxs/ADNI/npy/,ADNI_136_S_0184_MR_MP-RAGE__br_raw_20090319151648412_166_S64832_I139471.npy,1,0,0,0,0,0,0,0,0,0,,0,0
/root/workspace/lxs/ADNI/npy/,ADNI_037_S_1421_MR_MP-RAGE__br_raw_20100924141922999_132_S92610_I193604.npy,0,1,0,1,0,0,0,0,0,0,,1,0
/root/workspace/lxs/ADNI/npy/,ADNI_053_S_0389_MR_MP-RAGE__br_raw_20140703115537781_165_S224143_I434326.npy,0,1,0,1,0,0,0,0,0,0,,1,0
/root/workspace/lxs/ADNI/npy/,ADNI_072_S_0315_MR_MPRAGE_ASO_br_raw_20100409144231386_18_S83185_I170813.npy,1,0,0,0,0,0,0,0,0,0,,0,0
/root/workspace/lxs/ADNI/npy/,00000109_S_6300.npy,0,1,0,1,0,,0,0,0,0,,1,0
/root/workspace/lxs/ADNI/npy/,00000098_S_6593.npy,0,1,0,1,0,,0,0,0,0,,1,0
/root/workspace/lxs/ADNI/npy/,ADNI_941_S_6570_MR_Accelerated_Sagittal_MPRAGE__br_raw_20180831145251301_21_S723995_I1044538.npy,1,0,0,0,0,,0,0,0,0,,0,0
/root/workspace/lxs/ADNI/npy/,00000027_S_6463.npy,0,1,0,1,0,,0,0,0,0,,1,0
/root/workspace/lxs/ADNI/npy/,ADNI_114_S_6487_MR_Accelerated_Sagittal_MPRAGE__br_raw_20181002085526789_46_S732180_I1054709.npy,1,0,0,0,0,,0,0,0,0,,0,0
/root/workspace/lxs/ADNI/npy/,ADNI_011_S_0005_MR_MPRAGE_br_raw_20080911093631661_1_S56381_I117777.npy,1,0,0,0,0,0,0,0,0,0,,0,0
/root/workspace/lxs/ADNI/npy/,ADNI_016_S_2284_MR_Accelerated_SAG_IR-SPGR__br_raw_20110210153410146_9_S99607_I216941.npy,0,1,0,1,0,,0,0,0,0,,1,0
/root/workspace/lxs/ADNI/npy/,ADNI_031_S_2018_MR_MPRAGE_br_raw_20100709143139293_56_S88859_I181509.npy,0,1,0,1,0,,0,0,0,0,,1,0
/root/workspace/lxs/ADNI/npy/,ADNI_027_S_0256_MR_MP-RAGE__br_raw_20100416131335123_7_S83373_I171158.npy,0,1,0,1,0,0,0,0,0,0,,1,0
/root/workspace/lxs/ADNI/npy/,ADNI_032_S_0095_MR____________MPRAGE__br_raw_20070308165945041_1_S27719_I43257.npy,1,0,0,0,0,0,0,0,0,0,,0,0
/root/workspace/lxs/ADNI/npy/,00000130_S_6688.npy,0,1,0,1,0,,0,0,0,0,,1,0
/root/workspace/lxs/ADNI/npy/,ADNI_011_S_0008_MR_MPRAGE_br_raw_20060321150535740_1_S12333_I12209.npy,1,0,0,0,0,0,0,0,0,0,,0,0
/root/workspace/lxs/ADNI/npy/,ADNI_128_S_2130_MR_MPRAGE_br_raw_20101104153526042_56_S94288_I202694.npy,0,1,0,1,0,,0,0,0,0,,1,0
/root/workspace/lxs/ADNI/npy/,ADNI_070_S_6386_MR_Accelerated_Sagittal_MPRAGE__br_raw_20180607115931858_160_S692949_I1006805.npy,1,0,0,0,0,,0,0,0,0,,0,0
/root/workspace/lxs/ADNI/npy/,ADNI_027_S_0116_MR_MP-RAGE__br_raw_20100222072847184_13_S80256_I166484.npy,0,1,0,1,0,0,0,0,0,0,,1,0
/root/workspace/lxs/ADNI/npy/,ADNI_130_S_0285_MR_MP-RAGE__br_raw_20100416162719838_129_S83437_I171252.npy,0,1,0,1,0,0,0,0,0,0,,1,0
/root/workspace/lxs/ADNI/npy/,ADNI_023_S_0926_MR_MPRAGE_br_raw_20091030134816521_1_S75741_I158059.npy,1,0,0,0,0,0,0,0,0,0,,0,0
/root/workspace/lxs/ADNI/npy/,ADNI_062_S_1182_MR_MPRAGE_br_raw_20100225145208176_97_S80466_I166813.npy,0,1,0,1,0,0,0,0,0,0,,1,0
/root/workspace/lxs/ADNI/npy/,ADNI_128_S_0200_MR_REPEAT_SAG_3D_MPRAGE_br_raw_20090617164610121_64_S68825_I146212.npy,0,1,0,1,0,0,0,0,0,0,,1,0
/root/workspace/lxs/ADNI/npy/,ADNI_002_S_0413_MR_MP-RAGE__br_raw_20100519015101491_2_S84763_I173460.npy,1,0,0,0,0,0,0,0,0,0,,0,0
/root/workspace/lxs/ADNI/npy/,ADNI_029_S_1384_MR_MP-RAGE__br_raw_20100429121302223_75_S84065_I172441.npy,0,1,0,1,0,0,0,0,0,0,,1,0
/root/workspace/lxs/ADNI/npy/,00000067_S_6529.npy,0,1,0,1,0,,0,0,0,0,,1,0
/root/workspace/lxs/ADNI/npy/,ADNI_033_S_0513_MR_MP-RAGE__br_raw_20090604122743671_3_S68256_I145405.npy,0,1,0,1,0,0,0,0,0,0,,1,0
/root/workspace/lxs/ADNI/npy/,ADNI_022_S_1394_MR_MPRAGE_Repeat__br_raw_20100628155611992_84_S88282_I180506.npy,0,1,0,1,0,0,0,0,0,0,,1,0
/root/workspace/lxs/ADNI/npy/,ADNI_133_S_0433_MR_MP-RAGE__br_raw_20090526151920500_3_S67669_I144521.npy,1,0,0,0,0,0,0,0,0,0,,0,0
/root/workspace/lxs/ADNI/npy/,ADNI_009_S_1030_MR_MP-RAGE__br_raw_20091109172624017_1_S75993_I158471.npy,0,1,0,1,0,0,0,0,0,0,,1,0
/root/workspace/lxs/ADNI/npy/,ADNI_003_S_1021_MR_MPRAGE_br_raw_20070627175329914_126_S34090_I57886.npy,1,0,0,0,0,0,0,0,0,0,,0,0
/root/workspace/lxs/ADNI/npy/,ADNI_012_S_1292_MR_MPRAGE_AUTOSHIM_ON_br_raw_20080924123949109_86_S56687_I118358.npy,0,1,0,1,0,0,0,0,0,0,,1,0
/root/workspace/lxs/ADNI/npy/,ADNI_941_S_1202_MR_MPRAGE_br_raw_20100316165641848_48_S81149_I167951.npy,1,0,0,0,0,0,0,0,0,0,,0,0
/root/workspace/lxs/ADNI/npy/,ADNI_098_S_0160_MR_MP-RAGE__br_raw_20100222125801469_77_S80336_I166625.npy,0,1,0,1,0,0,0,0,0,0,,1,0
