path,filename,NC,MCI,DE,COG,AD,PD,FTD,VD,DLB,PDD,ADD,ALL,OTHER
/home/huangyunyou/amount_data/new_data/,00000012_S_0803.npy,0,0,1,2,1,0,,0,,0,1,2,
/home/huangyunyou/amount_data/new_data/,00000098_S_0884.npy,0,0,1,2,1,0,,0,,0,1,2,
/home/huangyunyou/amount_data/new_data/,00000116_S_0370.npy,0,0,1,2,1,0,,0,,0,1,2,
/home/huangyunyou/amount_data/new_data/,00000082_S_1079.npy,0,0,1,2,1,0,,0,,0,1,2,
/home/huangyunyou/amount_data/new_data/,00000013_S_0592.npy,0,0,1,2,1,0,,0,,0,1,2,
/home/huangyunyou/amount_data/new_data/,00000099_S_0372.npy,0,0,1,2,1,0,,0,,0,1,2,
/home/huangyunyou/amount_data/new_data/,00000123_S_0094.npy,0,0,1,2,1,0,,0,,0,1,2,
/home/huangyunyou/amount_data/new_data/,00000022_S_0543.npy,0,0,1,2,1,0,,0,,0,1,2,
/home/huangyunyou/amount_data/new_data/,00000137_S_0366.npy,0,0,1,2,1,0,,0,,0,1,2,
/home/huangyunyou/amount_data/new_data/,00000100_S_0747.npy,0,0,1,2,1,0,,0,,0,1,2,
/home/huangyunyou/amount_data/new_data/,00000036_S_0577.npy,0,0,1,2,1,0,,0,,0,1,2,
/home/huangyunyou/amount_data/new_data/,ADNI_100_S_6713_MR_Sagittal_3D_Accelerated_MPRAGE_br_raw_20190418160341621_1_S817034_I1156438.npy,0,0,1,2,1,,,,,,1,2,
/home/huangyunyou/amount_data/new_data/,ADNI_003_S_6264_MR_Accelerated_Sagittal_MPRAGE__raw_20180605145019152_25_S692116_I1005735.npy,0,0,1,2,1,,,,,,1,2,
/home/huangyunyou/amount_data/new_data/,ADNI_027_S_6648_MR_Accelerated_Sagittal_IR-FSPGR__br_raw_20190102215738079_82_S777830_I1108061.npy,0,0,1,2,1,,,,,,1,2,
/home/huangyunyou/amount_data/new_data/,00000094_S_1090.npy,0,0,1,2,1,0,,0,,0,1,2,
/home/huangyunyou/amount_data/new_data/,00000116_S_1083.npy,0,0,1,2,1,0,,0,,0,1,2,
/home/huangyunyou/amount_data/new_data/,00000057_S_1373.npy,0,0,1,2,1,0,,0,,0,1,2,
/home/huangyunyou/amount_data/new_data/,00000010_S_0829.npy,0,0,1,2,1,0,,0,,0,1,2,
/home/huangyunyou/amount_data/new_data/,00000109_S_1192.npy,0,0,1,2,1,0,,0,,0,1,2,
/home/huangyunyou/amount_data/new_data/,00000094_S_1164.npy,0,0,1,2,1,0,,0,,0,1,2,
/home/huangyunyou/amount_data/new_data/,00000094_S_1027.npy,0,0,1,2,1,0,,0,,0,1,2,
/home/huangyunyou/amount_data/new_data/,00000127_S_0844.npy,0,0,1,2,1,0,,0,,0,1,2,
/home/huangyunyou/amount_data/new_data/,00000011_S_0010.npy,0,0,1,2,1,0,,0,,0,1,2,
/home/huangyunyou/amount_data/new_data/,00000036_S_1001.npy,0,0,1,2,1,0,,0,,0,1,2,
/home/huangyunyou/amount_data/new_data/,00000021_S_0343.npy,0,0,1,2,1,0,,0,,0,1,2,
/home/huangyunyou/amount_data/new_data/,00000005_S_0814.npy,0,0,1,2,1,0,,0,,0,1,2,
/home/huangyunyou/amount_data/new_data/,00000013_S_1205.npy,0,0,1,2,1,0,,0,,0,1,2,
/home/huangyunyou/amount_data/new_data/,00000006_S_0653.npy,0,0,1,2,1,0,,0,,0,1,2,
/home/huangyunyou/amount_data/new_data/,00000032_S_1037.npy,0,0,1,2,1,0,,0,,0,1,2,
/home/huangyunyou/amount_data/new_data/,00000099_S_0492.npy,0,0,1,2,1,0,,0,,0,1,2,
/home/huangyunyou/amount_data/new_data/,ADNI_036_S_6179_MR_Accelerated_Sagittal_MPRAGE__br_raw_20180125160841714_167_S653392_I957103.npy,0,0,1,2,1,,,,,,1,2,
/home/huangyunyou/amount_data/new_data/,00000068_S_0109.npy,0,0,1,2,1,0,,0,,0,1,2,
/home/huangyunyou/amount_data/new_data/,00000022_S_0129.npy,0,0,1,2,1,0,,0,,0,1,2,
/home/huangyunyou/amount_data/new_data/,00000021_S_1109.npy,0,0,1,2,1,0,,0,,0,1,2,
/home/huangyunyou/amount_data/new_data/,00000011_S_0003.npy,0,0,1,2,1,0,,0,,0,1,2,
/home/huangyunyou/amount_data/new_data/,00000127_S_1382.npy,0,0,1,2,1,0,,0,,0,1,2,
/home/huangyunyou/amount_data/new_data/,00000116_S_0392.npy,0,0,1,2,1,0,,0,,0,1,2,
/home/huangyunyou/amount_data/new_data/,ADNI_019_S_6573_MR_Sagittal_3D_Accelerated_MPRAGE_br_raw_20180912133227978_29_S726533_I1047733.npy,0,0,1,2,1,,,,,,1,2,
/home/huangyunyou/amount_data/new_data/,ADNI_116_S_6543_MR_Accelerated_Sagittal_MPRAGE__br_raw_20180821112002979_77_S719354_I1038941.npy,0,0,1,2,1,,,,,,1,2,
/home/huangyunyou/amount_data/new_data/,00000130_S_1201.npy,0,0,1,2,1,0,,0,,0,1,2,
/home/huangyunyou/amount_data/new_data/,00000137_S_1041.npy,0,0,1,2,1,0,,0,,0,1,2,
/home/huangyunyou/amount_data/new_data/,00000041_S_1435.npy,0,0,1,2,1,0,,0,,0,1,2,
/home/huangyunyou/amount_data/new_data/,00000131_S_0497.npy,0,0,1,2,1,0,,0,,0,1,2,
/home/huangyunyou/amount_data/new_data/,ADNI_099_S_0090_MR_MPRAGE_br_raw_20090127081626495_98_S62271_I134528.npy,1,0,0,0,0,0,0,0,0,0,,0,0
/home/huangyunyou/amount_data/new_data/,00000067_S_6474.npy,0,1,0,1,0,,0,0,0,0,,1,0
/home/huangyunyou/amount_data/new_data/,ADNI_109_S_1014_MR_MPRAGE_br_raw_20140711144937229_149_S224782_I435190.npy,1,0,0,0,0,0,0,0,0,0,,0,0
/home/huangyunyou/amount_data/new_data/,00000130_S_6329.npy,0,1,0,1,0,,0,0,0,0,,1,0
/home/huangyunyou/amount_data/new_data/,ADNI_036_S_0945_MR_MPRAGE_br_raw_20091116131907972_1_S76478_I159304.npy,0,1,0,1,0,0,0,0,0,0,,1,0
/home/huangyunyou/amount_data/new_data/,ADNI_002_S_2010_MR_MPRAGE_br_raw_20100625000702005_12_S88111_I180310.npy,0,1,0,1,0,,0,0,0,0,,1,0
/home/huangyunyou/amount_data/new_data/,ADNI_099_S_0352_MR_MPRAGE_br_raw_20100428101642014_16_S83899_I172065.npy,1,0,0,0,0,0,0,0,0,0,,0,0
/home/huangyunyou/amount_data/new_data/,ADNI_013_S_1275_MR_MPRAGE_br_raw_20081217122318484_98_S60939_I131152.npy,0,1,0,1,0,0,0,0,0,0,,1,0
/home/huangyunyou/amount_data/new_data/,ADNI_037_S_0150_MR_MP-RAGE__br_raw_20090422142747677_85_S66566_I142324.npy,0,1,0,1,0,0,0,0,0,0,,1,0
/home/huangyunyou/amount_data/new_data/,ADNI_135_S_6473_MR_Accelerated_Sag_IR-FSPGR___br_raw_20180629183546256_28_S700395_I1015812.npy,1,0,0,0,0,,0,0,0,0,,0,0
/home/huangyunyou/amount_data/new_data/,ADNI_130_S_6043_MR_Sagittal_3D_Accelerated_MPRAGE_br_raw_20200805115511270_99_S581424_I871899.npy,1,0,0,0,0,,0,0,0,0,,0,0
/home/huangyunyou/amount_data/new_data/,ADNI_114_S_1106_MR_MP_RAGE_SAGITTAL_br_raw_20100104235110837_98_S77853_I161900.npy,0,1,0,1,0,0,0,0,0,0,,1,0
/home/huangyunyou/amount_data/new_data/,ADNI_031_S_0294_MR_MPRAGE_ASO_br_raw_20090403154141161_1_S65459_I140388.npy,0,1,0,1,0,0,0,0,0,0,,1,0
/home/huangyunyou/amount_data/new_data/,ADNI_052_S_1251_MR_MP-RAGE__br_raw_20100607102001936_15_S86973_I176986.npy,1,0,0,0,0,0,0,0,0,0,,0,0
/home/huangyunyou/amount_data/new_data/,00000003_S_6432.npy,0,1,0,1,0,,0,0,0,0,,1,0
/home/huangyunyou/amount_data/new_data/,ADNI_094_S_6468_MR_Accelerated_Sagittal_MPRAGE__br_raw_20180723114733969_47_S707265_I1024384.npy,1,0,0,0,0,,0,0,0,0,,0,0
/home/huangyunyou/amount_data/new_data/,ADNI_012_S_0637_MR_MPRAGE_AUTOSHIM_ON_br_raw_20090904155022203_1_S73344_I154499.npy,1,0,0,0,0,0,0,0,0,0,,0,0
/home/huangyunyou/amount_data/new_data/,ADNI_014_S_0563_MR_MP-RAGE__br_raw_20090722090845869_35_S70380_I149949.npy,0,1,0,1,0,0,0,0,0,0,,1,0
/home/huangyunyou/amount_data/new_data/,ADNI_177_S_6335_MR_Sagittal_3D_Accelerated_MPRAGE_br_raw_20180509145520966_35_S683880_I995457.npy,1,0,0,0,0,,0,0,0,0,,0,0
/home/huangyunyou/amount_data/new_data/,ADNI_007_S_0344_MR_MP-RAGE__br_raw_20100617151806727_49_S87404_I179132.npy,0,1,0,1,0,0,0,0,0,0,,1,0
/home/huangyunyou/amount_data/new_data/,ADNI_033_S_0923_MR_MP-RAGE__br_raw_20091030130921014_3_S75736_I158052.npy,1,0,0,0,0,0,0,0,0,0,,0,0
/home/huangyunyou/amount_data/new_data/,ADNI_033_S_0922_MR_MP-RAGE__br_raw_20091030125801186_3_S75730_I158043.npy,0,1,0,1,0,0,0,0,0,0,,1,0
/home/huangyunyou/amount_data/new_data/,ADNI_027_S_0408_MR_MP-RAGE__br_raw_20100520143741059_20_S85293_I174215.npy,0,1,0,1,0,0,0,0,0,0,,1,0
/home/huangyunyou/amount_data/new_data/,ADNI_035_S_0156_MR_MPRAGE_br_raw_20100303145740438_78_S80595_I167167.npy,1,0,0,0,0,0,0,0,0,0,,0,0
/home/huangyunyou/amount_data/new_data/,ADNI_053_S_2396_MR_MPRAGE_br_raw_20110728121454125_4_S116651_I247535.npy,0,1,0,1,0,,0,0,0,0,,1,0
/home/huangyunyou/amount_data/new_data/,00000006_S_6243.npy,0,1,0,1,0,,0,0,0,0,,1,0
/home/huangyunyou/amount_data/new_data/,ADNI_037_S_6187_MR_Accelerated_Sagittal_MPRAGE__br_raw_20180314161527123_1_S666905_I973541.npy,1,0,0,0,0,,0,0,0,0,,0,0
/home/huangyunyou/amount_data/new_data/,ADNI_016_S_2031_MR_Accelerated_SAG_IR-SPGR__br_raw_20100812091733936_53_S90395_I190004.npy,0,1,0,1,0,,0,0,0,0,,1,0
/home/huangyunyou/amount_data/new_data/,ADNI_023_S_1126_MR_MPRAGE_br_raw_20090206133757119_1_S62753_I135446.npy,0,1,0,1,0,0,0,0,0,0,,1,0
/home/huangyunyou/amount_data/new_data/,ADNI_094_S_6278_MR_Accelerated_Sagittal_MPRAGE__br_raw_20180525113429934_168_S689530_I1002458.npy,1,0,0,0,0,,0,0,0,0,,0,0
/home/huangyunyou/amount_data/new_data/,ADNI_137_S_0973_MR_MP-RAGE__br_raw_20091204122900951_1_S76919_I160274.npy,0,1,0,1,0,0,0,0,0,0,,1,0
/home/huangyunyou/amount_data/new_data/,ADNI_020_S_6566_MR_Accelerated_Sagittal_MPRAGE__br_raw_20180906133031334_92_S724792_I1045619.npy,1,0,0,0,0,,0,0,0,0,,0,0
/home/huangyunyou/amount_data/new_data/,ADNI_041_S_1412_MR_MPRAGE_br_raw_20080729142019200_97_S54204_I114461.npy,0,1,0,1,0,0,0,0,0,0,,1,0
/home/huangyunyou/amount_data/new_data/,ADNI_129_S_2347_MR_IR-SPGR__br_raw_20110421120149034_166_S104873_I228523.npy,0,1,0,1,0,,0,0,0,0,,1,0
/home/huangyunyou/amount_data/new_data/,ADNI_100_S_6349_MR_Sagittal_3D_Accelerated_MPRAGE_br_raw_20180516153042333_1_S686169_I998328.npy,1,0,0,0,0,,0,0,0,0,,0,0
/home/huangyunyou/amount_data/new_data/,ADNI_041_S_1425_MR_MPRAGE_br_raw_20100820104540768_68_S90928_I191012.npy,0,1,0,1,0,0,0,0,0,0,,1,0
/home/huangyunyou/amount_data/new_data/,ADNI_037_S_6032_MR_Accelerated_Sagittal_MPRAGE__br_raw_20170615155211584_199_S573068_I861838.npy,1,0,0,0,0,,0,0,0,0,,0,0
/home/huangyunyou/amount_data/new_data/,ADNI_041_S_0549_MR_MPRAGE_br_raw_20080306155723424_98_S46691_I95527.npy,0,1,0,1,0,0,0,0,0,0,,1,0
/home/huangyunyou/amount_data/new_data/,ADNI_005_S_0553_MR_MP-RAGE__br_raw_20090915153913369_3_S73699_I155040.npy,1,0,0,0,0,0,0,0,0,0,,0,0
/home/huangyunyou/amount_data/new_data/,ADNI_022_S_0004_MR_MPRAGE_Repeat__br_raw_20081210152756067_138_S60764_I130027.npy,0,1,0,1,0,0,0,0,0,0,,1,0
/home/huangyunyou/amount_data/new_data/,ADNI_033_S_0741_MR_MP-RAGE__br_raw_20100805145235391_105_S90102_I189587.npy,1,0,0,0,0,0,0,0,0,0,,0,0
/home/huangyunyou/amount_data/new_data/,ADNI_022_S_0924_MR_MPRAGE_Repeat__br_raw_20070529092910768_23_S32697_I55337.npy,0,1,0,1,0,0,0,0,0,0,,1,0
/home/huangyunyou/amount_data/new_data/,ADNI_020_S_6185_MR_Accelerated_Sagittal_MPRAGE__br_raw_20180129153016830_28_S654110_I958011.npy,1,0,0,0,0,,0,0,0,0,,0,0
/home/huangyunyou/amount_data/new_data/,ADNI_072_S_2164_MR_MPRAGE_br_raw_20101102143215596_116_S94037_I201268.npy,0,1,0,1,0,,0,0,0,0,,1,0
/home/huangyunyou/amount_data/new_data/,ADNI_341_S_6653_MR_Accelerated_Sagittal_MPRAGE__br_raw_20181219170312748_66_S762890_I1092019.npy,1,0,0,0,0,,0,0,0,0,,0,0
/home/huangyunyou/amount_data/new_data/,00000033_S_6697.npy,0,1,0,1,0,,0,0,0,0,,1,0
/home/huangyunyou/amount_data/new_data/,ADNI_037_S_6115_MR_Accelerated_Sagittal_MPRAGE__br_raw_20171130152758669_207_S639842_I940645.npy,1,0,0,0,0,,0,0,0,0,,0,0
/home/huangyunyou/amount_data/new_data/,ADNI_027_S_0256_MR_MP-RAGE__br_raw_20100416131335123_7_S83373_I171158.npy,0,1,0,1,0,0,0,0,0,0,,1,0
/home/huangyunyou/amount_data/new_data/,ADNI_100_S_0015_MR_ADNI_new___MPRAGE__br_raw_20090429110603896_170_S66778_I142764.npy,1,0,0,0,0,0,0,0,0,0,,0,0
/home/huangyunyou/amount_data/new_data/,ADNI_072_S_2072_MR_MPRAGE_br_raw_20100909142732476_72_S91908_I192465.npy,0,1,0,1,0,,0,0,0,0,,1,0
/home/huangyunyou/amount_data/new_data/,00000012_S_6073.npy,0,1,0,1,0,,0,0,0,0,,1,0
/home/huangyunyou/amount_data/new_data/,ADNI_114_S_6309_MR_Accelerated_Sagittal_MPRAGE__br_raw_20180504142331759_89_S682445_I992776.npy,1,0,0,0,0,,0,0,0,0,,0,0
/home/huangyunyou/amount_data/new_data/,ADNI_053_S_0389_MR_MP-RAGE__br_raw_20140703115537781_165_S224143_I434326.npy,0,1,0,1,0,0,0,0,0,0,,1,0
/home/huangyunyou/amount_data/new_data/,ADNI_099_S_6476_MR_Accelerated_Sag_IR-FSPGR___br_raw_20180727144416461_70_S710062_I1027856.npy,1,0,0,0,0,,0,0,0,0,,0,0
/home/huangyunyou/amount_data/new_data/,ADNI_135_S_6509_MR_Accelerated_Sag_IR-FSPGR___br_raw_20180717080849438_107_S705179_I1021751.npy,1,0,0,0,0,,0,0,0,0,,0,0
/home/huangyunyou/amount_data/new_data/,ADNI_073_S_1357_MR_MPRAGE_br_raw_20070411153150374_63_S29544_I48701.npy,0,1,0,1,0,0,0,0,0,0,,1,0
/home/huangyunyou/amount_data/new_data/,00000130_S_6688.npy,0,1,0,1,0,,0,0,0,0,,1,0
/home/huangyunyou/amount_data/new_data/,ADNI_024_S_6184_MR_Accelerated_Sagittal_MPRAGE__br_raw_20180130170015159_134_S654667_I958727.npy,1,0,0,0,0,,0,0,0,0,,0,0
/home/huangyunyou/amount_data/new_data/,ADNI_022_S_6069_MR_Accelerated_Sagittal_MPRAGE__br_raw_20170825154345956_147_S600948_I895056.npy,1,0,0,0,0,,0,0,0,0,,0,0
/home/huangyunyou/amount_data/new_data/,ADNI_057_S_1265_MR_MPRAGE_br_raw_20090219112019343_98_S63286_I136399.npy,0,1,0,1,0,0,0,0,0,0,,1,0
/home/huangyunyou/amount_data/new_data/,ADNI_130_S_2403_MR_MPRAGE_br_raw_20110930190806278_1_S124245_I259331.npy,0,1,0,1,0,,0,0,0,0,,1,0
/home/huangyunyou/amount_data/new_data/,ADNI_022_S_0130_MR_MPRAGE_Repeat__br_raw_20100329175157772_80_S82532_I169829.npy,1,0,0,0,0,0,0,0,0,0,,0,0
/home/huangyunyou/amount_data/new_data/,ADNI_021_S_2124_MR_Accelerated_Sag_IR-SPGR__br_raw_20101015181056693_26_S93427_I196684.npy,0,1,0,1,0,,0,0,0,0,,1,0
/home/huangyunyou/amount_data/new_data/,ADNI_129_S_6704_MR_Accelerated_Sag_IR-FSPGR___br_raw_20190401061925402_196_S811320_I1149034.npy,1,0,0,0,0,,0,0,0,0,,0,0
/home/huangyunyou/amount_data/new_data/,ADNI_007_S_0041_MR_MP-RAGE__br_raw_20100114150059887_1_S78431_I163651.npy,0,1,0,1,0,0,0,0,0,0,,1,0
/home/huangyunyou/amount_data/new_data/,ADNI_006_S_6234_MR_Sagittal_3D_Accelerated_MPRAGE_br_raw_20180221101230620_100_S660543_I965825.npy,1,0,0,0,0,,0,0,0,0,,0,0
/home/huangyunyou/amount_data/new_data/,ADNI_022_S_1351_MR_MPRAGE_Repeat__br_raw_20100326172827100_72_S82401_I169637.npy,0,1,0,1,0,0,0,0,0,0,,1,0
/home/huangyunyou/amount_data/new_data/,ADNI_128_S_2151_MR_MPRAGE_br_raw_20101117165454936_168_S94934_I205447.npy,0,1,0,1,0,,0,0,0,0,,1,0
/home/huangyunyou/amount_data/new_data/,ADNI_036_S_6316_MR_Accelerated_Sagittal_MPRAGE__br_raw_20180502145613925_170_S681691_I991861.npy,1,0,0,0,0,,0,0,0,0,,0,0
/home/huangyunyou/amount_data/new_data/,ADNI_141_S_1231_MR_MPRAGE_br_raw_20070821160039865_98_S37974_I69477.npy,0,1,0,1,0,0,0,0,0,0,,1,0
/home/huangyunyou/amount_data/new_data/,ADNI_128_S_0522_MR_REPEAT_SAG_3D_MPRAGE_br_raw_20090806134206234_106_S72026_I152574.npy,1,0,0,0,0,0,0,0,0,0,,0,0
/home/huangyunyou/amount_data/new_data/,ADNI_127_S_0394_MR_MP-RAGE__br_raw_20090612101231674_1_S68492_I145752.npy,0,1,0,1,0,0,0,0,0,0,,1,0
/home/huangyunyou/amount_data/new_data/,ADNI_099_S_2205_MR_MPRAGE_br_raw_20101130075326278_111_S95395_I206900.npy,0,1,0,1,0,,0,0,0,0,,1,0
/home/huangyunyou/amount_data/new_data/,ADNI_067_S_0243_MR_MPRAGE_br_raw_20070404152344429_63_S29311_I48177.npy,0,1,0,1,0,0,0,0,0,0,,1,0
/home/huangyunyou/amount_data/new_data/,ADNI_067_S_0176_MR_MPRAGE_br_raw_20090507142053403_97_S67162_I143405.npy,0,1,0,1,0,0,0,0,0,0,,1,0
/home/huangyunyou/amount_data/new_data/,ADNI_027_S_2219_MR_Accelerated_SAG_IR-SPGR__br_raw_20101207162736579_164_S96030_I207835.npy,0,1,0,1,0,,0,0,0,0,,1,0
/home/huangyunyou/amount_data/new_data/,ADNI_029_S_0824_MR_MP-RAGE__br_raw_20091007124340211_4_S74588_I156289.npy,1,0,0,0,0,0,0,0,0,0,,0,0
/home/huangyunyou/amount_data/new_data/,ADNI_035_S_2061_MR_MPRAGE_br_raw_20100914105317493_118_S92098_I192785.npy,0,1,0,1,0,,0,0,0,0,,1,0
/home/huangyunyou/amount_data/new_data/,ADNI_116_S_0657_MR_MP-RAGE__br_raw_20091116102614941_1_S76472_I159297.npy,1,0,0,0,0,0,0,0,0,0,,0,0
/home/huangyunyou/amount_data/new_data/,ADNI_011_S_0023_MR_MPRAGE_br_raw_20100106135916895_1_S77996_I162465.npy,1,0,0,0,0,0,0,0,0,0,,0,0
/home/huangyunyou/amount_data/new_data/,ADNI_012_S_0932_MR_MPRAGE_AUTOSHIM_ON_br_raw_20081022114014640_99_S57757_I122666.npy,0,1,0,1,0,0,0,0,0,0,,1,0
/home/huangyunyou/amount_data/new_data/,ADNI_068_S_0401_MR_ADNI_SH____MPRAGE_ASO__br_raw_20100527162147236_84_S85723_I174816.npy,0,1,0,1,0,0,0,0,0,0,,1,0
/home/huangyunyou/amount_data/new_data/,ADNI_021_S_0984_MR_MP-RAGE__br_raw_20091218112557500_1_S77336_I161155.npy,1,0,0,0,0,0,0,0,0,0,,0,0
/home/huangyunyou/amount_data/new_data/,ADNI_036_S_0869_MR_MPRAGE_br_raw_20091116133831798_1_S76486_I159317.npy,0,1,0,1,0,0,0,0,0,0,,1,0
/home/huangyunyou/amount_data/new_data/,ADNI_014_S_0519_MR_MP-RAGE__br_raw_20090604120929300_128_S68248_I145394.npy,1,0,0,0,0,0,0,0,0,0,,0,0
/home/huangyunyou/amount_data/new_data/,ADNI_094_S_1398_MR_MP-RAGE__br_raw_20081203173350291_1_S60473_I129083.npy,0,1,0,1,0,0,0,0,0,0,,1,0
/home/huangyunyou/amount_data/new_data/,ADNI_007_S_0101_MR_MP-RAGE__br_raw_20100128131558614_99_S79530_I165486.npy,0,1,0,1,0,0,0,0,0,0,,1,0
/home/huangyunyou/amount_data/new_data/,ADNI_012_S_1133_MR_MPRAGE_AUTOSHIM_ON_br_raw_20100513115931514_98_S84880_I173635.npy,1,0,0,0,0,0,0,0,0,0,,0,0
/home/huangyunyou/amount_data/new_data/,ADNI_002_S_0413_MR_MP-RAGE__br_raw_20100519015101491_2_S84763_I173460.npy,1,0,0,0,0,0,0,0,0,0,,0,0
/home/huangyunyou/amount_data/new_data/,ADNI_068_S_0872_MR_ADNI_SH____MPRAGE_ASO__br_raw_20090330162312181_170_S65229_I140074.npy,0,1,0,1,0,0,0,0,0,0,,1,0
/home/huangyunyou/amount_data/new_data/,ADNI_018_S_0369_MR_MPRAGE_br_raw_20090612100627169_1_S68484_I145741.npy,1,0,0,0,0,0,0,0,0,0,,0,0
/home/huangyunyou/amount_data/new_data/,ADNI_109_S_0950_MR_MPRAGE_br_raw_20090408110852270_1_S65779_I140940.npy,0,1,0,1,0,0,0,0,0,0,,1,0
/home/huangyunyou/amount_data/new_data/,ADNI_032_S_0187_MR_MPRAGE_br_raw_20080307165438577_153_S46778_I95921.npy,0,1,0,1,0,0,0,0,0,0,,1,0
/home/huangyunyou/amount_data/new_data/,ADNI_128_S_0500_MR_REPEAT_SAG_3D_MPRAGE_br_raw_20080530151908278_1_S50802_I107853.npy,1,0,0,0,0,0,0,0,0,0,,0,0
/home/huangyunyou/amount_data/new_data/,ADNI_037_S_0539_MR_MP-RAGE__br_raw_20100621133023007_159_S87638_I179703.npy,0,1,0,1,0,0,0,0,0,0,,1,0
/home/huangyunyou/amount_data/new_data/,ADNI_941_S_6495_MR_Accelerated_Sagittal_MPRAGE__br_raw_20180717153659028_113_S705363_I1021968.npy,1,0,0,0,0,,0,0,0,0,,0,0
/home/huangyunyou/amount_data/new_data/,ADNI_002_S_0685_MR_MP-RAGE__br_raw_20090722002738871_1_S70360_I149924.npy,1,0,0,0,0,0,0,0,0,0,,0,0
/home/huangyunyou/amount_data/new_data/,ADNI_128_S_1406_MR_REPEAT_SAG_3D_MP_RAGE__br_raw_20100615143218687_10_S87326_I178294.npy,0,1,0,1,0,0,0,0,0,0,,1,0
/home/huangyunyou/amount_data/new_data/,ADNI_137_S_0301_MR_MP-RAGE__br_raw_20090424083735970_180_S66609_I142514.npy,1,0,0,0,0,0,0,0,0,0,,0,0
/home/huangyunyou/amount_data/new_data/,ADNI_016_S_2007_MR_Accelerated_SAG_IR-SPGR__br_raw_20100624131911280_36_S88072_I180258.npy,0,1,0,1,0,,0,0,0,0,,1,0
/home/huangyunyou/amount_data/new_data/,ADNI_022_S_2263_MR_MPRAGE_br_raw_20110119164955291_140_S97943_I213362.npy,0,1,0,1,0,,0,0,0,0,,1,0
/home/huangyunyou/amount_data/new_data/,ADNI_032_S_6293_MR_Accelerated_Sagittal_MPRAGE__br_raw_20180507124610626_66_S682850_I993285.npy,1,0,0,0,0,,0,0,0,0,,0,0
/home/huangyunyou/amount_data/new_data/,ADNI_141_S_1004_MR_MPRAGE_br_raw_20080512122831644_98_S49916_I105123.npy,0,1,0,1,0,0,0,0,0,0,,1,0
/home/huangyunyou/amount_data/new_data/,ADNI_012_S_1165_MR_MPRAGE_AUTOSHIM_ON_br_raw_20090127110415203_1_S62297_I134558.npy,0,1,0,1,0,0,0,0,0,0,,1,0
/home/huangyunyou/amount_data/new_data/,ADNI_109_S_6218_MR_Accelerated_Sagittal_MPRAGE__br_raw_20180409104711193_158_S674381_I982856.npy,1,0,0,0,0,,0,0,0,0,,0,0
/home/huangyunyou/amount_data/new_data/,ADNI_062_S_1299_MR_MPRAGE_br_raw_20100305105836428_15_S80727_I167349.npy,0,1,0,1,0,0,0,0,0,0,,1,0
/home/huangyunyou/amount_data/new_data/,ADNI_129_S_6621_MR_Accelerated_Sag_IR-FSPGR___br_raw_20181105144927298_103_S744735_I1069951.npy,1,0,0,0,0,,0,0,0,0,,0,0
/home/huangyunyou/amount_data/new_data/,ADNI_136_S_0184_MR_MP-RAGE__br_raw_20090319151648412_166_S64832_I139471.npy,1,0,0,0,0,0,0,0,0,0,,0,0
/home/huangyunyou/amount_data/new_data/,ADNI_007_S_0293_MR_MP-RAGE__br_raw_20090408132049345_39_S65833_I141052.npy,0,1,0,1,0,0,0,0,0,0,,1,0
/home/huangyunyou/amount_data/new_data/,ADNI_082_S_6415_MR_Accelerated_Sagittal_MPRAGE__br_raw_20180803145733248_127_S712632_I1031067.npy,1,0,0,0,0,,0,0,0,0,,0,0
/home/huangyunyou/amount_data/new_data/,ADNI_002_S_2043_MR_MPRAGE_br_raw_20100901071618763_8_S91525_I191821.npy,0,1,0,1,0,,0,0,0,0,,1,0
/home/huangyunyou/amount_data/new_data/,ADNI_067_S_0056_MR_MPRAGE_br_raw_20081209155740172_63_S60709_I129904.npy,1,0,0,0,0,0,0,0,0,0,,0,0
/home/huangyunyou/amount_data/new_data/,ADNI_126_S_1187_MR_MP-RAGE__br_raw_20090210155704737_1_S62846_I135623.npy,0,1,0,1,0,0,0,0,0,0,,1,0
/home/huangyunyou/amount_data/new_data/,ADNI_036_S_0813_MR_MPRAGE_br_raw_20091009152003394_1_S74990_I156877.npy,1,0,0,0,0,0,0,0,0,0,,0,0
/home/huangyunyou/amount_data/new_data/,ADNI_094_S_2367_MR_Accelerated_SAG_IR-SPGR__br_raw_20110428103251902_173_S105433_I229400.npy,0,1,0,1,0,,0,0,0,0,,1,0
/home/huangyunyou/amount_data/new_data/,ADNI_168_S_6318_MR_Accelerated_Sagittal_MPRAGE__br_raw_20180419133538469_150_S678370_I987768.npy,1,0,0,0,0,,0,0,0,0,,0,0
/home/huangyunyou/amount_data/new_data/,ADNI_033_S_0906_MR_MP-RAGE__br_raw_20091002155756458_3_S74386_I155983.npy,0,1,0,1,0,0,0,0,0,0,,1,0
/home/huangyunyou/amount_data/new_data/,ADNI_036_S_0672_MR_MPRAGE_br_raw_20090819183623549_1_S72564_I153389.npy,1,0,0,0,0,0,0,0,0,0,,0,0
/home/huangyunyou/amount_data/new_data/,ADNI_023_S_0855_MR_MPRAGE_br_raw_20080321131531968_1_S47315_I99179.npy,0,1,0,1,0,0,0,0,0,0,,1,0
/home/huangyunyou/amount_data/new_data/,00000168_S_6426.npy,0,1,0,1,0,,0,0,0,0,,1,0
/home/huangyunyou/amount_data/new_data/,ADNI_131_S_6170_MR_Sagittal_3D_Accelerated_MPRAGE_br_raw_20180515082917242_23_S685474_I997517.npy,1,0,0,0,0,,0,0,0,0,,0,0
/home/huangyunyou/amount_data/new_data/,00000007_S_6341.npy,0,1,0,1,0,,0,0,0,0,,1,0
/home/huangyunyou/amount_data/new_data/,ADNI_023_S_6547_MR_Accelerated_Sagittal_MPRAGE__br_raw_20180808125503964_156_S713632_I1032282.npy,1,0,0,0,0,,0,0,0,0,,0,0
/home/huangyunyou/amount_data/new_data/,ADNI_057_S_1007_MR_MPRAGE_br_raw_20091104155413562_63_S75857_I158256.npy,0,1,0,1,0,0,0,0,0,0,,1,0
/home/huangyunyou/amount_data/new_data/,ADNI_035_S_6195_MR_Accelerated_Sagittal_MPRAGE__br_raw_20180208082447527_71_S656970_I961497.npy,1,0,0,0,0,,0,0,0,0,,0,0
/home/huangyunyou/amount_data/new_data/,00000023_S_6356.npy,0,1,0,1,0,,0,0,0,0,,1,0
/home/huangyunyou/amount_data/new_data/,ADNI_072_S_2083_MR_MPRAGE_br_raw_20101217110249464_94_S92127_I192825.npy,0,1,0,1,0,,0,0,0,0,,1,0
/home/huangyunyou/amount_data/new_data/,ADNI_027_S_6317_MR_Accelerated_Sagittal_IR-FSPGR__br_raw_20180513090818081_167_S684809_I996683.npy,1,0,0,0,0,,0,0,0,0,,0,0
/home/huangyunyou/amount_data/new_data/,ADNI_012_S_1009_MR_MPRAGE_AUTOSHIM_ON_br_raw_20081218122505312_1_S60993_I131757.npy,1,0,0,0,0,0,0,0,0,0,,0,0
/home/huangyunyou/amount_data/new_data/,ADNI_041_S_0679_MR_MPRAGE_br_raw_20100811163707317_148_S90365_I189966.npy,0,1,0,1,0,0,0,0,0,0,,1,0
/home/huangyunyou/amount_data/new_data/,00000070_S_6236.npy,0,1,0,1,0,,0,0,0,0,,1,0
/home/huangyunyou/amount_data/new_data/,ADNI_007_S_0070_MR_MP-RAGE__br_raw_20070319160117658_72_S28289_I45146.npy,1,0,0,0,0,0,0,0,0,0,,0,0
/home/huangyunyou/amount_data/new_data/,00000023_S_6535.npy,0,1,0,1,0,,0,0,0,0,,1,0
/home/huangyunyou/amount_data/new_data/,ADNI_067_S_0284_MR_MPRAGE_br_raw_20070503152217400_63_S31676_I53356.npy,0,1,0,1,0,0,0,0,0,0,,1,0
/home/huangyunyou/amount_data/new_data/,ADNI_023_S_6374_MR_Accelerated_Sagittal_MPRAGE__br_raw_20180525155032970_194_S689824_I1002815.npy,1,0,0,0,0,,0,0,0,0,,0,0
/home/huangyunyou/amount_data/new_data/,ADNI_094_S_0531_MR_MP-RAGE__br_raw_20140707165440940_140_S224386_I434637.npy,0,1,0,1,0,0,0,0,0,0,,1,0
/home/huangyunyou/amount_data/new_data/,ADNI_020_S_6358_MR_Accelerated_Sagittal_MPRAGE__br_raw_20180511123047849_202_S684557_I996377.npy,1,0,0,0,0,,0,0,0,0,,0,0
/home/huangyunyou/amount_data/new_data/,ADNI_027_S_2336_MR_Accelerated_SAG_IR-SPGR__br_raw_20110706151501318_181_S102036_I224440.npy,0,1,0,1,0,,0,0,0,0,,1,0
/home/huangyunyou/amount_data/new_data/,ADNI_024_S_2239_MR_MPRAGE_br_raw_20101203151547889_49_S95824_I207520.npy,0,1,0,1,0,,0,0,0,0,,1,0
/home/huangyunyou/amount_data/new_data/,ADNI_037_S_6144_MR_Accelerated_Sagittal_MPRAGE__br_raw_20171212131233892_191_S643094_I944650.npy,1,0,0,0,0,,0,0,0,0,,0,0
/home/huangyunyou/amount_data/new_data/,ADNI_018_S_2180_MR_MPRAGE_br_raw_20101209104657021_13_S96133_I207992.npy,0,1,0,1,0,,0,0,0,0,,1,0
/home/huangyunyou/amount_data/new_data/,ADNI_082_S_6283_MR_Accelerated_Sagittal_MPRAGE__br_raw_20180503140755841_123_S682049_I992286.npy,1,0,0,0,0,,0,0,0,0,,0,0
/home/huangyunyou/amount_data/new_data/,ADNI_007_S_0128_MR_MP-RAGE__br_raw_20100224153832852_3_S80424_I166756.npy,0,1,0,1,0,0,0,0,0,0,,1,0
/home/huangyunyou/amount_data/new_data/,ADNI_100_S_6493_MR_Sagittal_3D_Accelerated_MPRAGE_br_raw_20180920153713502_1_S728849_I1050518.npy,1,0,0,0,0,,0,0,0,0,,0,0
/home/huangyunyou/amount_data/new_data/,ADNI_007_S_2394_MR_Accelerated_SAG_IR-SPGR__br_raw_20110707151358041_167_S113964_I243788.npy,0,1,0,1,0,,0,0,0,0,,1,0
/home/huangyunyou/amount_data/new_data/,ADNI_009_S_1199_MR_MP_RAGE__br_raw_20070117144037432_1_S25148_I36373.npy,0,1,0,1,0,0,0,0,0,0,,1,0
/home/huangyunyou/amount_data/new_data/,ADNI_131_S_0319_MR_MP-RAGE__br_raw_20061020133306821_1_S20477_I26800.npy,1,0,0,0,0,0,0,0,0,0,,0,0
/home/huangyunyou/amount_data/new_data/,00000070_S_6229.npy,0,1,0,1,0,,0,0,0,0,,1,0
/home/huangyunyou/amount_data/new_data/,ADNI_128_S_0229_MR_REPEAT_SAG_3D_MPRAGE_br_raw_20090828225158380_25_S72906_I153935.npy,1,0,0,0,0,0,0,0,0,0,,0,0
/home/huangyunyou/amount_data/new_data/,ADNI_137_S_0686_MR_MP-RAGE__br_raw_20090729120701607_1_S70994_I150903.npy,1,0,0,0,0,0,0,0,0,0,,0,0
/home/huangyunyou/amount_data/new_data/,ADNI_121_S_1322_MR_ASO-MPRAGE_br_raw_20080410111313934_1_S48586_I101901.npy,0,1,0,1,0,0,0,0,0,0,,1,0
/home/huangyunyou/amount_data/new_data/,ADNI_021_S_0273_MR_MP-RAGE__br_raw_20090407130146093_159_S65681_I140702.npy,0,1,0,1,0,0,0,0,0,0,,1,0
/home/huangyunyou/amount_data/new_data/,ADNI_068_S_2316_MR_MPRAGE_br_raw_20110315125940528_129_S101627_I223878.npy,0,1,0,1,0,,0,0,0,0,,1,0
/home/huangyunyou/amount_data/new_data/,ADNI_062_S_0578_MR_MPRAGE_br_raw_20080612144430260_98_S51518_I109368.npy,1,0,0,0,0,0,0,0,0,0,,0,0
/home/huangyunyou/amount_data/new_data/,ADNI_029_S_1215_MR_MP-RAGE__br_raw_20090205180021212_145_S62685_I135349.npy,0,1,0,1,0,0,0,0,0,0,,1,0
/home/huangyunyou/amount_data/new_data/,ADNI_035_S_6488_MR_Accelerated_Sagittal_MPRAGE__br_raw_20200831121755734_66_S703137_I1019265.npy,1,0,0,0,0,,0,0,0,0,,0,0
/home/huangyunyou/amount_data/new_data/,ADNI_031_S_0821_MR_MP-RAGE__br_raw_20070412164217500_1_S29602_I48836.npy,0,1,0,1,0,0,0,0,0,0,,1,0
/home/huangyunyou/amount_data/new_data/,ADNI_136_S_0196_MR_MP-RAGE__br_raw_20090428174227572_1_S66746_I142725.npy,1,0,0,0,0,0,0,0,0,0,,0,0
/home/huangyunyou/amount_data/new_data/,ADNI_141_S_1244_MR_MPRAGE_br_raw_20070910140533574_98_S39057_I72090.npy,0,1,0,1,0,0,0,0,0,0,,1,0
/home/huangyunyou/amount_data/new_data/,00000099_S_6632.npy,0,1,0,1,0,,0,0,0,0,,1,0
/home/huangyunyou/amount_data/new_data/,ADNI_133_S_0433_MR_MP-RAGE__br_raw_20090526151920500_3_S67669_I144521.npy,1,0,0,0,0,0,0,0,0,0,,0,0
/home/huangyunyou/amount_data/new_data/,ADNI_018_S_0155_MR_MPRAGE_br_raw_20090323120742442_98_S64906_I139592.npy,0,1,0,1,0,0,0,0,0,0,,1,0
/home/huangyunyou/amount_data/new_data/,ADNI_067_S_0177_MR_MPRAGE_br_raw_20080509082349501_97_S49802_I104937.npy,1,0,0,0,0,0,0,0,0,0,,0,0
/home/huangyunyou/amount_data/new_data/,ADNI_012_S_0634_MR_MPRAGE_AUTOSHIM_ON_br_raw_20090729130633281_1_S71018_I150935.npy,0,1,0,1,0,0,0,0,0,0,,1,0
/home/huangyunyou/amount_data/new_data/,ADNI_941_S_1311_MR_MPRAGE_br_raw_20090401085329735_98_S65346_I140246.npy,0,1,0,1,0,0,0,0,0,0,,1,0
/home/huangyunyou/amount_data/new_data/,ADNI_941_S_6546_MR_Accelerated_Sagittal_MPRAGE__br_raw_20180814084158709_26_S715829_I1034852.npy,1,0,0,0,0,,0,0,0,0,,0,0
/home/huangyunyou/amount_data/new_data/,ADNI_023_S_0376_MR_MPRAGE_br_raw_20090501141424526_1_S66972_I143043.npy,0,1,0,1,0,0,0,0,0,0,,1,0
/home/huangyunyou/amount_data/new_data/,ADNI_094_S_0711_MR_MP-RAGE__br_raw_20090828142342012_2_S72888_I153913.npy,1,0,0,0,0,0,0,0,0,0,,0,0
/home/huangyunyou/amount_data/new_data/,00000006_S_6610.npy,0,1,0,1,0,,0,0,0,0,,1,0
/home/huangyunyou/amount_data/new_data/,ADNI_002_S_6066_MR_Accelerated_Sagittal_MPRAGE__br_raw_20170818100637186_173_S598526_I892212.npy,1,0,0,0,0,,0,0,0,0,,0,0
/home/huangyunyou/amount_data/new_data/,ADNI_007_S_0698_MR_MP-RAGE__br_raw_20090903113520890_22_S73014_I154112.npy,0,1,0,1,0,0,0,0,0,0,,1,0
/home/huangyunyou/amount_data/new_data/,ADNI_023_S_1306_MR_MPRAGE_br_raw_20070216110116671_1_S26604_I40549.npy,1,0,0,0,0,0,0,0,0,0,,0,0
/home/huangyunyou/amount_data/new_data/,ADNI_041_S_0446_MR_MPRAGE_br_raw_20070605103340828_98_S33006_I55872.npy,0,1,0,1,0,0,0,0,0,0,,1,0
/home/huangyunyou/amount_data/new_data/,ADNI_011_S_6367_MR_Accelerated_Sagittal_MPRAGE__br_raw_20180516154045102_26_S686265_I998447.npy,1,0,0,0,0,,0,0,0,0,,0,0
/home/huangyunyou/amount_data/new_data/,ADNI_007_S_0249_MR_MP-RAGE__br_raw_20100415135542634_1_S83342_I171031.npy,0,1,0,1,0,0,0,0,0,0,,1,0
/home/huangyunyou/amount_data/new_data/,ADNI_094_S_1015_MR_MP-RAGE__br_raw_20070525113230978_1_S32639_I55205.npy,0,1,0,1,0,0,0,0,0,0,,1,0
/home/huangyunyou/amount_data/new_data/,ADNI_126_S_0506_MR_MP-RAGE_REPEAT_br_raw_20060620103342790_1_S15652_I17185.npy,1,0,0,0,0,0,0,0,0,0,,0,0
/home/huangyunyou/amount_data/new_data/,ADNI_072_S_2116_MR_MPRAGE_br_raw_20101027115226149_78_S93781_I199331.npy,0,1,0,1,0,,0,0,0,0,,1,0
/home/huangyunyou/amount_data/new_data/,ADNI_109_S_6213_MR_Accelerated_Sagittal_MPRAGE__br_raw_20180305161732498_76_S663821_I969812.npy,1,0,0,0,0,,0,0,0,0,,0,0
/home/huangyunyou/amount_data/new_data/,ADNI_021_S_0424_MR_MP-RAGE__br_raw_20100507140929046_143_S84608_I173258.npy,0,1,0,1,0,0,0,0,0,0,,1,0
/home/huangyunyou/amount_data/new_data/,ADNI_002_S_6103_MR_Accelerated_Sagittal_MPRAGE__br_raw_20171128103506080_137_S638316_I938767.npy,1,0,0,0,0,,0,0,0,0,,0,0
/home/huangyunyou/amount_data/new_data/,ADNI_002_S_1155_MR_MP-RAGE__br_raw_20100107182649672_1_S78071_I162750.npy,0,1,0,1,0,0,0,0,0,0,,1,0
/home/huangyunyou/amount_data/new_data/,ADNI_127_S_0112_MR_MP-RAGE__br_raw_20100129121725717_25_S79553_I165521.npy,0,1,0,1,0,0,0,0,0,0,,1,0
/home/huangyunyou/amount_data/new_data/,ADNI_116_S_6133_MR_Accelerated_Sagittal_MPRAGE__br_raw_20171214075016597_99_S643892_I945601.npy,1,0,0,0,0,,0,0,0,0,,0,0
/home/huangyunyou/amount_data/new_data/,00000168_S_6591.npy,0,1,0,1,0,,0,0,0,0,,1,0
/home/huangyunyou/amount_data/new_data/,00000135_S_6622.npy,0,1,0,1,0,,0,0,0,0,,1,0
/home/huangyunyou/amount_data/new_data/,ADNI_126_S_0405_MR_MP-RAGE__br_raw_20070105150435842_1_S24764_I35355.npy,1,0,0,0,0,0,0,0,0,0,,0,0
/home/huangyunyou/amount_data/new_data/,ADNI_018_S_0425_MR_MPRAGE_br_raw_20080609143445634_86_S51224_I108829.npy,1,0,0,0,0,0,0,0,0,0,,0,0
/home/huangyunyou/amount_data/new_data/,ADNI_057_S_1269_MR_MPRAGE_br_raw_20110328175718779_150_S102494_I225101.npy,0,1,0,1,0,0,0,0,0,0,,1,0
/home/huangyunyou/amount_data/new_data/,ADNI_100_S_6578_MR_Sagittal_3D_Accelerated_MPRAGE_br_raw_20180927134629717_1_S730670_I1052843.npy,1,0,0,0,0,,0,0,0,0,,0,0
/home/huangyunyou/amount_data/new_data/,00000067_S_6529.npy,0,1,0,1,0,,0,0,0,0,,1,0
/home/huangyunyou/amount_data/new_data/,ADNI_116_S_0382_MR_MP-RAGE__br_raw_20100818142245047_171_S90790_I190823.npy,1,0,0,0,0,0,0,0,0,0,,0,0
/home/huangyunyou/amount_data/new_data/,00000013_S_6206.npy,0,1,0,1,0,,0,0,0,0,,1,0
/home/huangyunyou/amount_data/new_data/,ADNI_024_S_0985_MR_MP-RAGE__br_raw_20091201122154309_1_S76830_I159930.npy,1,0,0,0,0,0,0,0,0,0,,0,0
/home/huangyunyou/amount_data/new_data/,ADNI_082_S_1119_MR_MPRAGE_br_raw_20080903125833987_75_S56158_I117374.npy,0,1,0,1,0,0,0,0,0,0,,1,0
/home/huangyunyou/amount_data/new_data/,ADNI_068_S_2315_MR_MPRAGE_br_raw_20110310155738758_145_S101425_I223575.npy,0,1,0,1,0,,0,0,0,0,,1,0
/home/huangyunyou/amount_data/new_data/,ADNI_127_S_6436_MR_Accelerated_Sagittal_IR-FSPGR__br_raw_20180719121014413_88_S704955_I1021434.npy,1,0,0,0,0,,0,0,0,0,,0,0
/home/huangyunyou/amount_data/new_data/,00000114_S_6597.npy,0,1,0,1,0,,0,0,0,0,,1,0
/home/huangyunyou/amount_data/new_data/,ADNI_022_S_0096_MR_MPRAGE_Repeat__br_raw_20100301165839066_89_S80512_I167049.npy,1,0,0,0,0,0,0,0,0,0,,0,0
/home/huangyunyou/amount_data/new_data/,ADNI_067_S_6528_MR_Accelerated_Sagittal_MPRAGE__br_raw_20180809170853206_27_S714456_I1033265.npy,1,0,0,0,0,,0,0,0,0,,0,0
/home/huangyunyou/amount_data/new_data/,ADNI_035_S_2074_MR_MPRAGE_br_raw_20101123103549001_86_S95156_I206273.npy,0,1,0,1,0,,0,0,0,0,,1,0
/home/huangyunyou/amount_data/new_data/,ADNI_126_S_1077_MR_MP-RAGE__br_raw_20091215133642733_1_S77219_I160965.npy,0,1,0,1,0,0,0,0,0,0,,1,0
/home/huangyunyou/amount_data/new_data/,ADNI_114_S_6462_MR_Accelerated_Sagittal_MPRAGE__br_raw_20181015171141247_55_S736402_I1060030.npy,1,0,0,0,0,,0,0,0,0,,0,0
/home/huangyunyou/amount_data/new_data/,00000006_S_6677.npy,0,1,0,1,0,,0,0,0,0,,1,0
/home/huangyunyou/amount_data/new_data/,ADNI_094_S_2216_MR_Accelerated_SAG_IR-SPGR__br_raw_20110209085905137_131_S99223_I216309.npy,0,1,0,1,0,,0,0,0,0,,1,0
/home/huangyunyou/amount_data/new_data/,ADNI_027_S_6582_MR_Accelerated_Sagittal_IR-FSPGR__br_raw_20181009185624477_130_S734730_I1057804.npy,1,0,0,0,0,,0,0,0,0,,0,0
/home/huangyunyou/amount_data/new_data/,ADNI_032_S_2119_MR_MPRAGE_br_raw_20101006081511184_49_S92974_I194936.npy,0,1,0,1,0,,0,0,0,0,,1,0
/home/huangyunyou/amount_data/new_data/,ADNI_033_S_1116_MR_MP-RAGE__br_raw_20080624150814726_3_S52062_I110516.npy,0,1,0,1,0,0,0,0,0,0,,1,0
/home/huangyunyou/amount_data/new_data/,00000135_S_6586.npy,0,1,0,1,0,,0,0,0,0,,1,0
/home/huangyunyou/amount_data/new_data/,ADNI_109_S_6405_MR_Accelerated_Sagittal_MPRAGE__br_raw_20180728010212074_81_S710195_I1028011.npy,1,0,0,0,0,,0,0,0,0,,0,0
/home/huangyunyou/amount_data/new_data/,ADNI_941_S_1197_MR_MPRAGE_br_raw_20090226084655469_98_S63622_I137077.npy,1,0,0,0,0,0,0,0,0,0,,0,0
/home/huangyunyou/amount_data/new_data/,ADNI_052_S_0989_MR_MP-RAGE__br_raw_20100222164034890_11_S80362_I166662.npy,0,1,0,1,0,0,0,0,0,0,,1,0
/home/huangyunyou/amount_data/new_data/,ADNI_007_S_6521_MR_Accelerated_Sagittal_MPRAGE__br_raw_20180731084715869_135_S711016_I1029013.npy,1,0,0,0,0,,0,0,0,0,,0,0
/home/huangyunyou/amount_data/new_data/,00000109_S_6221.npy,0,1,0,1,0,,0,0,0,0,,1,0
/home/huangyunyou/amount_data/new_data/,ADNI_012_S_1033_MR_MPRAGE_AUTOSHIM_ON_br_raw_20071205164456781_1_S43384_I84221.npy,0,1,0,1,0,0,0,0,0,0,,1,0
/home/huangyunyou/amount_data/new_data/,ADNI_006_S_0498_MR_MP-RAGE__br_raw_20081003112059406_1_S56950_I119098.npy,1,0,0,0,0,0,0,0,0,0,,0,0
/home/huangyunyou/amount_data/new_data/,00000019_S_6668.npy,0,1,0,1,0,,0,0,0,0,,1,0
/home/huangyunyou/amount_data/new_data/,ADNI_099_S_0533_MR_MPRAGE_br_raw_20090618104123421_98_S68859_I146272.npy,1,0,0,0,0,0,0,0,0,0,,0,0
/home/huangyunyou/amount_data/new_data/,00000116_S_6550.npy,0,1,0,1,0,,0,0,0,0,,1,0
/home/huangyunyou/amount_data/new_data/,ADNI_020_S_0097_MR_MPRAGE_br_raw_20080416211219312_1_S48834_I102943.npy,1,0,0,0,0,0,0,0,0,0,,0,0
/home/huangyunyou/amount_data/new_data/,ADNI_141_S_6116_MR_Accelerated_Sagittal_MPRAGE__br_raw_20190102161901176_24_S635865_I935952.npy,1,0,0,0,0,,0,0,0,0,,0,0
/home/huangyunyou/amount_data/new_data/,ADNI_130_S_2391_MR_MPRAGE_br_raw_20110622150146462_1_S112324_I241322.npy,0,1,0,1,0,,0,0,0,0,,1,0
/home/huangyunyou/amount_data/new_data/,ADNI_941_S_6496_MR_Accelerated_Sagittal_MPRAGE__br_raw_20180717164009014_136_S705437_I1022057.npy,1,0,0,0,0,,0,0,0,0,,0,0
/home/huangyunyou/amount_data/new_data/,00000032_S_0400.npy,0,0,1,2,1,0,,0,,0,1,2,
/home/huangyunyou/amount_data/new_data/,ADNI_032_S_6600_MR_Accelerated_Sagittal_MPRAGE__br_raw_20181019125457091_63_S737783_I1061844.npy,0,0,1,2,1,,,,,,1,2,
/home/huangyunyou/amount_data/new_data/,00000094_S_1397.npy,0,0,1,2,1,0,,0,,0,1,2,
/home/huangyunyou/amount_data/new_data/,00000128_S_1409.npy,0,0,1,2,1,0,,0,,0,1,2,
/home/huangyunyou/amount_data/new_data/,00000023_S_0083.npy,0,0,1,2,1,0,,0,,0,1,2,
/home/huangyunyou/amount_data/new_data/,00000018_S_0682.npy,0,0,1,2,1,0,,0,,0,1,2,
/home/huangyunyou/amount_data/new_data/,00000123_S_0088.npy,0,0,1,2,1,0,,0,,0,1,2,
/home/huangyunyou/amount_data/new_data/,00000023_S_0084.npy,0,0,1,2,1,0,,0,,0,1,2,
/home/huangyunyou/amount_data/new_data/,00000131_S_0457.npy,0,0,1,2,1,0,,0,,0,1,2,
/home/huangyunyou/amount_data/new_data/,00000133_S_1170.npy,0,0,1,2,1,0,,0,,0,1,2,
/home/huangyunyou/amount_data/new_data/,00000009_S_1354.npy,0,0,1,2,1,0,,0,,0,1,2,
/home/huangyunyou/amount_data/new_data/,00000036_S_0759.npy,0,0,1,2,1,0,,0,,0,1,2,
/home/huangyunyou/amount_data/new_data/,00000136_S_0194.npy,0,0,1,2,1,0,,0,,0,1,2,
/home/huangyunyou/amount_data/new_data/,00000011_S_0183.npy,0,0,1,2,1,0,,0,,0,1,2,
/home/huangyunyou/amount_data/new_data/,ADNI_100_S_1154_MR_ASO-MPRAGE_br_raw_20070910151119596_86_S39070_I72121.npy,0,0,1,2,1,0,,0,,0,1,2,
/home/huangyunyou/amount_data/new_data/,00000126_S_0784.npy,0,0,1,2,1,0,,0,,0,1,2,
/home/huangyunyou/amount_data/new_data/,00000082_S_1377.npy,0,0,1,2,1,0,,0,,0,1,2,
/home/huangyunyou/amount_data/new_data/,00000029_S_0836.npy,0,0,1,2,1,0,,0,,0,1,2,
/home/huangyunyou/amount_data/new_data/,00000094_S_1402.npy,0,0,1,2,1,0,,0,,0,1,2,
/home/huangyunyou/amount_data/new_data/,00000023_S_1289.npy,0,0,1,2,1,0,,0,,0,1,2,
/home/huangyunyou/amount_data/new_data/,00000006_S_0547.npy,0,0,1,2,1,0,,0,,0,1,2,
/home/huangyunyou/amount_data/new_data/,00000024_S_1307.npy,0,0,1,2,1,0,,0,,0,1,2,
/home/huangyunyou/amount_data/new_data/,ADNI_021_S_0332_MR_MP-RAGE__br_raw_20070426100649940_150_S30699_I51177.npy,0,0,1,2,1,0,,0,,0,1,2,
/home/huangyunyou/amount_data/new_data/,00000067_S_0828.npy,0,0,1,2,1,0,,0,,0,1,2,
/home/huangyunyou/amount_data/new_data/,00000033_S_0889.npy,0,0,1,2,1,0,,0,,0,1,2,
/home/huangyunyou/amount_data/new_data/,00000033_S_1283.npy,0,0,1,2,1,0,,0,,0,1,2,
/home/huangyunyou/amount_data/new_data/,00000005_S_1341.npy,0,0,1,2,1,0,,0,,0,1,2,
/home/huangyunyou/amount_data/new_data/,00000062_S_0793.npy,0,0,1,2,1,0,,0,,0,1,2,
/home/huangyunyou/amount_data/new_data/,00000041_S_1391.npy,0,0,1,2,1,0,,0,,0,1,2,
/home/huangyunyou/amount_data/new_data/,00000014_S_1095.npy,0,0,1,2,1,0,,0,,0,1,2,
/home/huangyunyou/amount_data/new_data/,00000141_S_0853.npy,0,0,1,2,1,0,,0,,0,1,2,
/home/huangyunyou/amount_data/new_data/,00000033_S_1281.npy,0,0,1,2,1,0,,0,,0,1,2,
/home/huangyunyou/amount_data/new_data/,00000033_S_0733.npy,0,0,1,2,1,0,,0,,0,1,2,
/home/huangyunyou/amount_data/new_data/,ADNI_100_S_0190_MR_ADNI_new___MPRAGE__br_raw_20080514133206176_86_S50085_I105552.npy,0,0,1,2,1,0,,0,,0,1,2,
/home/huangyunyou/amount_data/new_data/,00000123_S_0162.npy,0,0,1,2,1,0,,0,,0,1,2,
/home/huangyunyou/amount_data/new_data/,ADNI_100_S_0995_MR_ASO-MPRAGE_br_raw_20091204191738474_1_S76951_I160323.npy,0,0,1,2,1,0,,0,,0,1,2,
/home/huangyunyou/amount_data/new_data/,00000057_S_1379.npy,0,0,1,2,1,0,,0,,0,1,2,
/home/huangyunyou/amount_data/new_data/,00000007_S_0316.npy,0,0,1,2,1,0,,0,,0,1,2,
/home/huangyunyou/amount_data/new_data/,00000018_S_0335.npy,0,0,1,2,1,0,,0,,0,1,2,
/home/huangyunyou/amount_data/new_data/,00000013_S_0996.npy,0,0,1,2,1,0,,0,,0,1,2,
/home/huangyunyou/amount_data/new_data/,00000062_S_0730.npy,0,0,1,2,1,0,,0,,0,1,2,
/home/huangyunyou/amount_data/new_data/,00000023_S_0139.npy,0,0,1,2,1,0,,0,,0,1,2,
/home/huangyunyou/amount_data/new_data/,00000031_S_1209.npy,0,0,1,2,1,0,,0,,0,1,2,
/home/huangyunyou/amount_data/new_data/,ADNI_027_S_0116_MR_MP-RAGE__br_raw_20100222072847184_13_S80256_I166484.npy,0,1,0,1,0,0,0,0,0,0,,1,0
/home/huangyunyou/amount_data/new_data/,ADNI_141_S_6423_MR_Accelerated_Sagittal_MPRAGE__br_raw_20180709135648632_27_S702418_I1018387.npy,1,0,0,0,0,,0,0,0,0,,0,0
/home/huangyunyou/amount_data/new_data/,ADNI_018_S_2133_MR_MPRAGE_br_raw_20101025161338150_15_S93680_I199195.npy,0,1,0,1,0,,0,0,0,0,,1,0
/home/huangyunyou/amount_data/new_data/,ADNI_037_S_0327_MR_MP-RAGE__br_raw_20090625113449682_86_S69175_I146725.npy,1,0,0,0,0,0,0,0,0,0,,0,0
/home/huangyunyou/amount_data/new_data/,ADNI_036_S_0673_MR_MPRAGE_br_raw_20090819190339829_1_S72572_I153398.npy,0,1,0,1,0,0,0,0,0,0,,1,0
/home/huangyunyou/amount_data/new_data/,ADNI_005_S_0448_MR_MP-RAGE__br_raw_20080602121459558_3_S50865_I108088.npy,0,1,0,1,0,0,0,0,0,0,,1,0
/home/huangyunyou/amount_data/new_data/,ADNI_022_S_1394_MR_MPRAGE_Repeat__br_raw_20100628155611992_84_S88282_I180506.npy,0,1,0,1,0,0,0,0,0,0,,1,0
/home/huangyunyou/amount_data/new_data/,ADNI_007_S_6455_MR_Accelerated_Sagittal_MPRAGE__br_raw_20180619184615203_54_S697272_I1011962.npy,1,0,0,0,0,,0,0,0,0,,0,0
/home/huangyunyou/amount_data/new_data/,ADNI_057_S_1217_MR_MPRAGE_br_raw_20110328190038962_58_S102502_I225113.npy,0,1,0,1,0,0,0,0,0,0,,1,0
/home/huangyunyou/amount_data/new_data/,ADNI_114_S_6251_MR_Accelerated_Sagittal_MPRAGE__br_raw_20180404091907362_104_S672827_I980928.npy,1,0,0,0,0,,0,0,0,0,,0,0
/home/huangyunyou/amount_data/new_data/,ADNI_305_S_6313_MR_Sagittal_3D_Accelerated_MPRAGE_br_raw_20180412114405316_1_S675934_I984775.npy,1,0,0,0,0,,0,0,0,0,,0,0
/home/huangyunyou/amount_data/new_data/,00000109_S_6300.npy,0,1,0,1,0,,0,0,0,0,,1,0
/home/huangyunyou/amount_data/new_data/,ADNI_027_S_0417_MR_MP-RAGE__br_raw_20070525133630649_1_S32649_I55220.npy,0,1,0,1,0,0,0,0,0,0,,1,0
/home/huangyunyou/amount_data/new_data/,ADNI_168_S_6131_MR_Accelerated_Sagittal_MPRAGE__br_raw_20180108144803578_185_S648469_I951181.npy,1,0,0,0,0,,0,0,0,0,,0,0
/home/huangyunyou/amount_data/new_data/,ADNI_128_S_0225_MR_REPEAT_SAG_3D_MPRAGE_br_raw_20090826170330731_127_S72784_I153744.npy,0,1,0,1,0,0,0,0,0,0,,1,0
/home/huangyunyou/amount_data/new_data/,ADNI_116_S_0648_MR_MP-RAGE__br_raw_20090812141555032_1_S72302_I152986.npy,1,0,0,0,0,0,0,0,0,0,,0,0
/home/huangyunyou/amount_data/new_data/,ADNI_099_S_0040_MR_MPRAGE_br_raw_20081203162323293_138_S60497_I129120.npy,1,0,0,0,0,0,0,0,0,0,,0,0
/home/huangyunyou/amount_data/new_data/,00000135_S_6703.npy,0,1,0,1,0,,0,0,0,0,,1,0
/home/huangyunyou/amount_data/new_data/,ADNI_032_S_0095_MR____________MPRAGE__br_raw_20070308165945041_1_S27719_I43257.npy,1,0,0,0,0,0,0,0,0,0,,0,0
/home/huangyunyou/amount_data/new_data/,ADNI_941_S_1295_MR_MPRAGE_br_raw_20080821152339620_98_S55619_I116538.npy,0,1,0,1,0,0,0,0,0,0,,1,0
/home/huangyunyou/amount_data/new_data/,ADNI_136_S_0086_MR_MP-RAGE__br_raw_20100621171540437_128_S87689_I179768.npy,1,0,0,0,0,0,0,0,0,0,,0,0
/home/huangyunyou/amount_data/new_data/,ADNI_052_S_0952_MR_MP-RAGE__br_raw_20091211101201859_23_S77172_I160763.npy,0,1,0,1,0,0,0,0,0,0,,1,0
/home/huangyunyou/amount_data/new_data/,ADNI_073_S_2264_MR_MPRAGE_br_raw_20110203172415936_109_S98879_I215757.npy,0,1,0,1,0,,0,0,0,0,,1,0
/home/huangyunyou/amount_data/new_data/,ADNI_133_S_0771_MR_MP-RAGE__br_raw_20081007085625671_3_S57011_I119362.npy,0,1,0,1,0,0,0,0,0,0,,1,0
/home/huangyunyou/amount_data/new_data/,ADNI_082_S_6629_MR_Accelerated_Sagittal_MPRAGE__br_raw_20181129161055110_49_S752867_I1079630.npy,1,0,0,0,0,,0,0,0,0,,0,0
/home/huangyunyou/amount_data/new_data/,ADNI_029_S_1318_MR_MP-RAGE__br_raw_20100512110204730_3_S84805_I173527.npy,0,1,0,1,0,0,0,0,0,0,,1,0
/home/huangyunyou/amount_data/new_data/,ADNI_136_S_0579_MR_MP-RAGE__br_raw_20080819103355767_1_S55496_I116329.npy,0,1,0,1,0,0,0,0,0,0,,1,0
/home/huangyunyou/amount_data/new_data/,ADNI_011_S_0016_MR_MPRAGE_br_raw_20081021085030928_1_S57702_I122503.npy,1,0,0,0,0,0,0,0,0,0,,0,0
/home/huangyunyou/amount_data/new_data/,ADNI_168_S_6085_MR_Accelerated_Sagittal_MPRAGE__br_raw_20171012122959386_71_S619077_I916399.npy,1,0,0,0,0,,0,0,0,0,,0,0
/home/huangyunyou/amount_data/new_data/,ADNI_136_S_0874_MR_MP-RAGE__br_raw_20100115165810210_1_S78652_I164047.npy,0,1,0,1,0,0,0,0,0,0,,1,0
/home/huangyunyou/amount_data/new_data/,ADNI_128_S_0947_MR_REPEAT_SAG_3D_MPRAGE_br_raw_20080424102545171_1_S49223_I103801.npy,0,1,0,1,0,0,0,0,0,0,,1,0
/home/huangyunyou/amount_data/new_data/,ADNI_013_S_0240_MR_MPRAGE_br_raw_20080425155515406_98_S49343_I104048.npy,0,1,0,1,0,0,0,0,0,0,,1,0
/home/huangyunyou/amount_data/new_data/,ADNI_041_S_6314_MR_Accelerated_Sagittal_MPRAGE__br_raw_20180424162042951_175_S679478_I989129.npy,1,0,0,0,0,,0,0,0,0,,0,0
/home/huangyunyou/amount_data/new_data/,ADNI_027_S_0118_MR_MP-RAGE__br_raw_20100215155250741_1_S80112_I166285.npy,1,0,0,0,0,0,0,0,0,0,,0,0
/home/huangyunyou/amount_data/new_data/,ADNI_013_S_2389_MR_MPRAGE_br_raw_20110624150420867_166_S112355_I241411.npy,0,1,0,1,0,,0,0,0,0,,1,0
/home/huangyunyou/amount_data/new_data/,ADNI_041_S_1418_MR_MPRAGE_br_raw_20100820103421021_14_S90916_I190995.npy,0,1,0,1,0,0,0,0,0,0,,1,0
/home/huangyunyou/amount_data/new_data/,ADNI_137_S_0459_MR_MP-RAGE__br_raw_20090505141502501_1_S67053_I143203.npy,1,0,0,0,0,0,0,0,0,0,,0,0
/home/huangyunyou/amount_data/new_data/,ADNI_131_S_1389_MR_MP-RAGE__br_raw_20100709102822087_26_S88834_I181374.npy,0,1,0,1,0,0,0,0,0,0,,1,0
/home/huangyunyou/amount_data/new_data/,ADNI_127_S_0260_MR_MP-RAGE__br_raw_20100429094930056_98_S84034_I172291.npy,1,0,0,0,0,0,0,0,0,0,,0,0
/home/huangyunyou/amount_data/new_data/,ADNI_016_S_0702_MR_MPRAGE_br_raw_20090901091800527_153_S72946_I154002.npy,0,1,0,1,0,0,0,0,0,0,,1,0
/home/huangyunyou/amount_data/new_data/,ADNI_941_S_6454_MR_Accelerated_Sagittal_MPRAGE__br_raw_20180627120646481_101_S699034_I1014117.npy,1,0,0,0,0,,0,0,0,0,,0,0
/home/huangyunyou/amount_data/new_data/,ADNI_099_S_1034_MR_MPRAGE_br_raw_20091118122742250_98_S76620_I159512.npy,0,1,0,1,0,0,0,0,0,0,,1,0
/home/huangyunyou/amount_data/new_data/,ADNI_100_S_6273_MR_Sagittal_3D_Accelerated_MPRAGE_br_raw_20180412150007519_1_S676015_I984878.npy,1,0,0,0,0,,0,0,0,0,,0,0
/home/huangyunyou/amount_data/new_data/,00000019_S_6315.npy,0,1,0,1,0,,0,0,0,0,,1,0
/home/huangyunyou/amount_data/new_data/,ADNI_068_S_0127_MR_ADNI_SH____MPRAGE_ASO__br_raw_20100420155603184_92_S83504_I171425.npy,1,0,0,0,0,0,0,0,0,0,,0,0
/home/huangyunyou/amount_data/new_data/,ADNI_116_S_1315_MR_MP-RAGE__br_raw_20100401143828147_138_S82700_I170064.npy,0,1,0,1,0,0,0,0,0,0,,1,0
/home/huangyunyou/amount_data/new_data/,ADNI_099_S_6396_MR_Accelerated_Sag_IR-FSPGR___br_raw_20180606063958083_137_S692311_I1006005.npy,1,0,0,0,0,,0,0,0,0,,0,0
/home/huangyunyou/amount_data/new_data/,ADNI_099_S_0880_MR_MPRAGE_br_raw_20071207101224853_138_S43443_I84328.npy,0,1,0,1,0,0,0,0,0,0,,1,0
/home/huangyunyou/amount_data/new_data/,ADNI_131_S_1301_MR_MP-RAGE__br_raw_20100302144322396_68_S80537_I167080.npy,1,0,0,0,0,0,0,0,0,0,,0,0
/home/huangyunyou/amount_data/new_data/,00000019_S_6483.npy,0,1,0,1,0,,0,0,0,0,,1,0
/home/huangyunyou/amount_data/new_data/,ADNI_067_S_2196_MR_MPRAGE_br_raw_20101122092317964_98_S95103_I206075.npy,0,1,0,1,0,,0,0,0,0,,1,0
/home/huangyunyou/amount_data/new_data/,ADNI_116_S_6119_MR_Accelerated_Sagittal_MPRAGE__br_raw_20180129113815776_2_S654098_I957994.npy,1,0,0,0,0,,0,0,0,0,,0,0
/home/huangyunyou/amount_data/new_data/,ADNI_094_S_1188_MR_MP-RAGE__br_raw_20100215103845691_1_S80101_I166259.npy,0,1,0,1,0,0,0,0,0,0,,1,0
/home/huangyunyou/amount_data/new_data/,ADNI_130_S_6037_MR_Sagittal_3D_Accelerated_MPRAGE_br_raw_20170712113824444_211_S582515_I873168.npy,1,0,0,0,0,,0,0,0,0,,0,0
/home/huangyunyou/amount_data/new_data/,ADNI_094_S_1267_MR_MP-RAGE__br_raw_20100319104800803_113_S81371_I168281.npy,1,0,0,0,0,0,0,0,0,0,,0,0
/home/huangyunyou/amount_data/new_data/,ADNI_037_S_1078_MR_MP-RAGE__br_raw_20100301145830103_51_S80504_I167036.npy,0,1,0,1,0,0,0,0,0,0,,1,0
/home/huangyunyou/amount_data/new_data/,ADNI_016_S_0354_MR_MPRAGE_br_raw_20070723153624084_98_S35901_I61625.npy,0,1,0,1,0,0,0,0,0,0,,1,0
/home/huangyunyou/amount_data/new_data/,ADNI_133_S_0488_MR_MP-RAGE__br_raw_20090608155514734_3_S68339_I145531.npy,1,0,0,0,0,0,0,0,0,0,,0,0
/home/huangyunyou/amount_data/new_data/,ADNI_022_S_0961_MR_MPRAGE_Repeat__br_raw_20091113133852580_138_S76328_I159083.npy,0,1,0,1,0,0,0,0,0,0,,1,0
/home/huangyunyou/amount_data/new_data/,ADNI_082_S_6287_MR_Accelerated_Sagittal_MPRAGE__br_raw_20180516110410685_21_S685923_I998049.npy,1,0,0,0,0,,0,0,0,0,,0,0
/home/huangyunyou/amount_data/new_data/,ADNI_099_S_0051_MR_MPRAGE_br_raw_20081216110729347_98_S60874_I131049.npy,0,1,0,1,0,0,0,0,0,0,,1,0
/home/huangyunyou/amount_data/new_data/,ADNI_177_S_6408_MR_Sagittal_3D_Accelerated_MPRAGE_br_raw_20180611110521132_46_S693983_I1008024.npy,1,0,0,0,0,,0,0,0,0,,0,0
/home/huangyunyou/amount_data/new_data/,ADNI_068_S_2194_MR_MPRAGE_br_raw_20101117113700509_126_S94911_I205381.npy,0,1,0,1,0,,0,0,0,0,,1,0
/home/huangyunyou/amount_data/new_data/,ADNI_011_S_0002_MR_MPRAGE_br_raw_20050830102647203_1_S9107_I7025.npy,1,0,0,0,0,0,0,0,0,0,,0,0
/home/huangyunyou/amount_data/new_data/,ADNI_116_S_1243_MR_MP-RAGE__br_raw_20100225142117579_137_S80458_I166803.npy,0,1,0,1,0,0,0,0,0,0,,1,0
/home/huangyunyou/amount_data/new_data/,ADNI_130_S_6319_MR_Sagittal_3D_Accelerated_MPRAGE_br_raw_20180427154833126_45_S680325_I990195.npy,1,0,0,0,0,,0,0,0,0,,0,0
/home/huangyunyou/amount_data/new_data/,ADNI_126_S_0709_MR_MP-RAGE__br_raw_20140715140956820_121_S225106_I435652.npy,0,1,0,1,0,0,0,0,0,0,,1,0
/home/huangyunyou/amount_data/new_data/,ADNI_003_S_6307_MR_Accelerated_Sagittal_MPRAGE__br_raw_20180621214551941_82_S698034_I1012896.npy,1,0,0,0,0,,0,0,0,0,,0,0
/home/huangyunyou/amount_data/new_data/,ADNI_109_S_1183_MR_MPRAGE_br_raw_20090408132019640_1_S65816_I141007.npy,0,1,0,1,0,0,0,0,0,0,,1,0
/home/huangyunyou/amount_data/new_data/,ADNI_027_S_1213_MR_MP-RAGE__br_raw_20090126173604255_1_S62260_I134499.npy,0,1,0,1,0,0,0,0,0,0,,1,0
/home/huangyunyou/amount_data/new_data/,ADNI_057_S_0934_MR_MPRAGE_br_raw_20091104150840328_63_S75850_I158244.npy,1,0,0,0,0,0,0,0,0,0,,0,0
/home/huangyunyou/amount_data/new_data/,ADNI_027_S_1277_MR_MP-RAGE__br_raw_20080219144213982_1_S45870_I90784.npy,0,1,0,1,0,0,0,0,0,0,,1,0
/home/huangyunyou/amount_data/new_data/,ADNI_114_S_2392_MR_MPRAGE_br_raw_20110624141320765_85_S112488_I241614.npy,0,1,0,1,0,,0,0,0,0,,1,0
/home/huangyunyou/amount_data/new_data/,00000036_S_6134.npy,0,1,0,1,0,,0,0,0,0,,1,0
/home/huangyunyou/amount_data/new_data/,ADNI_002_S_1070_MR_MP-RAGE__br_raw_20091211070222880_1_S77167_I160754.npy,0,1,0,1,0,0,0,0,0,0,,1,0
/home/huangyunyou/amount_data/new_data/,00000035_S_6641.npy,0,1,0,1,0,,0,0,0,0,,1,0
/home/huangyunyou/amount_data/new_data/,ADNI_029_S_0866_MR_MP-RAGE__br_raw_20091030144749097_84_S75772_I158102.npy,1,0,0,0,0,0,0,0,0,0,,0,0
/home/huangyunyou/amount_data/new_data/,ADNI_036_S_1240_MR_MPRAGE_br_raw_20090305134327279_1_S63957_I137760.npy,0,1,0,1,0,0,0,0,0,0,,1,0
/home/huangyunyou/amount_data/new_data/,ADNI_123_S_0106_MR_MPRAGEASO__br_raw_20100129104838944_170_S79540_I165499.npy,1,0,0,0,0,0,0,0,0,0,,0,0
/home/huangyunyou/amount_data/new_data/,ADNI_082_S_0304_MR_MPRAGE_br_raw_20080423112834794_98_S49157_I103594.npy,1,0,0,0,0,0,0,0,0,0,,0,0
/home/huangyunyou/amount_data/new_data/,ADNI_132_S_0987_MR_MP-RAGE__br_raw_20080519102528303_1_S50300_I106042.npy,0,1,0,1,0,0,0,0,0,0,,1,0
/home/huangyunyou/amount_data/new_data/,ADNI_023_S_0604_MR_MPRAGE_br_raw_20090710144919515_1_S69779_I148533.npy,0,1,0,1,0,0,0,0,0,0,,1,0
/home/huangyunyou/amount_data/new_data/,ADNI_941_S_6570_MR_Accelerated_Sagittal_MPRAGE__br_raw_20180831145251301_21_S723995_I1044538.npy,1,0,0,0,0,,0,0,0,0,,0,0
/home/huangyunyou/amount_data/new_data/,00000006_S_6252.npy,0,1,0,1,0,,0,0,0,0,,1,0
/home/huangyunyou/amount_data/new_data/,ADNI_100_S_0892_MR_ASO-MPRAGE_br_raw_20091028074635025_1_S75629_I157893.npy,0,1,0,1,0,0,0,0,0,0,,1,0
/home/huangyunyou/amount_data/new_data/,ADNI_168_S_6320_MR_Accelerated_Sagittal_MPRAGE__br_raw_20180504091626010_46_S682304_I992584.npy,1,0,0,0,0,,0,0,0,0,,0,0
/home/huangyunyou/amount_data/new_data/,ADNI_128_S_2045_MR_MPRAGE_br_raw_20100829132141071_42_S91366_I191601.npy,0,1,0,1,0,,0,0,0,0,,1,0
/home/huangyunyou/amount_data/new_data/,ADNI_011_S_0021_MR_MPRAGE_br_raw_20081106091234237_1_S58355_I125318.npy,1,0,0,0,0,0,0,0,0,0,,0,0
/home/huangyunyou/amount_data/new_data/,ADNI_082_S_0761_MR_MPRAGE_Repeat__br_raw_20060823132333827_138_S18118_I23173.npy,1,0,0,0,0,0,0,0,0,0,,0,0
/home/huangyunyou/amount_data/new_data/,ADNI_100_S_0930_MR_ASO-MPRAGE_br_raw_20090322174344307_6_S64870_I139546.npy,0,1,0,1,0,0,0,0,0,0,,1,0
/home/huangyunyou/amount_data/new_data/,ADNI_131_S_0123_MR_MP-RAGE__br_raw_20100205134631800_1_S79799_I165858.npy,1,0,0,0,0,0,0,0,0,0,,0,0
/home/huangyunyou/amount_data/new_data/,ADNI_128_S_1088_MR_MPRAGE_br_raw_20091030131546984_103_S75755_I158075.npy,0,1,0,1,0,0,0,0,0,0,,1,0
/home/huangyunyou/amount_data/new_data/,ADNI_053_S_2357_MR_MPRAGE_br_raw_20110420152029982_129_S104829_I228464.npy,0,1,0,1,0,,0,0,0,0,,1,0
/home/huangyunyou/amount_data/new_data/,ADNI_127_S_6173_MR_Accelerated_Sagittal_IR-FSPGR__br_raw_20180208114930270_121_S657038_I961583.npy,1,0,0,0,0,,0,0,0,0,,0,0
/home/huangyunyou/amount_data/new_data/,ADNI_023_S_6399_MR_Accelerated_Sagittal_MPRAGE__br_raw_20180530154838018_181_S690743_I1003993.npy,1,0,0,0,0,,0,0,0,0,,0,0
/home/huangyunyou/amount_data/new_data/,00000009_S_6402.npy,0,1,0,1,0,,0,0,0,0,,1,0
/home/huangyunyou/amount_data/new_data/,ADNI_052_S_6412_MR_Accelerated_Sagittal_MPRAGE__br_raw_20180802093725655_191_S711752_I1029891.npy,1,0,0,0,0,,0,0,0,0,,0,0
/home/huangyunyou/amount_data/new_data/,ADNI_027_S_0644_MR_MP-RAGE__br_raw_20100625123912945_72_S88117_I180319.npy,0,1,0,1,0,0,0,0,0,0,,1,0
/home/huangyunyou/amount_data/new_data/,ADNI_128_S_1242_MR_MPRAGE_br_raw_20080321131954421_1_S47327_I99234.npy,1,0,0,0,0,0,0,0,0,0,,0,0
/home/huangyunyou/amount_data/new_data/,ADNI_072_S_2093_MR_MPRAGE_br_raw_20101008113901264_124_S93143_I195820.npy,0,1,0,1,0,,0,0,0,0,,1,0
/home/huangyunyou/amount_data/new_data/,ADNI_011_S_0005_MR_MPRAGE_br_raw_20080911093631661_1_S56381_I117777.npy,1,0,0,0,0,0,0,0,0,0,,0,0
/home/huangyunyou/amount_data/new_data/,ADNI_130_S_0289_MR_MP-RAGE__br_raw_20100512102647440_26_S84788_I173500.npy,0,1,0,1,0,0,0,0,0,0,,1,0
/home/huangyunyou/amount_data/new_data/,ADNI_067_S_2195_MR_MPRAGE_br_raw_20101119094437484_110_S95056_I205877.npy,0,1,0,1,0,,0,0,0,0,,1,0
/home/huangyunyou/amount_data/new_data/,ADNI_098_S_2079_MR_Accelerated_Sag_IR-SPGR__br_raw_20100922162457579_103_S92420_I193312.npy,0,1,0,1,0,,0,0,0,0,,1,0
/home/huangyunyou/amount_data/new_data/,ADNI_127_S_6232_MR_Accelerated_Sagittal_IR-FSPGR__br_raw_20180330161620603_78_S672272_I980179.npy,1,0,0,0,0,,0,0,0,0,,0,0
/home/huangyunyou/amount_data/new_data/,ADNI_018_S_2138_MR_MPRAGE_br_raw_20101104140230661_81_S94232_I202429.npy,0,1,0,1,0,,0,0,0,0,,1,0
/home/huangyunyou/amount_data/new_data/,ADNI_002_S_6053_MR_Accelerated_Sagittal_MPRAGE__br_raw_20170724104500052_169_S586900_I878146.npy,1,0,0,0,0,,0,0,0,0,,0,0
/home/huangyunyou/amount_data/new_data/,ADNI_135_S_6411_MR_Accelerated_Sag_IR-FSPGR___br_raw_20180604134236674_108_S691836_I1005341.npy,1,0,0,0,0,,0,0,0,0,,0,0
/home/huangyunyou/amount_data/new_data/,ADNI_067_S_0607_MR_MPRAGE_br_raw_20081114122118599_97_S59060_I126544.npy,0,1,0,1,0,0,0,0,0,0,,1,0
/home/huangyunyou/amount_data/new_data/,ADNI_116_S_6624_MR_Accelerated_Sagittal_MPRAGE__br_raw_20181102152703088_161_S744292_I1069428.npy,1,0,0,0,0,,0,0,0,0,,0,0
/home/huangyunyou/amount_data/new_data/,ADNI_109_S_1343_MR_MPRAGE_br_raw_20080430084945313_1_S49500_I104307.npy,0,1,0,1,0,0,0,0,0,0,,1,0
/home/huangyunyou/amount_data/new_data/,ADNI_941_S_6333_MR_Accelerated_Sagittal_MPRAGE__br_raw_20180601135049721_102_S691304_I1004681.npy,1,0,0,0,0,,0,0,0,0,,0,0
/home/huangyunyou/amount_data/new_data/,ADNI_114_S_0410_MR_MPRAGE_br_raw_20071102165911464_98_S42230_I80580.npy,0,1,0,1,0,0,0,0,0,0,,1,0
/home/huangyunyou/amount_data/new_data/,ADNI_130_S_6019_MR_Sagittal_3D_Accelerated_MPRAGE_br_raw_20170609162912879_190_S567412_I854993.npy,1,0,0,0,0,,0,0,0,0,,0,0
/home/huangyunyou/amount_data/new_data/,ADNI_114_S_0378_MR_MPRAGE_br_raw_20090430093442142_97_S66813_I142821.npy,0,1,0,1,0,0,0,0,0,0,,1,0
/home/huangyunyou/amount_data/new_data/,ADNI_131_S_0441_MR_MP-RAGE__br_raw_20100512103626310_70_S84790_I173502.npy,1,0,0,0,0,0,0,0,0,0,,0,0
/home/huangyunyou/amount_data/new_data/,ADNI_018_S_2155_MR_MPRAGE_br_raw_20101202154841190_48_S95705_I207345.npy,0,1,0,1,0,,0,0,0,0,,1,0
/home/huangyunyou/amount_data/new_data/,ADNI_131_S_6519_MR_Sagittal_3D_Accelerated_MPRAGE_br_raw_20190109095922205_120_S713874_I1032569.npy,1,0,0,0,0,,0,0,0,0,,0,0
/home/huangyunyou/amount_data/new_data/,ADNI_082_S_2307_MR_MPRAGE_br_raw_20110215154927984_121_S99883_I217602.npy,0,1,0,1,0,,0,0,0,0,,1,0
/home/huangyunyou/amount_data/new_data/,ADNI_033_S_0514_MR_MP-RAGE__br_raw_20100610102634803_154_S87174_I177300.npy,0,1,0,1,0,0,0,0,0,0,,1,0
/home/huangyunyou/amount_data/new_data/,ADNI_133_S_0525_MR_MP-RAGE__br_raw_20090701135740453_3_S69319_I147375.npy,1,0,0,0,0,0,0,0,0,0,,0,0
/home/huangyunyou/amount_data/new_data/,ADNI_011_S_0861_MR_MPRAGE_br_raw_20091007100334775_1_S74473_I156117.npy,0,1,0,1,0,0,0,0,0,0,,1,0
/home/huangyunyou/amount_data/new_data/,ADNI_014_S_0520_MR_MP-RAGE__br_raw_20090604122842627_4_S68263_I145417.npy,1,0,0,0,0,0,0,0,0,0,,0,0
/home/huangyunyou/amount_data/new_data/,ADNI_130_S_0285_MR_MP-RAGE__br_raw_20100416162719838_129_S83437_I171252.npy,0,1,0,1,0,0,0,0,0,0,,1,0
/home/huangyunyou/amount_data/new_data/,ADNI_141_S_0810_MR_MPRAGE_br_raw_20090708150909661_101_S69678_I148319.npy,1,0,0,0,0,0,0,0,0,0,,0,0
/home/huangyunyou/amount_data/new_data/,ADNI_023_S_0625_MR_MPRAGE_br_raw_20091020144834790_1_S75404_I157551.npy,0,1,0,1,0,0,0,0,0,0,,1,0
/home/huangyunyou/amount_data/new_data/,00000109_S_6376.npy,0,1,0,1,0,,0,0,0,0,,1,0
/home/huangyunyou/amount_data/new_data/,ADNI_020_S_0883_MR_MPRAGE_br_raw_20091121094313265_1_S76708_I159693.npy,1,0,0,0,0,0,0,0,0,0,,0,0
/home/huangyunyou/amount_data/new_data/,00000027_S_6002.npy,0,1,0,1,0,,0,0,0,0,,1,0
/home/huangyunyou/amount_data/new_data/,ADNI_137_S_0972_MR_MP-RAGE__br_raw_20091201151803792_1_S76845_I159958.npy,1,0,0,0,0,0,0,0,0,0,,0,0
/home/huangyunyou/amount_data/new_data/,00000037_S_6141.npy,0,1,0,1,0,,0,0,0,0,,1,0
/home/huangyunyou/amount_data/new_data/,ADNI_035_S_6200_MR_Accelerated_Sagittal_MPRAGE__br_raw_20180215141217553_121_S659829_I964917.npy,1,0,0,0,0,,0,0,0,0,,0,0
/home/huangyunyou/amount_data/new_data/,ADNI_016_S_1326_MR_MPRAGE_br_raw_20090402094311998_98_S65411_I140319.npy,0,1,0,1,0,0,0,0,0,0,,1,0
/home/huangyunyou/amount_data/new_data/,ADNI_128_S_0611_MR_REPEAT_SAG_3D_MPRAGE_br_raw_20140724143959832_108_S225829_I436691.npy,0,1,0,1,0,0,0,0,0,0,,1,0
/home/huangyunyou/amount_data/new_data/,ADNI_114_S_6487_MR_Accelerated_Sagittal_MPRAGE__br_raw_20181002085526789_46_S732180_I1054709.npy,1,0,0,0,0,,0,0,0,0,,0,0
/home/huangyunyou/amount_data/new_data/,ADNI_100_S_0006_MR_ASO-MPRAGE_br_raw_20090422222856799_170_S66586_I142392.npy,0,1,0,1,0,0,0,0,0,0,,1,0
/home/huangyunyou/amount_data/new_data/,ADNI_130_S_6105_MR_Sagittal_3D_Accelerated_MPRAGE_br_raw_20171103110011389_128_S627832_I926577.npy,1,0,0,0,0,,0,0,0,0,,0,0
/home/huangyunyou/amount_data/new_data/,ADNI_094_S_1330_MR_MP-RAGE__br_raw_20140707174342955_110_S224397_I434655.npy,0,1,0,1,0,0,0,0,0,0,,1,0
/home/huangyunyou/amount_data/new_data/,ADNI_027_S_1045_MR_MP-RAGE__br_raw_20091113072352168_1_S76310_I159061.npy,0,1,0,1,0,0,0,0,0,0,,1,0
/home/huangyunyou/amount_data/new_data/,ADNI_024_S_6472_MR_Accelerated_Sagittal_MPRAGE__br_raw_20180703134025672_73_S700935_I1016587.npy,1,0,0,0,0,,0,0,0,0,,0,0
/home/huangyunyou/amount_data/new_data/,ADNI_052_S_1054_MR_MP-RAGE__br_raw_20081208101905562_27_S60596_I129488.npy,0,1,0,1,0,0,0,0,0,0,,1,0
/home/huangyunyou/amount_data/new_data/,ADNI_941_S_1195_MR_MPRAGE_br_raw_20100303110637202_36_S80556_I167111.npy,1,0,0,0,0,0,0,0,0,0,,0,0
/home/huangyunyou/amount_data/new_data/,ADNI_012_S_0917_MR_MPRAGE_br_raw_20070619125108328_157_S33757_I57265.npy,0,1,0,1,0,0,0,0,0,0,,1,0
/home/huangyunyou/amount_data/new_data/,ADNI_032_S_6294_MR_Accelerated_Sagittal_MPRAGE__br_raw_20180503123829919_37_S681993_I992208.npy,1,0,0,0,0,,0,0,0,0,,0,0
/home/huangyunyou/amount_data/new_data/,ADNI_052_S_0671_MR_MP-RAGE__br_raw_20091221134722971_90_S77449_I161307.npy,0,1,0,1,0,0,0,0,0,0,,1,0
/home/huangyunyou/amount_data/new_data/,ADNI_109_S_2200_MR_Accelerated_SAG_IR-SPGR__br_raw_20101123180845929_16_S95177_I206464.npy,0,1,0,1,0,,0,0,0,0,,1,0
/home/huangyunyou/amount_data/new_data/,ADNI_041_S_6226_MR_Accelerated_Sagittal_MPRAGE__br_raw_20180402142608910_71_S672440_I980386.npy,1,0,0,0,0,,0,0,0,0,,0,0
/home/huangyunyou/amount_data/new_data/,ADNI_133_S_0629_MR_MPRAGE_br_raw_20080204133034863_1_S45287_I89297.npy,0,1,0,1,0,0,0,0,0,0,,1,0
/home/huangyunyou/amount_data/new_data/,ADNI_114_S_6524_MR_Accelerated_Sagittal_MPRAGE__br_raw_20181026145657903_94_S740214_I1064839.npy,1,0,0,0,0,,0,0,0,0,,0,0
/home/huangyunyou/amount_data/new_data/,ADNI_128_S_2057_MR_MPRAGE_br_raw_20100903120516235_84_S91651_I192070.npy,0,1,0,1,0,,0,0,0,0,,1,0
/home/huangyunyou/amount_data/new_data/,ADNI_002_S_1268_MR_MP-RAGE__br_raw_20100305045731091_140_S80685_I167297.npy,0,1,0,1,0,0,0,0,0,0,,1,0
/home/huangyunyou/amount_data/new_data/,ADNI_037_S_0303_MR_MP-RAGE__br_raw_20101021141614432_137_S93542_I198299.npy,1,0,0,0,0,0,0,0,0,0,,0,0
/home/huangyunyou/amount_data/new_data/,ADNI_033_S_0725_MR_MP-RAGE__br_raw_20080808162720751_3_S55179_I115805.npy,0,1,0,1,0,0,0,0,0,0,,1,0
/home/huangyunyou/amount_data/new_data/,ADNI_114_S_0166_MR_MPRAGE_br_raw_20090311092315950_22_S64271_I138303.npy,1,0,0,0,0,0,0,0,0,0,,0,0
/home/huangyunyou/amount_data/new_data/,ADNI_029_S_2376_MR_IR-SPGR__br_raw_20110705181758518_192_S113624_I243329.npy,0,1,0,1,0,,0,0,0,0,,1,0
/home/huangyunyou/amount_data/new_data/,ADNI_123_S_0072_MR_MPRAGEASO__br_raw_20100201093546281_170_S79587_I165571.npy,1,0,0,0,0,0,0,0,0,0,,0,0
/home/huangyunyou/amount_data/new_data/,ADNI_021_S_0141_MR_MP-RAGE__br_raw_20100222131955140_58_S80277_I166518.npy,0,1,0,1,0,0,0,0,0,0,,1,0
/home/huangyunyou/amount_data/new_data/,ADNI_127_S_6203_MR_Accelerated_Sagittal_IR-FSPGR__br_raw_20180329122155288_115_S671264_I978946.npy,1,0,0,0,0,,0,0,0,0,,0,0
/home/huangyunyou/amount_data/new_data/,00000098_S_6534.npy,0,1,0,1,0,,0,0,0,0,,1,0
/home/huangyunyou/amount_data/new_data/,ADNI_057_S_0464_MR_MPRAGE_br_raw_20090624161733312_98_S69135_I146659.npy,0,1,0,1,0,0,0,0,0,0,,1,0
/home/huangyunyou/amount_data/new_data/,ADNI_021_S_0337_MR_MP-RAGE__br_raw_20100505135304718_138_S84483_I173062.npy,1,0,0,0,0,0,0,0,0,0,,0,0
/home/huangyunyou/amount_data/new_data/,ADNI_031_S_0351_MR_MPRAGE_ASO_br_raw_20090429162052306_170_S66794_I142787.npy,0,1,0,1,0,0,0,0,0,0,,1,0
/home/huangyunyou/amount_data/new_data/,ADNI_007_S_6310_MR_Accelerated_Sagittal_MPRAGE__br_raw_20180410105753237_54_S674913_I983493.npy,1,0,0,0,0,,0,0,0,0,,0,0
/home/huangyunyou/amount_data/new_data/,ADNI_033_S_1279_MR_MP-RAGE__br_raw_20090302170135320_3_S63788_I137467.npy,0,1,0,1,0,0,0,0,0,0,,1,0
/home/huangyunyou/amount_data/new_data/,ADNI_137_S_1426_MR_MP-RAGE__br_raw_20081031083524512_1_S58136_I124659.npy,0,1,0,1,0,0,0,0,0,0,,1,0
/home/huangyunyou/amount_data/new_data/,ADNI_099_S_2042_MR_MPRAGE_br_raw_20100818124926738_71_S90767_I190791.npy,0,1,0,1,0,,0,0,0,0,,1,0
/home/huangyunyou/amount_data/new_data/,ADNI_126_S_0605_MR_MP-RAGE__br_raw_20100707140446665_35_S88668_I181028.npy,1,0,0,0,0,0,0,0,0,0,,0,0
/home/huangyunyou/amount_data/new_data/,ADNI_068_S_2168_MR_MPRAGE_br_raw_20101105101616430_122_S94292_I202818.npy,0,1,0,1,0,,0,0,0,0,,1,0
/home/huangyunyou/amount_data/new_data/,ADNI_941_S_6054_MR_Accelerated_Sagittal_MPRAGE__br_raw_20170731131845890_154_S589004_I880643.npy,1,0,0,0,0,,0,0,0,0,,0,0
/home/huangyunyou/amount_data/new_data/,ADNI_005_S_0610_MR_MP-RAGE__br_raw_20090806154722403_3_S72045_I152601.npy,1,0,0,0,0,0,0,0,0,0,,0,0
/home/huangyunyou/amount_data/new_data/,ADNI_128_S_0608_MR_REPEAT_SAG_3D_MPRAGE_br_raw_20090605121833192_48_S68309_I145490.npy,0,1,0,1,0,0,0,0,0,0,,1,0
/home/huangyunyou/amount_data/new_data/,ADNI_131_S_0436_MR_MP-RAGE__br_raw_20060519094651406_85_S14710_I15674.npy,1,0,0,0,0,0,0,0,0,0,,0,0
/home/huangyunyou/amount_data/new_data/,ADNI_002_S_0729_MR_MP-RAGE__br_raw_20090813233511639_1_S72361_I153068.npy,0,1,0,1,0,0,0,0,0,0,,1,0
/home/huangyunyou/amount_data/new_data/,ADNI_130_S_0886_MR_MPRAGE_SENSE_br_raw_20140724110024709_129_S77011_I160452.npy,1,0,0,0,0,0,0,0,0,0,,0,0
/home/huangyunyou/amount_data/new_data/,ADNI_041_S_1423_MR_MPRAGE_br_raw_20080825150026231_98_S55786_I116809.npy,0,1,0,1,0,0,0,0,0,0,,1,0
/home/huangyunyou/amount_data/new_data/,ADNI_032_S_2240_MR_MPRAGE_br_raw_20101216112423374_87_S96597_I208838.npy,0,1,0,1,0,,0,0,0,0,,1,0
/home/huangyunyou/amount_data/new_data/,ADNI_003_S_0981_MR_MPRAGE_Repeat__br_raw_20140722155919765_18_S225535_I436281.npy,1,0,0,0,0,0,0,0,0,0,,0,0
/home/huangyunyou/amount_data/new_data/,ADNI_023_S_0126_MR_MPRAGE_br_raw_20100304110135420_81_S80628_I167211.npy,0,1,0,1,0,0,0,0,0,0,,1,0
/home/huangyunyou/amount_data/new_data/,ADNI_003_S_6260_MR_Accelerated_Sagittal_MPRAGE__raw_20180522221050379_22_S688417_I1001084.npy,1,0,0,0,0,,0,0,0,0,,0,0
/home/huangyunyou/amount_data/new_data/,00000033_S_6497.npy,0,1,0,1,0,,0,0,0,0,,1,0
/home/huangyunyou/amount_data/new_data/,ADNI_141_S_6253_MR_Accelerated_Sagittal_MPRAGE__br_raw_20180319111437558_2_S667797_I974714.npy,1,0,0,0,0,,0,0,0,0,,0,0
/home/huangyunyou/amount_data/new_data/,ADNI_082_S_0928_MR_MPRAGE_br_raw_20080609112539344_75_S51161_I108707.npy,0,1,0,1,0,0,0,0,0,0,,1,0
/home/huangyunyou/amount_data/new_data/,00000027_S_6463.npy,0,1,0,1,0,,0,0,0,0,,1,0
/home/huangyunyou/amount_data/new_data/,ADNI_121_S_1350_MR_ASO-MPRAGE_br_raw_20070921102654758_1_S39567_I74041.npy,0,1,0,1,0,0,0,0,0,0,,1,0
/home/huangyunyou/amount_data/new_data/,ADNI_027_S_6001_MR_Accelerated_Sagittal_IR-FSPGR__br_raw_20170321174517937_155_S527288_I808819.npy,1,0,0,0,0,,0,0,0,0,,0,0
/home/huangyunyou/amount_data/new_data/,ADNI_022_S_0544_MR_MPRAGE_Repeat__br_raw_20080514162635911_29_S50132_I105625.npy,0,1,0,1,0,0,0,0,0,0,,1,0
/home/huangyunyou/amount_data/new_data/,ADNI_130_S_6372_MR_Sagittal_3D_Accelerated_MPRAGE_br_raw_20180523132532940_186_S688620_I1001329.npy,1,0,0,0,0,,0,0,0,0,,0,0
/home/huangyunyou/amount_data/new_data/,ADNI_018_S_6207_MR_Sagittal_3D_Accelerated_MPRAGE_br_raw_20180214090114639_1_S658844_I963722.npy,1,0,0,0,0,,0,0,0,0,,0,0
/home/huangyunyou/amount_data/new_data/,ADNI_126_S_2407_MR_Accelerated_Sag_IR-SPGR__br_raw_20111121110527271_126_S130243_I267718.npy,0,1,0,1,0,,0,0,0,0,,1,0
/home/huangyunyou/amount_data/new_data/,ADNI_177_S_6328_MR_Sagittal_3D_Accelerated_MPRAGE_br_raw_20180504143216507_35_S682465_I992799.npy,1,0,0,0,0,,0,0,0,0,,0,0
/home/huangyunyou/amount_data/new_data/,ADNI_116_S_0890_MR_MP-RAGE__br_raw_20070803132917246_76_S36890_I64542.npy,0,1,0,1,0,0,0,0,0,0,,1,0
/home/huangyunyou/amount_data/new_data/,ADNI_116_S_6517_MR_Accelerated_Sagittal_MPRAGE__br_raw_20180910165235976_89_S726036_I1047168.npy,1,0,0,0,0,,0,0,0,0,,0,0
/home/huangyunyou/amount_data/new_data/,ADNI_098_S_0160_MR_MP-RAGE__br_raw_20100222125801469_77_S80336_I166625.npy,0,1,0,1,0,0,0,0,0,0,,1,0
/home/huangyunyou/amount_data/new_data/,ADNI_023_S_1247_MR_MPRAGE_br_raw_20090312154140796_1_S64441_I138591.npy,0,1,0,1,0,0,0,0,0,0,,1,0
/home/huangyunyou/amount_data/new_data/,ADNI_116_S_1249_MR_MP-RAGE__br_raw_20100204153954034_1_S79763_I165814.npy,1,0,0,0,0,0,0,0,0,0,,0,0
/home/huangyunyou/amount_data/new_data/,ADNI_009_S_2208_MR_MPRAGE_br_raw_20101202202402489_6_S95723_I207373.npy,0,1,0,1,0,,0,0,0,0,,1,0
/home/huangyunyou/amount_data/new_data/,ADNI_114_S_6057_MR_Accelerated_Sagittal_MPRAGE__br_raw_20171026143002762_103_S624788_I923016.npy,1,0,0,0,0,,0,0,0,0,,0,0
/home/huangyunyou/amount_data/new_data/,00000003_S_6258.npy,0,1,0,1,0,,0,0,0,0,,1,0
/home/huangyunyou/amount_data/new_data/,ADNI_067_S_0257_MR_MPRAGE_br_raw_20100816163314342_2_S90532_I190412.npy,1,0,0,0,0,0,0,0,0,0,,0,0
/home/huangyunyou/amount_data/new_data/,ADNI_116_S_6439_MR_Accelerated_Sagittal_MPRAGE__br_raw_20180629165915619_53_S700404_I1015823.npy,1,0,0,0,0,,0,0,0,0,,0,0
/home/huangyunyou/amount_data/new_data/,00000006_S_6441.npy,0,1,0,1,0,,0,0,0,0,,1,0
/home/huangyunyou/amount_data/new_data/,ADNI_941_S_1363_MR_MPRAGE_br_raw_20070313130707971_98_S28008_I44495.npy,0,1,0,1,0,0,0,0,0,0,,1,0
/home/huangyunyou/amount_data/new_data/,ADNI_009_S_6163_MR_Accelerated_Sag_IR-FSPGR_br_raw_20180214122333476_163_S658886_I963779.npy,1,0,0,0,0,,0,0,0,0,,0,0
/home/huangyunyou/amount_data/new_data/,00000109_S_6364.npy,0,1,0,1,0,,0,0,0,0,,1,0
/home/huangyunyou/amount_data/new_data/,00000006_S_6651.npy,0,1,0,1,0,,0,0,0,0,,1,0
/home/huangyunyou/amount_data/new_data/,ADNI_141_S_1378_MR_MPRAGE_br_raw_20080428152640208_98_S49400_I104130.npy,0,1,0,1,0,0,0,0,0,0,,1,0
/home/huangyunyou/amount_data/new_data/,ADNI_016_S_1138_MR_MPRAGE_br_raw_20070731154106006_47_S36688_I63269.npy,0,1,0,1,0,0,0,0,0,0,,1,0
/home/huangyunyou/amount_data/new_data/,ADNI_003_S_6259_MR_Accelerated_Sagittal_MPRAGE__br_raw_20180323234331389_68_S670001_I977365.npy,1,0,0,0,0,,0,0,0,0,,0,0
/home/huangyunyou/amount_data/new_data/,ADNI_041_S_6136_MR_Accelerated_Sagittal_MPRAGE__br_raw_20171211134436262_94_S642911_I944422.npy,1,0,0,0,0,,0,0,0,0,,0,0
/home/huangyunyou/amount_data/new_data/,ADNI_018_S_0142_MR_MPRAGE_br_raw_20100517132508740_152_S85051_I173896.npy,0,1,0,1,0,0,0,0,0,0,,1,0
/home/huangyunyou/amount_data/new_data/,ADNI_129_S_6288_MR_Accelerated_Sag_IR-FSPGR___br_raw_20180403154720572_5_S672766_I980829.npy,1,0,0,0,0,,0,0,0,0,,0,0
/home/huangyunyou/amount_data/new_data/,ADNI_013_S_1186_MR_MPRAGE_br_raw_20090410164810296_95_S65170_I139978.npy,0,1,0,1,0,0,0,0,0,0,,1,0
/home/huangyunyou/amount_data/new_data/,ADNI_137_S_0443_MR_MP-RAGE__br_raw_20090813113018568_180_S72308_I152996.npy,0,1,0,1,0,0,0,0,0,0,,1,0
/home/huangyunyou/amount_data/new_data/,ADNI_002_S_6007_MR_Accelerated_Sagittal_MPRAGE__br_raw_20170403113624532_21_S551363_I835740.npy,1,0,0,0,0,,0,0,0,0,,0,0
/home/huangyunyou/amount_data/new_data/,ADNI_027_S_0835_MR_MP-RAGE__br_raw_20100902122939095_25_S91582_I191943.npy,0,1,0,1,0,0,0,0,0,0,,1,0
/home/huangyunyou/amount_data/new_data/,ADNI_073_S_0089_MR_MPRAGE_br_raw_20090203115955837_98_S62603_I135141.npy,1,0,0,0,0,0,0,0,0,0,,0,0
/home/huangyunyou/amount_data/new_data/,ADNI_141_S_2210_MR_MPRAGE_br_raw_20110117092826589_162_S97644_I212301.npy,0,1,0,1,0,,0,0,0,0,,1,0
/home/huangyunyou/amount_data/new_data/,ADNI_094_S_6417_MR_Accelerated_Sagittal_MPRAGE__br_raw_20180626091746294_7_S698530_I1013527.npy,1,0,0,0,0,,0,0,0,0,,0,0
/home/huangyunyou/amount_data/new_data/,ADNI_037_S_0588_MR_MP-RAGE__br_raw_20090306122803171_1_S64039_I137859.npy,0,1,0,1,0,0,0,0,0,0,,1,0
/home/huangyunyou/amount_data/new_data/,ADNI_129_S_6459_MR_Accelerated_Sag_IR-FSPGR___br_raw_20180627123111020_110_S699107_I1014209.npy,1,0,0,0,0,,0,0,0,0,,0,0
/home/huangyunyou/amount_data/new_data/,ADNI_033_S_1098_MR_MP-RAGE__br_raw_20091204133639658_3_S76934_I160297.npy,1,0,0,0,0,0,0,0,0,0,,0,0
/home/huangyunyou/amount_data/new_data/,ADNI_022_S_2379_MR_MPRAGE_br_raw_20110516130454093_161_S109000_I235155.npy,0,1,0,1,0,,0,0,0,0,,1,0
/home/huangyunyou/amount_data/new_data/,ADNI_002_S_1261_MR_MP-RAGE__br_raw_20100225171339402_123_S80484_I166845.npy,1,0,0,0,0,0,0,0,0,0,,0,0
