path,filename,NC,MCI,DE,COG,AD,PD,FTD,VD,DLB,PDD,ADD,ALL,OTHER
/home/huangyunyou/amount_data/new_data/,00000032_S_0400.npy,0,0,1,2,1,0,,0,,0,1,2,
/home/huangyunyou/amount_data/new_data/,ADNI_032_S_6600_MR_Accelerated_Sagittal_MPRAGE__br_raw_20181019125457091_63_S737783_I1061844.npy,0,0,1,2,1,,,,,,1,2,
/home/huangyunyou/amount_data/new_data/,00000094_S_1397.npy,0,0,1,2,1,0,,0,,0,1,2,
/home/huangyunyou/amount_data/new_data/,00000128_S_1409.npy,0,0,1,2,1,0,,0,,0,1,2,
/home/huangyunyou/amount_data/new_data/,00000023_S_0083.npy,0,0,1,2,1,0,,0,,0,1,2,
/home/huangyunyou/amount_data/new_data/,00000018_S_0682.npy,0,0,1,2,1,0,,0,,0,1,2,
/home/huangyunyou/amount_data/new_data/,00000123_S_0088.npy,0,0,1,2,1,0,,0,,0,1,2,
/home/huangyunyou/amount_data/new_data/,00000023_S_0084.npy,0,0,1,2,1,0,,0,,0,1,2,
/home/huangyunyou/amount_data/new_data/,00000131_S_0457.npy,0,0,1,2,1,0,,0,,0,1,2,
/home/huangyunyou/amount_data/new_data/,00000133_S_1170.npy,0,0,1,2,1,0,,0,,0,1,2,
/home/huangyunyou/amount_data/new_data/,00000009_S_1354.npy,0,0,1,2,1,0,,0,,0,1,2,
/home/huangyunyou/amount_data/new_data/,00000036_S_0759.npy,0,0,1,2,1,0,,0,,0,1,2,
/home/huangyunyou/amount_data/new_data/,00000136_S_0194.npy,0,0,1,2,1,0,,0,,0,1,2,
/home/huangyunyou/amount_data/new_data/,00000011_S_0183.npy,0,0,1,2,1,0,,0,,0,1,2,
/home/huangyunyou/amount_data/new_data/,ADNI_100_S_1154_MR_ASO-MPRAGE_br_raw_20070910151119596_86_S39070_I72121.npy,0,0,1,2,1,0,,0,,0,1,2,
/home/huangyunyou/amount_data/new_data/,00000126_S_0784.npy,0,0,1,2,1,0,,0,,0,1,2,
/home/huangyunyou/amount_data/new_data/,00000082_S_1377.npy,0,0,1,2,1,0,,0,,0,1,2,
/home/huangyunyou/amount_data/new_data/,00000029_S_0836.npy,0,0,1,2,1,0,,0,,0,1,2,
/home/huangyunyou/amount_data/new_data/,00000094_S_1402.npy,0,0,1,2,1,0,,0,,0,1,2,
/home/huangyunyou/amount_data/new_data/,00000023_S_1289.npy,0,0,1,2,1,0,,0,,0,1,2,
/home/huangyunyou/amount_data/new_data/,00000006_S_0547.npy,0,0,1,2,1,0,,0,,0,1,2,
/home/huangyunyou/amount_data/new_data/,00000024_S_1307.npy,0,0,1,2,1,0,,0,,0,1,2,
/home/huangyunyou/amount_data/new_data/,ADNI_021_S_0332_MR_MP-RAGE__br_raw_20070426100649940_150_S30699_I51177.npy,0,0,1,2,1,0,,0,,0,1,2,
/home/huangyunyou/amount_data/new_data/,00000067_S_0828.npy,0,0,1,2,1,0,,0,,0,1,2,
/home/huangyunyou/amount_data/new_data/,00000033_S_0889.npy,0,0,1,2,1,0,,0,,0,1,2,
/home/huangyunyou/amount_data/new_data/,00000033_S_1283.npy,0,0,1,2,1,0,,0,,0,1,2,
/home/huangyunyou/amount_data/new_data/,00000005_S_1341.npy,0,0,1,2,1,0,,0,,0,1,2,
/home/huangyunyou/amount_data/new_data/,00000062_S_0793.npy,0,0,1,2,1,0,,0,,0,1,2,
/home/huangyunyou/amount_data/new_data/,00000041_S_1391.npy,0,0,1,2,1,0,,0,,0,1,2,
/home/huangyunyou/amount_data/new_data/,00000014_S_1095.npy,0,0,1,2,1,0,,0,,0,1,2,
/home/huangyunyou/amount_data/new_data/,00000141_S_0853.npy,0,0,1,2,1,0,,0,,0,1,2,
/home/huangyunyou/amount_data/new_data/,00000033_S_1281.npy,0,0,1,2,1,0,,0,,0,1,2,
/home/huangyunyou/amount_data/new_data/,00000033_S_0733.npy,0,0,1,2,1,0,,0,,0,1,2,
/home/huangyunyou/amount_data/new_data/,ADNI_100_S_0190_MR_ADNI_new___MPRAGE__br_raw_20080514133206176_86_S50085_I105552.npy,0,0,1,2,1,0,,0,,0,1,2,
/home/huangyunyou/amount_data/new_data/,00000123_S_0162.npy,0,0,1,2,1,0,,0,,0,1,2,
/home/huangyunyou/amount_data/new_data/,ADNI_100_S_0995_MR_ASO-MPRAGE_br_raw_20091204191738474_1_S76951_I160323.npy,0,0,1,2,1,0,,0,,0,1,2,
/home/huangyunyou/amount_data/new_data/,00000057_S_1379.npy,0,0,1,2,1,0,,0,,0,1,2,
/home/huangyunyou/amount_data/new_data/,00000007_S_0316.npy,0,0,1,2,1,0,,0,,0,1,2,
/home/huangyunyou/amount_data/new_data/,00000018_S_0335.npy,0,0,1,2,1,0,,0,,0,1,2,
/home/huangyunyou/amount_data/new_data/,00000013_S_0996.npy,0,0,1,2,1,0,,0,,0,1,2,
/home/huangyunyou/amount_data/new_data/,00000062_S_0730.npy,0,0,1,2,1,0,,0,,0,1,2,
/home/huangyunyou/amount_data/new_data/,00000023_S_0139.npy,0,0,1,2,1,0,,0,,0,1,2,
/home/huangyunyou/amount_data/new_data/,00000031_S_1209.npy,0,0,1,2,1,0,,0,,0,1,2,
/home/huangyunyou/amount_data/new_data/,ADNI_027_S_0116_MR_MP-RAGE__br_raw_20100222072847184_13_S80256_I166484.npy,0,1,0,1,0,0,0,0,0,0,,1,0
/home/huangyunyou/amount_data/new_data/,ADNI_141_S_6423_MR_Accelerated_Sagittal_MPRAGE__br_raw_20180709135648632_27_S702418_I1018387.npy,1,0,0,0,0,,0,0,0,0,,0,0
/home/huangyunyou/amount_data/new_data/,ADNI_018_S_2133_MR_MPRAGE_br_raw_20101025161338150_15_S93680_I199195.npy,0,1,0,1,0,,0,0,0,0,,1,0
/home/huangyunyou/amount_data/new_data/,ADNI_037_S_0327_MR_MP-RAGE__br_raw_20090625113449682_86_S69175_I146725.npy,1,0,0,0,0,0,0,0,0,0,,0,0
/home/huangyunyou/amount_data/new_data/,ADNI_036_S_0673_MR_MPRAGE_br_raw_20090819190339829_1_S72572_I153398.npy,0,1,0,1,0,0,0,0,0,0,,1,0
/home/huangyunyou/amount_data/new_data/,ADNI_005_S_0448_MR_MP-RAGE__br_raw_20080602121459558_3_S50865_I108088.npy,0,1,0,1,0,0,0,0,0,0,,1,0
/home/huangyunyou/amount_data/new_data/,ADNI_022_S_1394_MR_MPRAGE_Repeat__br_raw_20100628155611992_84_S88282_I180506.npy,0,1,0,1,0,0,0,0,0,0,,1,0
/home/huangyunyou/amount_data/new_data/,ADNI_007_S_6455_MR_Accelerated_Sagittal_MPRAGE__br_raw_20180619184615203_54_S697272_I1011962.npy,1,0,0,0,0,,0,0,0,0,,0,0
/home/huangyunyou/amount_data/new_data/,ADNI_057_S_1217_MR_MPRAGE_br_raw_20110328190038962_58_S102502_I225113.npy,0,1,0,1,0,0,0,0,0,0,,1,0
/home/huangyunyou/amount_data/new_data/,ADNI_114_S_6251_MR_Accelerated_Sagittal_MPRAGE__br_raw_20180404091907362_104_S672827_I980928.npy,1,0,0,0,0,,0,0,0,0,,0,0
/home/huangyunyou/amount_data/new_data/,ADNI_305_S_6313_MR_Sagittal_3D_Accelerated_MPRAGE_br_raw_20180412114405316_1_S675934_I984775.npy,1,0,0,0,0,,0,0,0,0,,0,0
/home/huangyunyou/amount_data/new_data/,00000109_S_6300.npy,0,1,0,1,0,,0,0,0,0,,1,0
/home/huangyunyou/amount_data/new_data/,ADNI_027_S_0417_MR_MP-RAGE__br_raw_20070525133630649_1_S32649_I55220.npy,0,1,0,1,0,0,0,0,0,0,,1,0
/home/huangyunyou/amount_data/new_data/,ADNI_168_S_6131_MR_Accelerated_Sagittal_MPRAGE__br_raw_20180108144803578_185_S648469_I951181.npy,1,0,0,0,0,,0,0,0,0,,0,0
/home/huangyunyou/amount_data/new_data/,ADNI_128_S_0225_MR_REPEAT_SAG_3D_MPRAGE_br_raw_20090826170330731_127_S72784_I153744.npy,0,1,0,1,0,0,0,0,0,0,,1,0
/home/huangyunyou/amount_data/new_data/,ADNI_116_S_0648_MR_MP-RAGE__br_raw_20090812141555032_1_S72302_I152986.npy,1,0,0,0,0,0,0,0,0,0,,0,0
/home/huangyunyou/amount_data/new_data/,ADNI_099_S_0040_MR_MPRAGE_br_raw_20081203162323293_138_S60497_I129120.npy,1,0,0,0,0,0,0,0,0,0,,0,0
/home/huangyunyou/amount_data/new_data/,00000135_S_6703.npy,0,1,0,1,0,,0,0,0,0,,1,0
/home/huangyunyou/amount_data/new_data/,ADNI_032_S_0095_MR____________MPRAGE__br_raw_20070308165945041_1_S27719_I43257.npy,1,0,0,0,0,0,0,0,0,0,,0,0
/home/huangyunyou/amount_data/new_data/,ADNI_941_S_1295_MR_MPRAGE_br_raw_20080821152339620_98_S55619_I116538.npy,0,1,0,1,0,0,0,0,0,0,,1,0
/home/huangyunyou/amount_data/new_data/,ADNI_136_S_0086_MR_MP-RAGE__br_raw_20100621171540437_128_S87689_I179768.npy,1,0,0,0,0,0,0,0,0,0,,0,0
/home/huangyunyou/amount_data/new_data/,ADNI_052_S_0952_MR_MP-RAGE__br_raw_20091211101201859_23_S77172_I160763.npy,0,1,0,1,0,0,0,0,0,0,,1,0
/home/huangyunyou/amount_data/new_data/,ADNI_073_S_2264_MR_MPRAGE_br_raw_20110203172415936_109_S98879_I215757.npy,0,1,0,1,0,,0,0,0,0,,1,0
/home/huangyunyou/amount_data/new_data/,ADNI_133_S_0771_MR_MP-RAGE__br_raw_20081007085625671_3_S57011_I119362.npy,0,1,0,1,0,0,0,0,0,0,,1,0
/home/huangyunyou/amount_data/new_data/,ADNI_082_S_6629_MR_Accelerated_Sagittal_MPRAGE__br_raw_20181129161055110_49_S752867_I1079630.npy,1,0,0,0,0,,0,0,0,0,,0,0
/home/huangyunyou/amount_data/new_data/,ADNI_029_S_1318_MR_MP-RAGE__br_raw_20100512110204730_3_S84805_I173527.npy,0,1,0,1,0,0,0,0,0,0,,1,0
/home/huangyunyou/amount_data/new_data/,ADNI_136_S_0579_MR_MP-RAGE__br_raw_20080819103355767_1_S55496_I116329.npy,0,1,0,1,0,0,0,0,0,0,,1,0
/home/huangyunyou/amount_data/new_data/,ADNI_011_S_0016_MR_MPRAGE_br_raw_20081021085030928_1_S57702_I122503.npy,1,0,0,0,0,0,0,0,0,0,,0,0
/home/huangyunyou/amount_data/new_data/,ADNI_168_S_6085_MR_Accelerated_Sagittal_MPRAGE__br_raw_20171012122959386_71_S619077_I916399.npy,1,0,0,0,0,,0,0,0,0,,0,0
/home/huangyunyou/amount_data/new_data/,ADNI_136_S_0874_MR_MP-RAGE__br_raw_20100115165810210_1_S78652_I164047.npy,0,1,0,1,0,0,0,0,0,0,,1,0
/home/huangyunyou/amount_data/new_data/,ADNI_128_S_0947_MR_REPEAT_SAG_3D_MPRAGE_br_raw_20080424102545171_1_S49223_I103801.npy,0,1,0,1,0,0,0,0,0,0,,1,0
/home/huangyunyou/amount_data/new_data/,ADNI_013_S_0240_MR_MPRAGE_br_raw_20080425155515406_98_S49343_I104048.npy,0,1,0,1,0,0,0,0,0,0,,1,0
/home/huangyunyou/amount_data/new_data/,ADNI_041_S_6314_MR_Accelerated_Sagittal_MPRAGE__br_raw_20180424162042951_175_S679478_I989129.npy,1,0,0,0,0,,0,0,0,0,,0,0
/home/huangyunyou/amount_data/new_data/,ADNI_027_S_0118_MR_MP-RAGE__br_raw_20100215155250741_1_S80112_I166285.npy,1,0,0,0,0,0,0,0,0,0,,0,0
/home/huangyunyou/amount_data/new_data/,ADNI_013_S_2389_MR_MPRAGE_br_raw_20110624150420867_166_S112355_I241411.npy,0,1,0,1,0,,0,0,0,0,,1,0
/home/huangyunyou/amount_data/new_data/,ADNI_041_S_1418_MR_MPRAGE_br_raw_20100820103421021_14_S90916_I190995.npy,0,1,0,1,0,0,0,0,0,0,,1,0
/home/huangyunyou/amount_data/new_data/,ADNI_137_S_0459_MR_MP-RAGE__br_raw_20090505141502501_1_S67053_I143203.npy,1,0,0,0,0,0,0,0,0,0,,0,0
/home/huangyunyou/amount_data/new_data/,ADNI_131_S_1389_MR_MP-RAGE__br_raw_20100709102822087_26_S88834_I181374.npy,0,1,0,1,0,0,0,0,0,0,,1,0
/home/huangyunyou/amount_data/new_data/,ADNI_127_S_0260_MR_MP-RAGE__br_raw_20100429094930056_98_S84034_I172291.npy,1,0,0,0,0,0,0,0,0,0,,0,0
/home/huangyunyou/amount_data/new_data/,ADNI_016_S_0702_MR_MPRAGE_br_raw_20090901091800527_153_S72946_I154002.npy,0,1,0,1,0,0,0,0,0,0,,1,0
/home/huangyunyou/amount_data/new_data/,ADNI_941_S_6454_MR_Accelerated_Sagittal_MPRAGE__br_raw_20180627120646481_101_S699034_I1014117.npy,1,0,0,0,0,,0,0,0,0,,0,0
/home/huangyunyou/amount_data/new_data/,ADNI_099_S_1034_MR_MPRAGE_br_raw_20091118122742250_98_S76620_I159512.npy,0,1,0,1,0,0,0,0,0,0,,1,0
/home/huangyunyou/amount_data/new_data/,ADNI_100_S_6273_MR_Sagittal_3D_Accelerated_MPRAGE_br_raw_20180412150007519_1_S676015_I984878.npy,1,0,0,0,0,,0,0,0,0,,0,0
/home/huangyunyou/amount_data/new_data/,00000019_S_6315.npy,0,1,0,1,0,,0,0,0,0,,1,0
/home/huangyunyou/amount_data/new_data/,ADNI_068_S_0127_MR_ADNI_SH____MPRAGE_ASO__br_raw_20100420155603184_92_S83504_I171425.npy,1,0,0,0,0,0,0,0,0,0,,0,0
/home/huangyunyou/amount_data/new_data/,ADNI_116_S_1315_MR_MP-RAGE__br_raw_20100401143828147_138_S82700_I170064.npy,0,1,0,1,0,0,0,0,0,0,,1,0
/home/huangyunyou/amount_data/new_data/,ADNI_099_S_6396_MR_Accelerated_Sag_IR-FSPGR___br_raw_20180606063958083_137_S692311_I1006005.npy,1,0,0,0,0,,0,0,0,0,,0,0
/home/huangyunyou/amount_data/new_data/,ADNI_099_S_0880_MR_MPRAGE_br_raw_20071207101224853_138_S43443_I84328.npy,0,1,0,1,0,0,0,0,0,0,,1,0
/home/huangyunyou/amount_data/new_data/,ADNI_131_S_1301_MR_MP-RAGE__br_raw_20100302144322396_68_S80537_I167080.npy,1,0,0,0,0,0,0,0,0,0,,0,0
/home/huangyunyou/amount_data/new_data/,00000019_S_6483.npy,0,1,0,1,0,,0,0,0,0,,1,0
/home/huangyunyou/amount_data/new_data/,ADNI_067_S_2196_MR_MPRAGE_br_raw_20101122092317964_98_S95103_I206075.npy,0,1,0,1,0,,0,0,0,0,,1,0
/home/huangyunyou/amount_data/new_data/,ADNI_116_S_6119_MR_Accelerated_Sagittal_MPRAGE__br_raw_20180129113815776_2_S654098_I957994.npy,1,0,0,0,0,,0,0,0,0,,0,0
/home/huangyunyou/amount_data/new_data/,ADNI_094_S_1188_MR_MP-RAGE__br_raw_20100215103845691_1_S80101_I166259.npy,0,1,0,1,0,0,0,0,0,0,,1,0
/home/huangyunyou/amount_data/new_data/,ADNI_130_S_6037_MR_Sagittal_3D_Accelerated_MPRAGE_br_raw_20170712113824444_211_S582515_I873168.npy,1,0,0,0,0,,0,0,0,0,,0,0
/home/huangyunyou/amount_data/new_data/,ADNI_094_S_1267_MR_MP-RAGE__br_raw_20100319104800803_113_S81371_I168281.npy,1,0,0,0,0,0,0,0,0,0,,0,0
/home/huangyunyou/amount_data/new_data/,ADNI_037_S_1078_MR_MP-RAGE__br_raw_20100301145830103_51_S80504_I167036.npy,0,1,0,1,0,0,0,0,0,0,,1,0
/home/huangyunyou/amount_data/new_data/,ADNI_016_S_0354_MR_MPRAGE_br_raw_20070723153624084_98_S35901_I61625.npy,0,1,0,1,0,0,0,0,0,0,,1,0
/home/huangyunyou/amount_data/new_data/,ADNI_133_S_0488_MR_MP-RAGE__br_raw_20090608155514734_3_S68339_I145531.npy,1,0,0,0,0,0,0,0,0,0,,0,0
/home/huangyunyou/amount_data/new_data/,ADNI_022_S_0961_MR_MPRAGE_Repeat__br_raw_20091113133852580_138_S76328_I159083.npy,0,1,0,1,0,0,0,0,0,0,,1,0
/home/huangyunyou/amount_data/new_data/,ADNI_082_S_6287_MR_Accelerated_Sagittal_MPRAGE__br_raw_20180516110410685_21_S685923_I998049.npy,1,0,0,0,0,,0,0,0,0,,0,0
/home/huangyunyou/amount_data/new_data/,ADNI_099_S_0051_MR_MPRAGE_br_raw_20081216110729347_98_S60874_I131049.npy,0,1,0,1,0,0,0,0,0,0,,1,0
/home/huangyunyou/amount_data/new_data/,ADNI_177_S_6408_MR_Sagittal_3D_Accelerated_MPRAGE_br_raw_20180611110521132_46_S693983_I1008024.npy,1,0,0,0,0,,0,0,0,0,,0,0
/home/huangyunyou/amount_data/new_data/,ADNI_068_S_2194_MR_MPRAGE_br_raw_20101117113700509_126_S94911_I205381.npy,0,1,0,1,0,,0,0,0,0,,1,0
/home/huangyunyou/amount_data/new_data/,ADNI_011_S_0002_MR_MPRAGE_br_raw_20050830102647203_1_S9107_I7025.npy,1,0,0,0,0,0,0,0,0,0,,0,0
/home/huangyunyou/amount_data/new_data/,ADNI_116_S_1243_MR_MP-RAGE__br_raw_20100225142117579_137_S80458_I166803.npy,0,1,0,1,0,0,0,0,0,0,,1,0
/home/huangyunyou/amount_data/new_data/,ADNI_130_S_6319_MR_Sagittal_3D_Accelerated_MPRAGE_br_raw_20180427154833126_45_S680325_I990195.npy,1,0,0,0,0,,0,0,0,0,,0,0
/home/huangyunyou/amount_data/new_data/,ADNI_126_S_0709_MR_MP-RAGE__br_raw_20140715140956820_121_S225106_I435652.npy,0,1,0,1,0,0,0,0,0,0,,1,0
/home/huangyunyou/amount_data/new_data/,ADNI_003_S_6307_MR_Accelerated_Sagittal_MPRAGE__br_raw_20180621214551941_82_S698034_I1012896.npy,1,0,0,0,0,,0,0,0,0,,0,0
/home/huangyunyou/amount_data/new_data/,ADNI_109_S_1183_MR_MPRAGE_br_raw_20090408132019640_1_S65816_I141007.npy,0,1,0,1,0,0,0,0,0,0,,1,0
/home/huangyunyou/amount_data/new_data/,ADNI_027_S_1213_MR_MP-RAGE__br_raw_20090126173604255_1_S62260_I134499.npy,0,1,0,1,0,0,0,0,0,0,,1,0
/home/huangyunyou/amount_data/new_data/,ADNI_057_S_0934_MR_MPRAGE_br_raw_20091104150840328_63_S75850_I158244.npy,1,0,0,0,0,0,0,0,0,0,,0,0
/home/huangyunyou/amount_data/new_data/,ADNI_027_S_1277_MR_MP-RAGE__br_raw_20080219144213982_1_S45870_I90784.npy,0,1,0,1,0,0,0,0,0,0,,1,0
/home/huangyunyou/amount_data/new_data/,ADNI_114_S_2392_MR_MPRAGE_br_raw_20110624141320765_85_S112488_I241614.npy,0,1,0,1,0,,0,0,0,0,,1,0
/home/huangyunyou/amount_data/new_data/,00000036_S_6134.npy,0,1,0,1,0,,0,0,0,0,,1,0
/home/huangyunyou/amount_data/new_data/,ADNI_002_S_1070_MR_MP-RAGE__br_raw_20091211070222880_1_S77167_I160754.npy,0,1,0,1,0,0,0,0,0,0,,1,0
/home/huangyunyou/amount_data/new_data/,00000035_S_6641.npy,0,1,0,1,0,,0,0,0,0,,1,0
/home/huangyunyou/amount_data/new_data/,ADNI_029_S_0866_MR_MP-RAGE__br_raw_20091030144749097_84_S75772_I158102.npy,1,0,0,0,0,0,0,0,0,0,,0,0
/home/huangyunyou/amount_data/new_data/,ADNI_036_S_1240_MR_MPRAGE_br_raw_20090305134327279_1_S63957_I137760.npy,0,1,0,1,0,0,0,0,0,0,,1,0
/home/huangyunyou/amount_data/new_data/,ADNI_123_S_0106_MR_MPRAGEASO__br_raw_20100129104838944_170_S79540_I165499.npy,1,0,0,0,0,0,0,0,0,0,,0,0
/home/huangyunyou/amount_data/new_data/,ADNI_082_S_0304_MR_MPRAGE_br_raw_20080423112834794_98_S49157_I103594.npy,1,0,0,0,0,0,0,0,0,0,,0,0
/home/huangyunyou/amount_data/new_data/,ADNI_132_S_0987_MR_MP-RAGE__br_raw_20080519102528303_1_S50300_I106042.npy,0,1,0,1,0,0,0,0,0,0,,1,0
/home/huangyunyou/amount_data/new_data/,ADNI_023_S_0604_MR_MPRAGE_br_raw_20090710144919515_1_S69779_I148533.npy,0,1,0,1,0,0,0,0,0,0,,1,0
/home/huangyunyou/amount_data/new_data/,ADNI_941_S_6570_MR_Accelerated_Sagittal_MPRAGE__br_raw_20180831145251301_21_S723995_I1044538.npy,1,0,0,0,0,,0,0,0,0,,0,0
/home/huangyunyou/amount_data/new_data/,00000006_S_6252.npy,0,1,0,1,0,,0,0,0,0,,1,0
/home/huangyunyou/amount_data/new_data/,ADNI_100_S_0892_MR_ASO-MPRAGE_br_raw_20091028074635025_1_S75629_I157893.npy,0,1,0,1,0,0,0,0,0,0,,1,0
/home/huangyunyou/amount_data/new_data/,ADNI_168_S_6320_MR_Accelerated_Sagittal_MPRAGE__br_raw_20180504091626010_46_S682304_I992584.npy,1,0,0,0,0,,0,0,0,0,,0,0
/home/huangyunyou/amount_data/new_data/,ADNI_128_S_2045_MR_MPRAGE_br_raw_20100829132141071_42_S91366_I191601.npy,0,1,0,1,0,,0,0,0,0,,1,0
/home/huangyunyou/amount_data/new_data/,ADNI_011_S_0021_MR_MPRAGE_br_raw_20081106091234237_1_S58355_I125318.npy,1,0,0,0,0,0,0,0,0,0,,0,0
/home/huangyunyou/amount_data/new_data/,ADNI_082_S_0761_MR_MPRAGE_Repeat__br_raw_20060823132333827_138_S18118_I23173.npy,1,0,0,0,0,0,0,0,0,0,,0,0
/home/huangyunyou/amount_data/new_data/,ADNI_100_S_0930_MR_ASO-MPRAGE_br_raw_20090322174344307_6_S64870_I139546.npy,0,1,0,1,0,0,0,0,0,0,,1,0
/home/huangyunyou/amount_data/new_data/,ADNI_131_S_0123_MR_MP-RAGE__br_raw_20100205134631800_1_S79799_I165858.npy,1,0,0,0,0,0,0,0,0,0,,0,0
/home/huangyunyou/amount_data/new_data/,ADNI_128_S_1088_MR_MPRAGE_br_raw_20091030131546984_103_S75755_I158075.npy,0,1,0,1,0,0,0,0,0,0,,1,0
/home/huangyunyou/amount_data/new_data/,ADNI_053_S_2357_MR_MPRAGE_br_raw_20110420152029982_129_S104829_I228464.npy,0,1,0,1,0,,0,0,0,0,,1,0
/home/huangyunyou/amount_data/new_data/,ADNI_127_S_6173_MR_Accelerated_Sagittal_IR-FSPGR__br_raw_20180208114930270_121_S657038_I961583.npy,1,0,0,0,0,,0,0,0,0,,0,0
/home/huangyunyou/amount_data/new_data/,ADNI_023_S_6399_MR_Accelerated_Sagittal_MPRAGE__br_raw_20180530154838018_181_S690743_I1003993.npy,1,0,0,0,0,,0,0,0,0,,0,0
/home/huangyunyou/amount_data/new_data/,00000009_S_6402.npy,0,1,0,1,0,,0,0,0,0,,1,0
/home/huangyunyou/amount_data/new_data/,ADNI_052_S_6412_MR_Accelerated_Sagittal_MPRAGE__br_raw_20180802093725655_191_S711752_I1029891.npy,1,0,0,0,0,,0,0,0,0,,0,0
/home/huangyunyou/amount_data/new_data/,ADNI_027_S_0644_MR_MP-RAGE__br_raw_20100625123912945_72_S88117_I180319.npy,0,1,0,1,0,0,0,0,0,0,,1,0
/home/huangyunyou/amount_data/new_data/,ADNI_128_S_1242_MR_MPRAGE_br_raw_20080321131954421_1_S47327_I99234.npy,1,0,0,0,0,0,0,0,0,0,,0,0
/home/huangyunyou/amount_data/new_data/,ADNI_072_S_2093_MR_MPRAGE_br_raw_20101008113901264_124_S93143_I195820.npy,0,1,0,1,0,,0,0,0,0,,1,0
/home/huangyunyou/amount_data/new_data/,ADNI_011_S_0005_MR_MPRAGE_br_raw_20080911093631661_1_S56381_I117777.npy,1,0,0,0,0,0,0,0,0,0,,0,0
/home/huangyunyou/amount_data/new_data/,ADNI_130_S_0289_MR_MP-RAGE__br_raw_20100512102647440_26_S84788_I173500.npy,0,1,0,1,0,0,0,0,0,0,,1,0
/home/huangyunyou/amount_data/new_data/,ADNI_067_S_2195_MR_MPRAGE_br_raw_20101119094437484_110_S95056_I205877.npy,0,1,0,1,0,,0,0,0,0,,1,0
/home/huangyunyou/amount_data/new_data/,ADNI_098_S_2079_MR_Accelerated_Sag_IR-SPGR__br_raw_20100922162457579_103_S92420_I193312.npy,0,1,0,1,0,,0,0,0,0,,1,0
/home/huangyunyou/amount_data/new_data/,ADNI_127_S_6232_MR_Accelerated_Sagittal_IR-FSPGR__br_raw_20180330161620603_78_S672272_I980179.npy,1,0,0,0,0,,0,0,0,0,,0,0
/home/huangyunyou/amount_data/new_data/,ADNI_018_S_2138_MR_MPRAGE_br_raw_20101104140230661_81_S94232_I202429.npy,0,1,0,1,0,,0,0,0,0,,1,0
/home/huangyunyou/amount_data/new_data/,ADNI_002_S_6053_MR_Accelerated_Sagittal_MPRAGE__br_raw_20170724104500052_169_S586900_I878146.npy,1,0,0,0,0,,0,0,0,0,,0,0
/home/huangyunyou/amount_data/new_data/,ADNI_135_S_6411_MR_Accelerated_Sag_IR-FSPGR___br_raw_20180604134236674_108_S691836_I1005341.npy,1,0,0,0,0,,0,0,0,0,,0,0
/home/huangyunyou/amount_data/new_data/,ADNI_067_S_0607_MR_MPRAGE_br_raw_20081114122118599_97_S59060_I126544.npy,0,1,0,1,0,0,0,0,0,0,,1,0
/home/huangyunyou/amount_data/new_data/,ADNI_116_S_6624_MR_Accelerated_Sagittal_MPRAGE__br_raw_20181102152703088_161_S744292_I1069428.npy,1,0,0,0,0,,0,0,0,0,,0,0
/home/huangyunyou/amount_data/new_data/,ADNI_109_S_1343_MR_MPRAGE_br_raw_20080430084945313_1_S49500_I104307.npy,0,1,0,1,0,0,0,0,0,0,,1,0
/home/huangyunyou/amount_data/new_data/,ADNI_941_S_6333_MR_Accelerated_Sagittal_MPRAGE__br_raw_20180601135049721_102_S691304_I1004681.npy,1,0,0,0,0,,0,0,0,0,,0,0
/home/huangyunyou/amount_data/new_data/,ADNI_114_S_0410_MR_MPRAGE_br_raw_20071102165911464_98_S42230_I80580.npy,0,1,0,1,0,0,0,0,0,0,,1,0
/home/huangyunyou/amount_data/new_data/,ADNI_130_S_6019_MR_Sagittal_3D_Accelerated_MPRAGE_br_raw_20170609162912879_190_S567412_I854993.npy,1,0,0,0,0,,0,0,0,0,,0,0
/home/huangyunyou/amount_data/new_data/,ADNI_114_S_0378_MR_MPRAGE_br_raw_20090430093442142_97_S66813_I142821.npy,0,1,0,1,0,0,0,0,0,0,,1,0
/home/huangyunyou/amount_data/new_data/,ADNI_131_S_0441_MR_MP-RAGE__br_raw_20100512103626310_70_S84790_I173502.npy,1,0,0,0,0,0,0,0,0,0,,0,0
/home/huangyunyou/amount_data/new_data/,ADNI_018_S_2155_MR_MPRAGE_br_raw_20101202154841190_48_S95705_I207345.npy,0,1,0,1,0,,0,0,0,0,,1,0
/home/huangyunyou/amount_data/new_data/,ADNI_131_S_6519_MR_Sagittal_3D_Accelerated_MPRAGE_br_raw_20190109095922205_120_S713874_I1032569.npy,1,0,0,0,0,,0,0,0,0,,0,0
/home/huangyunyou/amount_data/new_data/,ADNI_082_S_2307_MR_MPRAGE_br_raw_20110215154927984_121_S99883_I217602.npy,0,1,0,1,0,,0,0,0,0,,1,0
/home/huangyunyou/amount_data/new_data/,ADNI_033_S_0514_MR_MP-RAGE__br_raw_20100610102634803_154_S87174_I177300.npy,0,1,0,1,0,0,0,0,0,0,,1,0
/home/huangyunyou/amount_data/new_data/,ADNI_133_S_0525_MR_MP-RAGE__br_raw_20090701135740453_3_S69319_I147375.npy,1,0,0,0,0,0,0,0,0,0,,0,0
/home/huangyunyou/amount_data/new_data/,ADNI_011_S_0861_MR_MPRAGE_br_raw_20091007100334775_1_S74473_I156117.npy,0,1,0,1,0,0,0,0,0,0,,1,0
/home/huangyunyou/amount_data/new_data/,ADNI_014_S_0520_MR_MP-RAGE__br_raw_20090604122842627_4_S68263_I145417.npy,1,0,0,0,0,0,0,0,0,0,,0,0
/home/huangyunyou/amount_data/new_data/,ADNI_130_S_0285_MR_MP-RAGE__br_raw_20100416162719838_129_S83437_I171252.npy,0,1,0,1,0,0,0,0,0,0,,1,0
/home/huangyunyou/amount_data/new_data/,ADNI_141_S_0810_MR_MPRAGE_br_raw_20090708150909661_101_S69678_I148319.npy,1,0,0,0,0,0,0,0,0,0,,0,0
/home/huangyunyou/amount_data/new_data/,ADNI_023_S_0625_MR_MPRAGE_br_raw_20091020144834790_1_S75404_I157551.npy,0,1,0,1,0,0,0,0,0,0,,1,0
/home/huangyunyou/amount_data/new_data/,00000109_S_6376.npy,0,1,0,1,0,,0,0,0,0,,1,0
/home/huangyunyou/amount_data/new_data/,ADNI_020_S_0883_MR_MPRAGE_br_raw_20091121094313265_1_S76708_I159693.npy,1,0,0,0,0,0,0,0,0,0,,0,0
/home/huangyunyou/amount_data/new_data/,00000027_S_6002.npy,0,1,0,1,0,,0,0,0,0,,1,0
/home/huangyunyou/amount_data/new_data/,ADNI_137_S_0972_MR_MP-RAGE__br_raw_20091201151803792_1_S76845_I159958.npy,1,0,0,0,0,0,0,0,0,0,,0,0
/home/huangyunyou/amount_data/new_data/,00000037_S_6141.npy,0,1,0,1,0,,0,0,0,0,,1,0
/home/huangyunyou/amount_data/new_data/,ADNI_035_S_6200_MR_Accelerated_Sagittal_MPRAGE__br_raw_20180215141217553_121_S659829_I964917.npy,1,0,0,0,0,,0,0,0,0,,0,0
/home/huangyunyou/amount_data/new_data/,ADNI_016_S_1326_MR_MPRAGE_br_raw_20090402094311998_98_S65411_I140319.npy,0,1,0,1,0,0,0,0,0,0,,1,0
/home/huangyunyou/amount_data/new_data/,ADNI_128_S_0611_MR_REPEAT_SAG_3D_MPRAGE_br_raw_20140724143959832_108_S225829_I436691.npy,0,1,0,1,0,0,0,0,0,0,,1,0
/home/huangyunyou/amount_data/new_data/,ADNI_114_S_6487_MR_Accelerated_Sagittal_MPRAGE__br_raw_20181002085526789_46_S732180_I1054709.npy,1,0,0,0,0,,0,0,0,0,,0,0
/home/huangyunyou/amount_data/new_data/,ADNI_100_S_0006_MR_ASO-MPRAGE_br_raw_20090422222856799_170_S66586_I142392.npy,0,1,0,1,0,0,0,0,0,0,,1,0
/home/huangyunyou/amount_data/new_data/,ADNI_130_S_6105_MR_Sagittal_3D_Accelerated_MPRAGE_br_raw_20171103110011389_128_S627832_I926577.npy,1,0,0,0,0,,0,0,0,0,,0,0
/home/huangyunyou/amount_data/new_data/,ADNI_094_S_1330_MR_MP-RAGE__br_raw_20140707174342955_110_S224397_I434655.npy,0,1,0,1,0,0,0,0,0,0,,1,0
/home/huangyunyou/amount_data/new_data/,ADNI_027_S_1045_MR_MP-RAGE__br_raw_20091113072352168_1_S76310_I159061.npy,0,1,0,1,0,0,0,0,0,0,,1,0
/home/huangyunyou/amount_data/new_data/,ADNI_024_S_6472_MR_Accelerated_Sagittal_MPRAGE__br_raw_20180703134025672_73_S700935_I1016587.npy,1,0,0,0,0,,0,0,0,0,,0,0
/home/huangyunyou/amount_data/new_data/,ADNI_052_S_1054_MR_MP-RAGE__br_raw_20081208101905562_27_S60596_I129488.npy,0,1,0,1,0,0,0,0,0,0,,1,0
/home/huangyunyou/amount_data/new_data/,ADNI_941_S_1195_MR_MPRAGE_br_raw_20100303110637202_36_S80556_I167111.npy,1,0,0,0,0,0,0,0,0,0,,0,0
/home/huangyunyou/amount_data/new_data/,ADNI_012_S_0917_MR_MPRAGE_br_raw_20070619125108328_157_S33757_I57265.npy,0,1,0,1,0,0,0,0,0,0,,1,0
/home/huangyunyou/amount_data/new_data/,ADNI_032_S_6294_MR_Accelerated_Sagittal_MPRAGE__br_raw_20180503123829919_37_S681993_I992208.npy,1,0,0,0,0,,0,0,0,0,,0,0
/home/huangyunyou/amount_data/new_data/,ADNI_052_S_0671_MR_MP-RAGE__br_raw_20091221134722971_90_S77449_I161307.npy,0,1,0,1,0,0,0,0,0,0,,1,0
/home/huangyunyou/amount_data/new_data/,ADNI_109_S_2200_MR_Accelerated_SAG_IR-SPGR__br_raw_20101123180845929_16_S95177_I206464.npy,0,1,0,1,0,,0,0,0,0,,1,0
/home/huangyunyou/amount_data/new_data/,ADNI_041_S_6226_MR_Accelerated_Sagittal_MPRAGE__br_raw_20180402142608910_71_S672440_I980386.npy,1,0,0,0,0,,0,0,0,0,,0,0
/home/huangyunyou/amount_data/new_data/,ADNI_133_S_0629_MR_MPRAGE_br_raw_20080204133034863_1_S45287_I89297.npy,0,1,0,1,0,0,0,0,0,0,,1,0
/home/huangyunyou/amount_data/new_data/,ADNI_114_S_6524_MR_Accelerated_Sagittal_MPRAGE__br_raw_20181026145657903_94_S740214_I1064839.npy,1,0,0,0,0,,0,0,0,0,,0,0
/home/huangyunyou/amount_data/new_data/,ADNI_128_S_2057_MR_MPRAGE_br_raw_20100903120516235_84_S91651_I192070.npy,0,1,0,1,0,,0,0,0,0,,1,0
/home/huangyunyou/amount_data/new_data/,ADNI_002_S_1268_MR_MP-RAGE__br_raw_20100305045731091_140_S80685_I167297.npy,0,1,0,1,0,0,0,0,0,0,,1,0
/home/huangyunyou/amount_data/new_data/,ADNI_037_S_0303_MR_MP-RAGE__br_raw_20101021141614432_137_S93542_I198299.npy,1,0,0,0,0,0,0,0,0,0,,0,0
/home/huangyunyou/amount_data/new_data/,ADNI_033_S_0725_MR_MP-RAGE__br_raw_20080808162720751_3_S55179_I115805.npy,0,1,0,1,0,0,0,0,0,0,,1,0
/home/huangyunyou/amount_data/new_data/,ADNI_114_S_0166_MR_MPRAGE_br_raw_20090311092315950_22_S64271_I138303.npy,1,0,0,0,0,0,0,0,0,0,,0,0
/home/huangyunyou/amount_data/new_data/,ADNI_029_S_2376_MR_IR-SPGR__br_raw_20110705181758518_192_S113624_I243329.npy,0,1,0,1,0,,0,0,0,0,,1,0
/home/huangyunyou/amount_data/new_data/,ADNI_123_S_0072_MR_MPRAGEASO__br_raw_20100201093546281_170_S79587_I165571.npy,1,0,0,0,0,0,0,0,0,0,,0,0
/home/huangyunyou/amount_data/new_data/,ADNI_021_S_0141_MR_MP-RAGE__br_raw_20100222131955140_58_S80277_I166518.npy,0,1,0,1,0,0,0,0,0,0,,1,0
/home/huangyunyou/amount_data/new_data/,ADNI_127_S_6203_MR_Accelerated_Sagittal_IR-FSPGR__br_raw_20180329122155288_115_S671264_I978946.npy,1,0,0,0,0,,0,0,0,0,,0,0
/home/huangyunyou/amount_data/new_data/,00000098_S_6534.npy,0,1,0,1,0,,0,0,0,0,,1,0
/home/huangyunyou/amount_data/new_data/,ADNI_057_S_0464_MR_MPRAGE_br_raw_20090624161733312_98_S69135_I146659.npy,0,1,0,1,0,0,0,0,0,0,,1,0
/home/huangyunyou/amount_data/new_data/,ADNI_021_S_0337_MR_MP-RAGE__br_raw_20100505135304718_138_S84483_I173062.npy,1,0,0,0,0,0,0,0,0,0,,0,0
/home/huangyunyou/amount_data/new_data/,ADNI_031_S_0351_MR_MPRAGE_ASO_br_raw_20090429162052306_170_S66794_I142787.npy,0,1,0,1,0,0,0,0,0,0,,1,0
/home/huangyunyou/amount_data/new_data/,ADNI_007_S_6310_MR_Accelerated_Sagittal_MPRAGE__br_raw_20180410105753237_54_S674913_I983493.npy,1,0,0,0,0,,0,0,0,0,,0,0
/home/huangyunyou/amount_data/new_data/,ADNI_033_S_1279_MR_MP-RAGE__br_raw_20090302170135320_3_S63788_I137467.npy,0,1,0,1,0,0,0,0,0,0,,1,0
/home/huangyunyou/amount_data/new_data/,ADNI_137_S_1426_MR_MP-RAGE__br_raw_20081031083524512_1_S58136_I124659.npy,0,1,0,1,0,0,0,0,0,0,,1,0
/home/huangyunyou/amount_data/new_data/,ADNI_099_S_2042_MR_MPRAGE_br_raw_20100818124926738_71_S90767_I190791.npy,0,1,0,1,0,,0,0,0,0,,1,0
/home/huangyunyou/amount_data/new_data/,ADNI_126_S_0605_MR_MP-RAGE__br_raw_20100707140446665_35_S88668_I181028.npy,1,0,0,0,0,0,0,0,0,0,,0,0
/home/huangyunyou/amount_data/new_data/,ADNI_068_S_2168_MR_MPRAGE_br_raw_20101105101616430_122_S94292_I202818.npy,0,1,0,1,0,,0,0,0,0,,1,0
/home/huangyunyou/amount_data/new_data/,ADNI_941_S_6054_MR_Accelerated_Sagittal_MPRAGE__br_raw_20170731131845890_154_S589004_I880643.npy,1,0,0,0,0,,0,0,0,0,,0,0
/home/huangyunyou/amount_data/new_data/,ADNI_005_S_0610_MR_MP-RAGE__br_raw_20090806154722403_3_S72045_I152601.npy,1,0,0,0,0,0,0,0,0,0,,0,0
/home/huangyunyou/amount_data/new_data/,ADNI_128_S_0608_MR_REPEAT_SAG_3D_MPRAGE_br_raw_20090605121833192_48_S68309_I145490.npy,0,1,0,1,0,0,0,0,0,0,,1,0
/home/huangyunyou/amount_data/new_data/,ADNI_131_S_0436_MR_MP-RAGE__br_raw_20060519094651406_85_S14710_I15674.npy,1,0,0,0,0,0,0,0,0,0,,0,0
/home/huangyunyou/amount_data/new_data/,ADNI_002_S_0729_MR_MP-RAGE__br_raw_20090813233511639_1_S72361_I153068.npy,0,1,0,1,0,0,0,0,0,0,,1,0
/home/huangyunyou/amount_data/new_data/,ADNI_130_S_0886_MR_MPRAGE_SENSE_br_raw_20140724110024709_129_S77011_I160452.npy,1,0,0,0,0,0,0,0,0,0,,0,0
/home/huangyunyou/amount_data/new_data/,ADNI_041_S_1423_MR_MPRAGE_br_raw_20080825150026231_98_S55786_I116809.npy,0,1,0,1,0,0,0,0,0,0,,1,0
/home/huangyunyou/amount_data/new_data/,ADNI_032_S_2240_MR_MPRAGE_br_raw_20101216112423374_87_S96597_I208838.npy,0,1,0,1,0,,0,0,0,0,,1,0
/home/huangyunyou/amount_data/new_data/,ADNI_003_S_0981_MR_MPRAGE_Repeat__br_raw_20140722155919765_18_S225535_I436281.npy,1,0,0,0,0,0,0,0,0,0,,0,0
/home/huangyunyou/amount_data/new_data/,ADNI_023_S_0126_MR_MPRAGE_br_raw_20100304110135420_81_S80628_I167211.npy,0,1,0,1,0,0,0,0,0,0,,1,0
/home/huangyunyou/amount_data/new_data/,ADNI_003_S_6260_MR_Accelerated_Sagittal_MPRAGE__raw_20180522221050379_22_S688417_I1001084.npy,1,0,0,0,0,,0,0,0,0,,0,0
/home/huangyunyou/amount_data/new_data/,00000033_S_6497.npy,0,1,0,1,0,,0,0,0,0,,1,0
/home/huangyunyou/amount_data/new_data/,ADNI_141_S_6253_MR_Accelerated_Sagittal_MPRAGE__br_raw_20180319111437558_2_S667797_I974714.npy,1,0,0,0,0,,0,0,0,0,,0,0
/home/huangyunyou/amount_data/new_data/,ADNI_082_S_0928_MR_MPRAGE_br_raw_20080609112539344_75_S51161_I108707.npy,0,1,0,1,0,0,0,0,0,0,,1,0
/home/huangyunyou/amount_data/new_data/,00000027_S_6463.npy,0,1,0,1,0,,0,0,0,0,,1,0
/home/huangyunyou/amount_data/new_data/,ADNI_121_S_1350_MR_ASO-MPRAGE_br_raw_20070921102654758_1_S39567_I74041.npy,0,1,0,1,0,0,0,0,0,0,,1,0
/home/huangyunyou/amount_data/new_data/,ADNI_027_S_6001_MR_Accelerated_Sagittal_IR-FSPGR__br_raw_20170321174517937_155_S527288_I808819.npy,1,0,0,0,0,,0,0,0,0,,0,0
/home/huangyunyou/amount_data/new_data/,ADNI_022_S_0544_MR_MPRAGE_Repeat__br_raw_20080514162635911_29_S50132_I105625.npy,0,1,0,1,0,0,0,0,0,0,,1,0
/home/huangyunyou/amount_data/new_data/,ADNI_130_S_6372_MR_Sagittal_3D_Accelerated_MPRAGE_br_raw_20180523132532940_186_S688620_I1001329.npy,1,0,0,0,0,,0,0,0,0,,0,0
/home/huangyunyou/amount_data/new_data/,ADNI_018_S_6207_MR_Sagittal_3D_Accelerated_MPRAGE_br_raw_20180214090114639_1_S658844_I963722.npy,1,0,0,0,0,,0,0,0,0,,0,0
/home/huangyunyou/amount_data/new_data/,ADNI_126_S_2407_MR_Accelerated_Sag_IR-SPGR__br_raw_20111121110527271_126_S130243_I267718.npy,0,1,0,1,0,,0,0,0,0,,1,0
/home/huangyunyou/amount_data/new_data/,ADNI_177_S_6328_MR_Sagittal_3D_Accelerated_MPRAGE_br_raw_20180504143216507_35_S682465_I992799.npy,1,0,0,0,0,,0,0,0,0,,0,0
/home/huangyunyou/amount_data/new_data/,ADNI_116_S_0890_MR_MP-RAGE__br_raw_20070803132917246_76_S36890_I64542.npy,0,1,0,1,0,0,0,0,0,0,,1,0
/home/huangyunyou/amount_data/new_data/,ADNI_116_S_6517_MR_Accelerated_Sagittal_MPRAGE__br_raw_20180910165235976_89_S726036_I1047168.npy,1,0,0,0,0,,0,0,0,0,,0,0
/home/huangyunyou/amount_data/new_data/,ADNI_098_S_0160_MR_MP-RAGE__br_raw_20100222125801469_77_S80336_I166625.npy,0,1,0,1,0,0,0,0,0,0,,1,0
/home/huangyunyou/amount_data/new_data/,ADNI_023_S_1247_MR_MPRAGE_br_raw_20090312154140796_1_S64441_I138591.npy,0,1,0,1,0,0,0,0,0,0,,1,0
/home/huangyunyou/amount_data/new_data/,ADNI_116_S_1249_MR_MP-RAGE__br_raw_20100204153954034_1_S79763_I165814.npy,1,0,0,0,0,0,0,0,0,0,,0,0
/home/huangyunyou/amount_data/new_data/,ADNI_009_S_2208_MR_MPRAGE_br_raw_20101202202402489_6_S95723_I207373.npy,0,1,0,1,0,,0,0,0,0,,1,0
/home/huangyunyou/amount_data/new_data/,ADNI_114_S_6057_MR_Accelerated_Sagittal_MPRAGE__br_raw_20171026143002762_103_S624788_I923016.npy,1,0,0,0,0,,0,0,0,0,,0,0
/home/huangyunyou/amount_data/new_data/,00000003_S_6258.npy,0,1,0,1,0,,0,0,0,0,,1,0
/home/huangyunyou/amount_data/new_data/,ADNI_067_S_0257_MR_MPRAGE_br_raw_20100816163314342_2_S90532_I190412.npy,1,0,0,0,0,0,0,0,0,0,,0,0
/home/huangyunyou/amount_data/new_data/,ADNI_116_S_6439_MR_Accelerated_Sagittal_MPRAGE__br_raw_20180629165915619_53_S700404_I1015823.npy,1,0,0,0,0,,0,0,0,0,,0,0
/home/huangyunyou/amount_data/new_data/,00000006_S_6441.npy,0,1,0,1,0,,0,0,0,0,,1,0
/home/huangyunyou/amount_data/new_data/,ADNI_941_S_1363_MR_MPRAGE_br_raw_20070313130707971_98_S28008_I44495.npy,0,1,0,1,0,0,0,0,0,0,,1,0
/home/huangyunyou/amount_data/new_data/,ADNI_009_S_6163_MR_Accelerated_Sag_IR-FSPGR_br_raw_20180214122333476_163_S658886_I963779.npy,1,0,0,0,0,,0,0,0,0,,0,0
/home/huangyunyou/amount_data/new_data/,00000109_S_6364.npy,0,1,0,1,0,,0,0,0,0,,1,0
/home/huangyunyou/amount_data/new_data/,00000006_S_6651.npy,0,1,0,1,0,,0,0,0,0,,1,0
/home/huangyunyou/amount_data/new_data/,ADNI_141_S_1378_MR_MPRAGE_br_raw_20080428152640208_98_S49400_I104130.npy,0,1,0,1,0,0,0,0,0,0,,1,0
/home/huangyunyou/amount_data/new_data/,ADNI_016_S_1138_MR_MPRAGE_br_raw_20070731154106006_47_S36688_I63269.npy,0,1,0,1,0,0,0,0,0,0,,1,0
/home/huangyunyou/amount_data/new_data/,ADNI_003_S_6259_MR_Accelerated_Sagittal_MPRAGE__br_raw_20180323234331389_68_S670001_I977365.npy,1,0,0,0,0,,0,0,0,0,,0,0
/home/huangyunyou/amount_data/new_data/,ADNI_041_S_6136_MR_Accelerated_Sagittal_MPRAGE__br_raw_20171211134436262_94_S642911_I944422.npy,1,0,0,0,0,,0,0,0,0,,0,0
/home/huangyunyou/amount_data/new_data/,ADNI_018_S_0142_MR_MPRAGE_br_raw_20100517132508740_152_S85051_I173896.npy,0,1,0,1,0,0,0,0,0,0,,1,0
/home/huangyunyou/amount_data/new_data/,ADNI_129_S_6288_MR_Accelerated_Sag_IR-FSPGR___br_raw_20180403154720572_5_S672766_I980829.npy,1,0,0,0,0,,0,0,0,0,,0,0
/home/huangyunyou/amount_data/new_data/,ADNI_013_S_1186_MR_MPRAGE_br_raw_20090410164810296_95_S65170_I139978.npy,0,1,0,1,0,0,0,0,0,0,,1,0
/home/huangyunyou/amount_data/new_data/,ADNI_137_S_0443_MR_MP-RAGE__br_raw_20090813113018568_180_S72308_I152996.npy,0,1,0,1,0,0,0,0,0,0,,1,0
/home/huangyunyou/amount_data/new_data/,ADNI_002_S_6007_MR_Accelerated_Sagittal_MPRAGE__br_raw_20170403113624532_21_S551363_I835740.npy,1,0,0,0,0,,0,0,0,0,,0,0
/home/huangyunyou/amount_data/new_data/,ADNI_027_S_0835_MR_MP-RAGE__br_raw_20100902122939095_25_S91582_I191943.npy,0,1,0,1,0,0,0,0,0,0,,1,0
/home/huangyunyou/amount_data/new_data/,ADNI_073_S_0089_MR_MPRAGE_br_raw_20090203115955837_98_S62603_I135141.npy,1,0,0,0,0,0,0,0,0,0,,0,0
/home/huangyunyou/amount_data/new_data/,ADNI_141_S_2210_MR_MPRAGE_br_raw_20110117092826589_162_S97644_I212301.npy,0,1,0,1,0,,0,0,0,0,,1,0
/home/huangyunyou/amount_data/new_data/,ADNI_094_S_6417_MR_Accelerated_Sagittal_MPRAGE__br_raw_20180626091746294_7_S698530_I1013527.npy,1,0,0,0,0,,0,0,0,0,,0,0
/home/huangyunyou/amount_data/new_data/,ADNI_037_S_0588_MR_MP-RAGE__br_raw_20090306122803171_1_S64039_I137859.npy,0,1,0,1,0,0,0,0,0,0,,1,0
/home/huangyunyou/amount_data/new_data/,ADNI_129_S_6459_MR_Accelerated_Sag_IR-FSPGR___br_raw_20180627123111020_110_S699107_I1014209.npy,1,0,0,0,0,,0,0,0,0,,0,0
/home/huangyunyou/amount_data/new_data/,ADNI_033_S_1098_MR_MP-RAGE__br_raw_20091204133639658_3_S76934_I160297.npy,1,0,0,0,0,0,0,0,0,0,,0,0
/home/huangyunyou/amount_data/new_data/,ADNI_022_S_2379_MR_MPRAGE_br_raw_20110516130454093_161_S109000_I235155.npy,0,1,0,1,0,,0,0,0,0,,1,0
/home/huangyunyou/amount_data/new_data/,ADNI_002_S_1261_MR_MP-RAGE__br_raw_20100225171339402_123_S80484_I166845.npy,1,0,0,0,0,0,0,0,0,0,,0,0
/home/huangyunyou/amount_data/new_data/,00000109_S_1157.npy,0,0,1,2,1,0,,0,,0,1,2,
/home/huangyunyou/amount_data/new_data/,00000136_S_0426.npy,0,0,1,2,1,0,,0,,0,1,2,
/home/huangyunyou/amount_data/new_data/,00000067_S_0029.npy,0,0,1,2,1,0,,0,,0,1,2,
/home/huangyunyou/amount_data/new_data/,00000128_S_1430.npy,0,0,1,2,1,0,,0,,0,1,2,
/home/huangyunyou/amount_data/new_data/,00000021_S_0753.npy,0,0,1,2,1,0,,0,,0,1,2,
/home/huangyunyou/amount_data/new_data/,00000057_S_1371.npy,0,0,1,2,1,0,,0,,0,1,2,
/home/huangyunyou/amount_data/new_data/,00000128_S_0167.npy,0,0,1,2,1,0,,0,,0,1,2,
/home/huangyunyou/amount_data/new_data/,00000128_S_0517.npy,0,0,1,2,1,0,,0,,0,1,2,
/home/huangyunyou/amount_data/new_data/,00000126_S_1221.npy,0,0,1,2,1,0,,0,,0,1,2,
/home/huangyunyou/amount_data/new_data/,00000013_S_0699.npy,0,0,1,2,1,0,,0,,0,1,2,
/home/huangyunyou/amount_data/new_data/,00000012_S_0689.npy,0,0,1,2,1,0,,0,,0,1,2,
/home/huangyunyou/amount_data/new_data/,00000002_S_0816.npy,0,0,1,2,1,0,,0,,0,1,2,
/home/huangyunyou/amount_data/new_data/,00000128_S_0740.npy,0,0,1,2,1,0,,0,,0,1,2,
/home/huangyunyou/amount_data/new_data/,00000128_S_0310.npy,0,0,1,2,1,0,,0,,0,1,2,
/home/huangyunyou/amount_data/new_data/,00000062_S_0690.npy,0,0,1,2,1,0,,0,,0,1,2,
/home/huangyunyou/amount_data/new_data/,00000011_S_0053.npy,0,0,1,2,1,0,,0,,0,1,2,
/home/huangyunyou/amount_data/new_data/,00000051_S_1296.npy,0,0,1,2,1,0,,0,,0,1,2,
/home/huangyunyou/amount_data/new_data/,00000033_S_1285.npy,0,0,1,2,1,0,,0,,0,1,2,
/home/huangyunyou/amount_data/new_data/,00000023_S_1262.npy,0,0,1,2,1,0,,0,,0,1,2,
/home/huangyunyou/amount_data/new_data/,00000005_S_0221.npy,0,0,1,2,1,0,,0,,0,1,2,
/home/huangyunyou/amount_data/new_data/,00000067_S_1253.npy,0,0,1,2,1,0,,0,,0,1,2,
/home/huangyunyou/amount_data/new_data/,00000002_S_0938.npy,0,0,1,2,1,0,,0,,0,1,2,
/home/huangyunyou/amount_data/new_data/,00000126_S_0606.npy,0,0,1,2,1,0,,0,,0,1,2,
/home/huangyunyou/amount_data/new_data/,00000029_S_1184.npy,0,0,1,2,1,0,,0,,0,1,2,
/home/huangyunyou/amount_data/new_data/,00000114_S_0374.npy,0,0,1,2,1,0,,0,,0,1,2,
/home/huangyunyou/amount_data/new_data/,00000012_S_0720.npy,0,0,1,2,1,0,,0,,0,1,2,
/home/huangyunyou/amount_data/new_data/,00000141_S_1152.npy,0,0,1,2,1,0,,0,,0,1,2,
/home/huangyunyou/amount_data/new_data/,00000127_S_0754.npy,0,0,1,2,1,0,,0,,0,1,2,
/home/huangyunyou/amount_data/new_data/,00000114_S_0228.npy,0,0,1,2,1,0,,0,,0,1,2,
/home/huangyunyou/amount_data/new_data/,ADNI_301_S_6592_MR_Sagittal_3D_Accelerated_MPRAGE_br_raw_20181024134259031_193_S739428_I1063917.npy,0,0,1,2,1,,,,,,1,2,
/home/huangyunyou/amount_data/new_data/,ADNI_100_S_1226_MR_ASO-MPRAGE_br_raw_20100323145816634_140_S81565_I168530.npy,0,0,1,2,1,0,,0,,0,1,2,
/home/huangyunyou/amount_data/new_data/,00000012_S_0712.npy,0,0,1,2,1,0,,0,,0,1,2,
/home/huangyunyou/amount_data/new_data/,00000029_S_0999.npy,0,0,1,2,1,0,,0,,0,1,2,
/home/huangyunyou/amount_data/new_data/,00000131_S_0691.npy,0,0,1,2,1,0,,0,,0,1,2,
/home/huangyunyou/amount_data/new_data/,00000033_S_0724.npy,0,0,1,2,1,0,,0,,0,1,2,
/home/huangyunyou/amount_data/new_data/,ADNI_135_S_6389_MR_Accelerated_Sag_IR-FSPGR___br_raw_20180529163541369_55_S690538_I1003730.npy,0,0,1,2,1,,,,,,1,2,
/home/huangyunyou/amount_data/new_data/,ADNI_011_S_6303_MR_Accelerated_Sagittal_MPRAGE__br_raw_20180413145533400_127_S676284_I985197.npy,0,0,1,2,1,,,,,,1,2,
/home/huangyunyou/amount_data/new_data/,00000014_S_0328.npy,0,0,1,2,1,0,,0,,0,1,2,
/home/huangyunyou/amount_data/new_data/,00000024_S_1171.npy,0,0,1,2,1,0,,0,,0,1,2,
/home/huangyunyou/amount_data/new_data/,00000020_S_0213.npy,0,0,1,2,1,0,,0,,0,1,2,
/home/huangyunyou/amount_data/new_data/,00000137_S_0796.npy,0,0,1,2,1,0,,0,,0,1,2,
/home/huangyunyou/amount_data/new_data/,00000100_S_1113.npy,0,0,1,2,1,0,,0,,0,1,2,
/home/huangyunyou/amount_data/new_data/,00000130_S_0956.npy,0,0,1,2,1,0,,0,,0,1,2,
/home/huangyunyou/amount_data/new_data/,ADNI_062_S_1294_MR_MPRAGE_br_raw_20070816151607994_98_S37523_I68198.npy,0,1,0,1,0,0,0,0,0,0,,1,0
/home/huangyunyou/amount_data/new_data/,ADNI_341_S_6494_MR_Accelerated_Sagittal_MPRAGE__br_raw_20181004122527428_148_S733426_I1056183.npy,1,0,0,0,0,,0,0,0,0,,0,0
/home/huangyunyou/amount_data/new_data/,ADNI_023_S_0030_MR_MPRAGE_br_raw_20081126143559511_1_S60282_I128593.npy,0,1,0,1,0,0,0,0,0,0,,1,0
/home/huangyunyou/amount_data/new_data/,ADNI_016_S_2284_MR_Accelerated_SAG_IR-SPGR__br_raw_20110210153410146_9_S99607_I216941.npy,0,1,0,1,0,,0,0,0,0,,1,0
/home/huangyunyou/amount_data/new_data/,ADNI_128_S_0545_MR_REPEAT_SAG_3D_MPRAGE_br_raw_20090618145524028_1_S68921_I146352.npy,1,0,0,0,0,0,0,0,0,0,,0,0
/home/huangyunyou/amount_data/new_data/,ADNI_057_S_0839_MR_MPRAGE_br_raw_20091015100317229_80_S75181_I157161.npy,0,1,0,1,0,0,0,0,0,0,,1,0
/home/huangyunyou/amount_data/new_data/,00000023_S_6369.npy,0,1,0,1,0,,0,0,0,0,,1,0
/home/huangyunyou/amount_data/new_data/,ADNI_007_S_1222_MR_MP-RAGE__br_raw_20100218141009685_3_S80200_I166407.npy,1,0,0,0,0,0,0,0,0,0,,0,0
/home/huangyunyou/amount_data/new_data/,ADNI_130_S_1200_MR_MP-RAGE__br_raw_20100209154403955_13_S79960_I166068.npy,1,0,0,0,0,0,0,0,0,0,,0,0
/home/huangyunyou/amount_data/new_data/,ADNI_099_S_0958_MR_MPRAGE_br_raw_20130418083020260_62_S187330_I367798.npy,0,1,0,1,0,0,0,0,0,0,,1,0
/home/huangyunyou/amount_data/new_data/,ADNI_100_S_6164_MR_Sagittal_3D_Accelerated_MPRAGE_br_raw_20180116150919399_1_S650410_I953555.npy,1,0,0,0,0,,0,0,0,0,,0,0
/home/huangyunyou/amount_data/new_data/,ADNI_021_S_2125_MR_Accelerated_Sag_IR-SPGR__br_raw_20101015120236627_97_S93369_I196583.npy,0,1,0,1,0,,0,0,0,0,,1,0
/home/huangyunyou/amount_data/new_data/,ADNI_051_S_1331_MR_MPRAGE_br_raw_20090713145012988_98_S69898_I148775.npy,0,1,0,1,0,0,0,0,0,0,,1,0
/home/huangyunyou/amount_data/new_data/,ADNI_020_S_6504_MR_Accelerated_Sagittal_MPRAGE__br_raw_20180727145541625_122_S709885_I1027631.npy,1,0,0,0,0,,0,0,0,0,,0,0
/home/huangyunyou/amount_data/new_data/,ADNI_021_S_0178_MR_MP-RAGE__br_20060210130516267_99_S11567_I10993.npy,0,1,0,1,0,0,0,0,0,0,,1,0
/home/huangyunyou/amount_data/new_data/,ADNI_019_S_6186_MR_Sagittal_3D_Accelerated_MPRAGE_br_raw_20180130153759879_80_S654473_I958499.npy,1,0,0,0,0,,0,0,0,0,,0,0
/home/huangyunyou/amount_data/new_data/,ADNI_041_S_0898_MR_MPRAGE_br_raw_20091110151223731_98_S76014_I158501.npy,1,0,0,0,0,0,0,0,0,0,,0,0
/home/huangyunyou/amount_data/new_data/,ADNI_133_S_0912_MR_MP-RAGE__br_raw_20081106150811656_3_S58409_I125423.npy,0,1,0,1,0,0,0,0,0,0,,1,0
/home/huangyunyou/amount_data/new_data/,ADNI_003_S_6257_MR_Accelerated_Sagittal_MPRAGE__br_raw_20180316104559281_109_S667501_I974338.npy,1,0,0,0,0,,0,0,0,0,,0,0
/home/huangyunyou/amount_data/new_data/,ADNI_032_S_0214_MR_MPRAGE_br_raw_20100709082113597_108_S88827_I181363.npy,0,1,0,1,0,0,0,0,0,0,,1,0
/home/huangyunyou/amount_data/new_data/,00000027_S_6640.npy,0,1,0,1,0,,0,0,0,0,,1,0
/home/huangyunyou/amount_data/new_data/,ADNI_014_S_6437_MR_Accelerated_Sagittal_MPRAGE__br_raw_20180821154547976_154_S719532_I1039134.npy,1,0,0,0,0,,0,0,0,0,,0,0
/home/huangyunyou/amount_data/new_data/,ADNI_013_S_0325_MR_MPRAGE_br_raw_20080620115117578_94_S51894_I110198.npy,0,1,0,1,0,0,0,0,0,0,,1,0
/home/huangyunyou/amount_data/new_data/,ADNI_012_S_1212_MR_ADNI_______MPRAGEadni2_br_raw_20070727164101390_4_S36492_I62529.npy,1,0,0,0,0,0,0,0,0,0,,0,0
/home/huangyunyou/amount_data/new_data/,ADNI_137_S_0825_MR_MP-RAGE__br_raw_20071029121025389_180_S41988_I79420.npy,0,1,0,1,0,0,0,0,0,0,,1,0
/home/huangyunyou/amount_data/new_data/,ADNI_041_S_1411_MR_MPRAGE_br_raw_20070717090012320_97_S35102_I60274.npy,0,1,0,1,0,0,0,0,0,0,,1,0
/home/huangyunyou/amount_data/new_data/,ADNI_128_S_0770_MR_REPEAT_SAG_3D_MPRAGE_br_raw_20090826171938044_19_S72793_I153756.npy,0,1,0,1,0,0,0,0,0,0,,1,0
/home/huangyunyou/amount_data/new_data/,ADNI_130_S_0969_MR_MP-RAGE__br_raw_20101202093227275_140_S95650_I207263.npy,1,0,0,0,0,0,0,0,0,0,,0,0
/home/huangyunyou/amount_data/new_data/,ADNI_067_S_0045_MR_MPRAGE_br_raw_20060719155422588_98_S16967_I19190.npy,0,1,0,1,0,0,0,0,0,0,,1,0
/home/huangyunyou/amount_data/new_data/,ADNI_301_S_6224_MR_Sagittal_3D_Accelerated_MPRAGE_br_raw_20180213122017190_165_S658354_I963152.npy,1,0,0,0,0,,0,0,0,0,,0,0
/home/huangyunyou/amount_data/new_data/,ADNI_126_S_1340_MR_MP-RAGE__br_raw_20070808093020868_166_S36996_I65796.npy,0,1,0,1,0,0,0,0,0,0,,1,0
/home/huangyunyou/amount_data/new_data/,ADNI_006_S_1130_MR_MP-RAGE__br_raw_20100114092247484_166_S78351_I163530.npy,0,1,0,1,0,0,0,0,0,0,,1,0
/home/huangyunyou/amount_data/new_data/,ADNI_141_S_6015_MR_Accelerated_Sagittal_MPRAGE__br_raw_20170516125712481_46_S564149_I851352.npy,1,0,0,0,0,,0,0,0,0,,0,0
/home/huangyunyou/amount_data/new_data/,ADNI_023_S_1190_MR_MPRAGE_br_raw_20100219163707538_20_S80249_I166476.npy,1,0,0,0,0,0,0,0,0,0,,0,0
/home/huangyunyou/amount_data/new_data/,00000941_S_6068.npy,0,1,0,1,0,,0,0,0,0,,1,0
/home/huangyunyou/amount_data/new_data/,00000141_S_6075.npy,0,1,0,1,0,,0,0,0,0,,1,0
/home/huangyunyou/amount_data/new_data/,ADNI_941_S_6574_MR_3D_MPRAGE__br_raw_20180910150441160_81_S725814_I1046899.npy,1,0,0,0,0,,0,0,0,0,,0,0
/home/huangyunyou/amount_data/new_data/,ADNI_126_S_0865_MR_MP-RAGE__br_raw_20091217141324628_1_S77293_I161072.npy,0,1,0,1,0,0,0,0,0,0,,1,0
/home/huangyunyou/amount_data/new_data/,ADNI_037_S_6046_MR_Accelerated_Sagittal_MPRAGE__br_raw_20170717132733846_100_S583899_I874809.npy,1,0,0,0,0,,0,0,0,0,,0,0
/home/huangyunyou/amount_data/new_data/,ADNI_011_S_0326_MR_MPRAGE_br_raw_20090407073853571_1_S65639_I140635.npy,0,1,0,1,0,0,0,0,0,0,,1,0
/home/huangyunyou/amount_data/new_data/,ADNI_062_S_1099_MR_MPRAGE_br_raw_20071211155639312_98_S43572_I84579.npy,1,0,0,0,0,0,0,0,0,0,,0,0
/home/huangyunyou/amount_data/new_data/,ADNI_127_S_1419_MR_MP-RAGE__br_raw_20090820091308391_1_S72592_I153427.npy,0,1,0,1,0,0,0,0,0,0,,1,0
/home/huangyunyou/amount_data/new_data/,ADNI_114_S_0601_MR_MPRAGE_br_raw_20090617165030448_98_S68779_I146151.npy,1,0,0,0,0,0,0,0,0,0,,0,0
/home/huangyunyou/amount_data/new_data/,ADNI_037_S_1225_MR_MP-RAGE__br_raw_20080908112912798_56_S56270_I117597.npy,0,1,0,1,0,0,0,0,0,0,,1,0
/home/huangyunyou/amount_data/new_data/,ADNI_006_S_6277_MR_Sagittal_3D_Accelerated_MPRAGE_br_raw_20180328125656099_29_S670775_I978374.npy,1,0,0,0,0,,0,0,0,0,,0,0
/home/huangyunyou/amount_data/new_data/,ADNI_029_S_0878_MR_MP-RAGE__br_raw_20091207113711179_3_S76983_I160409.npy,0,1,0,1,0,0,0,0,0,0,,1,0
/home/huangyunyou/amount_data/new_data/,ADNI_141_S_6589_MR_Accelerated_Sagittal_MPRAGE__br_raw_20181114103108888_145_S747017_I1072748.npy,1,0,0,0,0,,0,0,0,0,,0,0
/home/huangyunyou/amount_data/new_data/,ADNI_052_S_1346_MR_MP-RAGE__br_raw_20100611150757937_65_S87214_I177365.npy,0,1,0,1,0,0,0,0,0,0,,1,0
/home/huangyunyou/amount_data/new_data/,ADNI_012_S_1321_MR_MPRAGE_AUTOSHIM_ON_br_raw_20090327171949312_1_S65187_I140013.npy,0,1,0,1,0,0,0,0,0,0,,1,0
/home/huangyunyou/amount_data/new_data/,ADNI_029_S_0845_MR_MP-RAGE__br_raw_20091015104403163_4_S75197_I157191.npy,1,0,0,0,0,0,0,0,0,0,,0,0
/home/huangyunyou/amount_data/new_data/,00000024_S_6033.npy,0,1,0,1,0,,0,0,0,0,,1,0
/home/huangyunyou/amount_data/new_data/,ADNI_020_S_6227_MR_Accelerated_Sagittal_MPRAGE__br_raw_20180221122007136_60_S660891_I966268.npy,1,0,0,0,0,,0,0,0,0,,0,0
/home/huangyunyou/amount_data/new_data/,ADNI_022_S_1366_MR_MPRAGE_Repeat__br_raw_20070403081845001_87_S29195_I47792.npy,0,1,0,1,0,0,0,0,0,0,,1,0
/home/huangyunyou/amount_data/new_data/,ADNI_099_S_6025_MR_Accelerated_Sag_IR-FSPGR___br_raw_20170605121320234_9_S570201_I858494.npy,1,0,0,0,0,,0,0,0,0,,0,0
/home/huangyunyou/amount_data/new_data/,ADNI_128_S_2003_MR_MPRAGE_br_raw_20100707221529337_96_S88768_I181153.npy,0,1,0,1,0,,0,0,0,0,,1,0
/home/huangyunyou/amount_data/new_data/,ADNI_057_S_0779_MR_MPRAGE_br_raw_20090903140638250_98_S73021_I154122.npy,1,0,0,0,0,0,0,0,0,0,,0,0
/home/huangyunyou/amount_data/new_data/,ADNI_010_S_0904_MR_ASO-MPRAGE_br_raw_20090129145056828_25_S62486_I134948.npy,0,1,0,1,0,0,0,0,0,0,,1,0
/home/huangyunyou/amount_data/new_data/,ADNI_127_S_6024_MR_Accelerated_Sagittal_IR-FSPGR__br_raw_20171115144656499_45_S632099_I931614.npy,1,0,0,0,0,,0,0,0,0,,0,0
/home/huangyunyou/amount_data/new_data/,ADNI_031_S_2022_MR_MPRAGE_br_raw_20100715143835351_140_S89098_I184533.npy,0,1,0,1,0,,0,0,0,0,,1,0
/home/huangyunyou/amount_data/new_data/,ADNI_941_S_6580_MR_Accelerated_Sagittal_MPRAGE__br_raw_20180910133430726_13_S725681_I1046736.npy,1,0,0,0,0,,0,0,0,0,,0,0
/home/huangyunyou/amount_data/new_data/,ADNI_011_S_6465_MR_Accelerated_Sagittal_MPRAGE__br_raw_20180824131118165_89_S721546_I1041482.npy,1,0,0,0,0,,0,0,0,0,,0,0
/home/huangyunyou/amount_data/new_data/,ADNI_031_S_0867_MR_MPRAGE_ASO_br_raw_20090922162201035_1_S74035_I155481.npy,0,1,0,1,0,0,0,0,0,0,,1,0
/home/huangyunyou/amount_data/new_data/,ADNI_057_S_0941_MR_MPRAGE_br_raw_20081023140806234_98_S57832_I123126.npy,0,1,0,1,0,0,0,0,0,0,,1,0
/home/huangyunyou/amount_data/new_data/,ADNI_067_S_0059_MR_MPRAGE_br_raw_20081209145657686_63_S60702_I129892.npy,1,0,0,0,0,0,0,0,0,0,,0,0
/home/huangyunyou/amount_data/new_data/,ADNI_041_S_0598_MR_MPRAGE_br_raw_20080131091903972_98_S45159_I89002.npy,0,1,0,1,0,0,0,0,0,0,,1,0
/home/huangyunyou/amount_data/new_data/,ADNI_130_S_6111_MR_Sagittal_3D_Accelerated_MPRAGE_br_raw_20171114121758916_167_S631822_I931215.npy,1,0,0,0,0,,0,0,0,0,,0,0
/home/huangyunyou/amount_data/new_data/,ADNI_114_S_1118_MR_MP_RAGE_SAGITTAL_br_raw_20100130151109750_144_S79581_I165561.npy,0,1,0,1,0,0,0,0,0,0,,1,0
/home/huangyunyou/amount_data/new_data/,ADNI_018_S_0450_MR_MPRAGE_br_raw_20090707082627293_1_S69489_I147957.npy,0,1,0,1,0,0,0,0,0,0,,1,0
/home/huangyunyou/amount_data/new_data/,ADNI_020_S_6470_MR_Accelerated_Sagittal_MPRAGE__br_raw_20180717135718358_161_S705247_I1021826.npy,1,0,0,0,0,,0,0,0,0,,0,0
/home/huangyunyou/amount_data/new_data/,ADNI_032_S_2247_MR_MPRAGE_br_raw_20101229140030897_41_S96961_I209412.npy,0,1,0,1,0,,0,0,0,0,,1,0
/home/huangyunyou/amount_data/new_data/,ADNI_128_S_1043_MR_REPEAT_SAG_3D_MP_RAGE__br_raw_20140722161206360_54_S225555_I436313.npy,0,1,0,1,0,0,0,0,0,0,,1,0
/home/huangyunyou/amount_data/new_data/,ADNI_011_S_0362_MR_MPRAGE_br_raw_20100603100609644_31_S86779_I176623.npy,0,1,0,1,0,0,0,0,0,0,,1,0
/home/huangyunyou/amount_data/new_data/,ADNI_099_S_6038_MR_Accelerated_Sag_IR-FSPGR___br_raw_20170920110402990_188_S610151_I905866.npy,1,0,0,0,0,,0,0,0,0,,0,0
/home/huangyunyou/amount_data/new_data/,ADNI_073_S_2225_MR_MPRAGE_br_raw_20110127150202440_30_S98428_I214761.npy,0,1,0,1,0,,0,0,0,0,,1,0
/home/huangyunyou/amount_data/new_data/,ADNI_128_S_1407_MR_REPEAT_SAG_3D_MPRAGE_br_raw_20080119002201335_1_S44738_I87882.npy,0,1,0,1,0,0,0,0,0,0,,1,0
/home/huangyunyou/amount_data/new_data/,ADNI_033_S_6298_MR_Accelerated_Sagittal_MPRAGE__br_raw_20180412115919714_106_S675965_I984807.npy,1,0,0,0,0,,0,0,0,0,,0,0
/home/huangyunyou/amount_data/new_data/,ADNI_127_S_2234_MR_Accelerated_Sag_IR-SPGR__br_raw_20101209084209787_162_S96117_I207969.npy,0,1,0,1,0,,0,0,0,0,,1,0
/home/huangyunyou/amount_data/new_data/,ADNI_007_S_2058_MR_Accelerated_SAG_IR-SPGR__br_raw_20100902134847177_180_S91590_I191954.npy,0,1,0,1,0,,0,0,0,0,,1,0
/home/huangyunyou/amount_data/new_data/,ADNI_073_S_0386_MR_MPRAGE_br_raw_20100603104856106_47_S86848_I176717.npy,1,0,0,0,0,0,0,0,0,0,,0,0
/home/huangyunyou/amount_data/new_data/,ADNI_032_S_0479_MR_MPRAGE_br_raw_20100709080318265_119_S88819_I181352.npy,1,0,0,0,0,0,0,0,0,0,,0,0
/home/huangyunyou/amount_data/new_data/,ADNI_051_S_1072_MR_MPRAGE_br_raw_20100205105213277_98_S79788_I165842.npy,0,1,0,1,0,0,0,0,0,0,,1,0
/home/huangyunyou/amount_data/new_data/,00000053_S_6598.npy,0,1,0,1,0,,0,0,0,0,,1,0
/home/huangyunyou/amount_data/new_data/,ADNI_036_S_6088_MR_Accelerated_Sagittal_MPRAGE__br_raw_20171012160729751_123_S619153_I916492.npy,1,0,0,0,0,,0,0,0,0,,0,0
/home/huangyunyou/amount_data/new_data/,ADNI_116_S_0834_MR_MP-RAGE__br_raw_20091116094023707_101_S76467_I159287.npy,0,1,0,1,0,0,0,0,0,0,,1,0
/home/huangyunyou/amount_data/new_data/,ADNI_036_S_0656_MR_MPRAGE_br_raw_20090723193003782_1_S70534_I150230.npy,0,1,0,1,0,0,0,0,0,0,,1,0
/home/huangyunyou/amount_data/new_data/,ADNI_123_S_0113_MR_MPRAGEASO__br_raw_20100408093625440_75_S83010_I170559.npy,1,0,0,0,0,0,0,0,0,0,,0,0
/home/huangyunyou/amount_data/new_data/,ADNI_035_S_0204_MR_MPRAGE_br_raw_20100209145304350_101_S79965_I166074.npy,0,1,0,1,0,0,0,0,0,0,,1,0
/home/huangyunyou/amount_data/new_data/,ADNI_018_S_6351_MR_Sagittal_3D_Accelerated_MPRAGE_br_raw_20180510134544699_1_S684128_I995861.npy,1,0,0,0,0,,0,0,0,0,,0,0
/home/huangyunyou/amount_data/new_data/,ADNI_141_S_1051_MR_MPRAGE_br_raw_20070711115737201_123_S34698_I59062.npy,0,1,0,1,0,0,0,0,0,0,,1,0
/home/huangyunyou/amount_data/new_data/,ADNI_020_S_1288_MR_MPRAGE_br_raw_20100313093708625_78_S81078_I167858.npy,1,0,0,0,0,0,0,0,0,0,,0,0
/home/huangyunyou/amount_data/new_data/,ADNI_129_S_6457_MR_Accelerated_Sag_IR-FSPGR___br_raw_20180627125915166_132_S699214_I1014334.npy,1,0,0,0,0,,0,0,0,0,,0,0
/home/huangyunyou/amount_data/new_data/,ADNI_041_S_1260_MR_MPRAGE_br_raw_20100728110019331_44_S89590_I187656.npy,0,1,0,1,0,0,0,0,0,0,,1,0
/home/huangyunyou/amount_data/new_data/,ADNI_127_S_0393_MR_MP-RAGE__br_raw_20071213112829201_1_S43805_I84930.npy,0,1,0,1,0,0,0,0,0,0,,1,0
/home/huangyunyou/amount_data/new_data/,ADNI_082_S_1256_MR_MPRAGE_Repeat__br_raw_20140715141120307_63_S225113_I435660.npy,1,0,0,0,0,0,0,0,0,0,,0,0
/home/huangyunyou/amount_data/new_data/,ADNI_006_S_6500_MR_Sagittal_3D_Accelerated_MPRAGE_br_raw_20180730125446170_68_S710554_I1028499.npy,1,0,0,0,0,,0,0,0,0,,0,0
/home/huangyunyou/amount_data/new_data/,ADNI_082_S_0641_MR_MPRAGE_SAG_br_raw_20060620142336161_98_S15699_I17259.npy,0,1,0,1,0,0,0,0,0,0,,1,0
/home/huangyunyou/amount_data/new_data/,ADNI_067_S_6443_MR_Accelerated_Sagittal_MPRAGE__br_raw_20180618121151366_169_S696646_I1011216.npy,1,0,0,0,0,,0,0,0,0,,0,0
/home/huangyunyou/amount_data/new_data/,ADNI_013_S_0860_MR_MPRAGE_br_raw_20070926152727660_98_S40056_I75383.npy,0,1,0,1,0,0,0,0,0,0,,1,0
/home/huangyunyou/amount_data/new_data/,ADNI_123_S_0298_MR_MPRAGEASO__br_raw_20100419102052805_133_S83458_I171280.npy,1,0,0,0,0,0,0,0,0,0,,0,0
/home/huangyunyou/amount_data/new_data/,ADNI_023_S_0613_MR_MPRAGE_br_raw_20060725115106015_1_S17197_I19553.npy,0,1,0,1,0,0,0,0,0,0,,1,0
/home/huangyunyou/amount_data/new_data/,ADNI_010_S_0419_MR_ASO-MPRAGE_br_raw_20100506044845078_93_S73338_I154490.npy,1,0,0,0,0,0,0,0,0,0,,0,0
/home/huangyunyou/amount_data/new_data/,ADNI_068_S_2184_MR_MPRAGE_br_raw_20101117133904572_129_S94922_I205396.npy,0,1,0,1,0,,0,0,0,0,,1,0
/home/huangyunyou/amount_data/new_data/,ADNI_136_S_0195_MR_MP-RAGE__br_raw_20090404130557995_1_S65500_I140446.npy,0,1,0,1,0,0,0,0,0,0,,1,0
/home/huangyunyou/amount_data/new_data/,ADNI_128_S_0188_MR_REPEAT_SAG_3D_MPRAGE_br_raw_20090603115647638_16_S68227_I145356.npy,0,1,0,1,0,0,0,0,0,0,,1,0
/home/huangyunyou/amount_data/new_data/,ADNI_100_S_6308_MR_Sagittal_3D_Accelerated_MPRAGE_br_raw_20180427154627592_1_S680191_I990027.npy,1,0,0,0,0,,0,0,0,0,,0,0
/home/huangyunyou/amount_data/new_data/,ADNI_016_S_1121_MR_MPRAGE_br_raw_20091217105049466_101_S77265_I161032.npy,0,1,0,1,0,0,0,0,0,0,,1,0
/home/huangyunyou/amount_data/new_data/,ADNI_002_S_6456_MR_Accelerated_Sagittal_MPRAGE__br_raw_20180706121640876_171_S701947_I1017836.npy,1,0,0,0,0,,0,0,0,0,,0,0
/home/huangyunyou/amount_data/new_data/,ADNI_116_S_0360_MR_MP-RAGE__br_raw_20060504130627062_2_S14014_I14623.npy,1,0,0,0,0,0,0,0,0,0,,0,0
/home/huangyunyou/amount_data/new_data/,ADNI_068_S_0478_MR_ADNI_______MPRAGE__br_raw_20080708170158945_170_S53140_I112794.npy,0,1,0,1,0,0,0,0,0,0,,1,0
/home/huangyunyou/amount_data/new_data/,ADNI_128_S_0245_MR_MPRAGE_br_raw_20061010183353712_1_S19921_I26049.npy,1,0,0,0,0,0,0,0,0,0,,0,0
/home/huangyunyou/amount_data/new_data/,ADNI_100_S_2351_MR_MPRAGE_br_raw_20110517102011932_4_S109082_I235263.npy,0,1,0,1,0,,0,0,0,0,,1,0
/home/huangyunyou/amount_data/new_data/,ADNI_023_S_0031_MR_MPRAGE_br_raw_20091022143730008_1_S75432_I157584.npy,1,0,0,0,0,0,0,0,0,0,,0,0
/home/huangyunyou/amount_data/new_data/,ADNI_141_S_1245_MR_MPRAGE_br_raw_20080512112250313_98_S49889_I105076.npy,0,1,0,1,0,0,0,0,0,0,,1,0
/home/huangyunyou/amount_data/new_data/,ADNI_037_S_6271_MR_Accelerated_Sagittal_MPRAGE__br_raw_20180517142517257_37_S686551_I998806.npy,1,0,0,0,0,,0,0,0,0,,0,0
/home/huangyunyou/amount_data/new_data/,ADNI_137_S_0481_MR_MP-RAGE__br_raw_20090609102316303_1_S68383_I145591.npy,0,1,0,1,0,0,0,0,0,0,,1,0
/home/huangyunyou/amount_data/new_data/,ADNI_127_S_0622_MR_MP-RAGE__br_raw_20090701172811765_1_S69345_I147629.npy,1,0,0,0,0,0,0,0,0,0,,0,0
/home/huangyunyou/amount_data/new_data/,ADNI_068_S_2248_MR_MPRAGE_br_raw_20101223110525957_72_S97001_I209511.npy,0,1,0,1,0,,0,0,0,0,,1,0
/home/huangyunyou/amount_data/new_data/,ADNI_098_S_0172_MR_MP-RAGE__br_raw_20120508134644975_144_S85041_I173885.npy,1,0,0,0,0,0,0,0,0,0,,0,0
/home/huangyunyou/amount_data/new_data/,ADNI_141_S_2333_MR_MPRAGE_br_raw_20110330111212659_24_S102362_I224914.npy,0,1,0,1,0,,0,0,0,0,,1,0
/home/huangyunyou/amount_data/new_data/,ADNI_014_S_0557_MR_MP-RAGE_REPEAT_br_raw_20090609132514316_160_S68396_I145612.npy,0,1,0,1,0,0,0,0,0,0,,1,0
/home/huangyunyou/amount_data/new_data/,ADNI_003_S_1021_MR_MPRAGE_br_raw_20070627175329914_126_S34090_I57886.npy,1,0,0,0,0,0,0,0,0,0,,0,0
/home/huangyunyou/amount_data/new_data/,ADNI_002_S_0295_MR_MP-RAGE__br_raw_20100514031838903_42_S84944_I173732.npy,1,0,0,0,0,0,0,0,0,0,,0,0
/home/huangyunyou/amount_data/new_data/,00000127_S_6241.npy,0,1,0,1,0,,0,0,0,0,,1,0
/home/huangyunyou/amount_data/new_data/,ADNI_035_S_0555_MR_MPRAGE_br_raw_20100129153953550_100_S79574_I165551.npy,1,0,0,0,0,0,0,0,0,0,,0,0
/home/huangyunyou/amount_data/new_data/,ADNI_011_S_0168_MR_MPRAGE_br_raw_20060830132550388_1_S18381_I23559.npy,0,1,0,1,0,0,0,0,0,0,,1,0
/home/huangyunyou/amount_data/new_data/,ADNI_023_S_0217_MR_MPRAGE_br_raw_20100312123317975_22_S81061_I167824.npy,0,1,0,1,0,0,0,0,0,0,,1,0
/home/huangyunyou/amount_data/new_data/,ADNI_022_S_2087_MR_MPRAGE_br_raw_20101006171547116_161_S93012_I195225.npy,0,1,0,1,0,,0,0,0,0,,1,0
/home/huangyunyou/amount_data/new_data/,ADNI_023_S_6400_MR_Accelerated_Sagittal_MPRAGE__br_raw_20180530163448275_138_S690769_I1004030.npy,1,0,0,0,0,,0,0,0,0,,0,0
/home/huangyunyou/amount_data/new_data/,ADNI_109_S_1114_MR_MPRAGE_br_raw_20090408122926195_1_S65797_I140966.npy,0,1,0,1,0,0,0,0,0,0,,1,0
/home/huangyunyou/amount_data/new_data/,ADNI_002_S_6030_MR_Accelerated_Sagittal_MPRAGE__br_raw_20170616113814435_8_S573169_I861965.npy,1,0,0,0,0,,0,0,0,0,,0,0
/home/huangyunyou/amount_data/new_data/,ADNI_036_S_2380_MR_MPRAGE_br_raw_20110602093324658_105_S110431_I238494.npy,0,1,0,1,0,,0,0,0,0,,1,0
/home/huangyunyou/amount_data/new_data/,ADNI_072_S_1211_MR_MPRAGE_ASO_br_raw_20100306115856245_126_S80735_I167364.npy,0,1,0,1,0,0,0,0,0,0,,1,0
/home/huangyunyou/amount_data/new_data/,ADNI_009_S_6212_MR_Accelerated_Sag_IR-FSPGR_br_raw_20180227103604016_26_S662644_I968465.npy,1,0,0,0,0,,0,0,0,0,,0,0
/home/huangyunyou/amount_data/new_data/,ADNI_027_S_2245_MR_Accelerated_SAG_IR-SPGR__br_raw_20101215151725704_66_S96492_I208684.npy,0,1,0,1,0,,0,0,0,0,,1,0
/home/huangyunyou/amount_data/new_data/,ADNI_014_S_0548_MR_MP-RAGE__br_raw_20090720102035247_21_S70313_I149716.npy,1,0,0,0,0,0,0,0,0,0,,0,0
/home/huangyunyou/amount_data/new_data/,ADNI_021_S_2077_MR_Accelerated_Sag_IR-SPGR__br_raw_20100909161320873_171_S91933_I192498.npy,0,1,0,1,0,,0,0,0,0,,1,0
/home/huangyunyou/amount_data/new_data/,ADNI_133_S_0727_MR_Sag_MPRAGE_br_raw_20140806151408897_84_S226970_I438622.npy,0,1,0,1,0,0,0,0,0,0,,1,0
/home/huangyunyou/amount_data/new_data/,ADNI_168_S_6059_MR_Accelerated_Sagittal_MPRAGE__br_raw_20170821114231693_37_S598963_I892759.npy,1,0,0,0,0,,0,0,0,0,,0,0
/home/huangyunyou/amount_data/new_data/,ADNI_037_S_0377_MR_MP-RAGE__br_raw_20140711073113459_60_S224737_I435109.npy,0,1,0,1,0,0,0,0,0,0,,1,0
/home/huangyunyou/amount_data/new_data/,ADNI_013_S_1276_MR_MPRAGE_br_raw_20100430124219222_77_S84235_I172677.npy,1,0,0,0,0,0,0,0,0,0,,0,0
/home/huangyunyou/amount_data/new_data/,ADNI_022_S_0750_MR_MPRAGE_Repeat__br_raw_20080829165950857_23_S56105_I117292.npy,0,1,0,1,0,0,0,0,0,0,,1,0
/home/huangyunyou/amount_data/new_data/,ADNI_109_S_0967_MR_MPRAGE_br_raw_20090408113610928_1_S65788_I140954.npy,1,0,0,0,0,0,0,0,0,0,,0,0
/home/huangyunyou/amount_data/new_data/,ADNI_016_S_1092_MR_MPRAGE_br_raw_20091217111401205_97_S77272_I161040.npy,0,1,0,1,0,0,0,0,0,0,,1,0
/home/huangyunyou/amount_data/new_data/,ADNI_020_S_6449_MR_Accelerated_Sagittal_MPRAGE__br_raw_20180709093028550_206_S702254_I1018201.npy,1,0,0,0,0,,0,0,0,0,,0,0
/home/huangyunyou/amount_data/new_data/,ADNI_099_S_0111_MR_MPRAGE_br_raw_20070205105827031_98_S25863_I38078.npy,0,1,0,1,0,0,0,0,0,0,,1,0
/home/huangyunyou/amount_data/new_data/,ADNI_109_S_2278_MR_Accelerated_SAG_IR-SPGR__br_raw_20110317182336858_59_S101817_I224117.npy,0,1,0,1,0,,0,0,0,0,,1,0
/home/huangyunyou/amount_data/new_data/,ADNI_941_S_1202_MR_MPRAGE_br_raw_20100316165641848_48_S81149_I167951.npy,1,0,0,0,0,0,0,0,0,0,,0,0
/home/huangyunyou/amount_data/new_data/,ADNI_011_S_0241_MR_MPRAGE_br_raw_20100317103327167_34_S81165_I167969.npy,0,1,0,1,0,0,0,0,0,0,,1,0
/home/huangyunyou/amount_data/new_data/,ADNI_137_S_0283_MR_MP-RAGE__br_raw_20090423102452728_180_S66599_I142415.npy,1,0,0,0,0,0,0,0,0,0,,0,0
/home/huangyunyou/amount_data/new_data/,ADNI_033_S_0567_MR_MP-RAGE__br_raw_20090616122851388_3_S68614_I145927.npy,0,1,0,1,0,0,0,0,0,0,,1,0
/home/huangyunyou/amount_data/new_data/,ADNI_023_S_0042_MR_MPRAGE_br_raw_20100318123521726_128_S81237_I168064.npy,0,1,0,1,0,0,0,0,0,0,,1,0
/home/huangyunyou/amount_data/new_data/,ADNI_094_S_0526_MR_MP-RAGE__br_raw_20090626150111355_1_S69250_I146828.npy,1,0,0,0,0,0,0,0,0,0,,0,0
/home/huangyunyou/amount_data/new_data/,00000135_S_6110.npy,0,1,0,1,0,,0,0,0,0,,1,0
/home/huangyunyou/amount_data/new_data/,ADNI_072_S_0315_MR_MPRAGE_ASO_br_raw_20100409144231386_18_S83185_I170813.npy,1,0,0,0,0,0,0,0,0,0,,0,0
/home/huangyunyou/amount_data/new_data/,ADNI_023_S_0887_MR_MPRAGE_br_raw_20091103161634941_1_S75829_I158216.npy,0,1,0,1,0,0,0,0,0,0,,1,0
/home/huangyunyou/amount_data/new_data/,ADNI_168_S_6062_MR_Accelerated_Sagittal_MPRAGE__br_raw_20170821115315474_159_S598972_I892771.npy,1,0,0,0,0,,0,0,0,0,,0,0
/home/huangyunyou/amount_data/new_data/,00000168_S_6634.npy,0,1,0,1,0,,0,0,0,0,,1,0
/home/huangyunyou/amount_data/new_data/,ADNI_153_S_6237_MR_Accelerated_Sagittal_MPRAGE__br_raw_20180307135252368_4_S664777_I970943.npy,1,0,0,0,0,,0,0,0,0,,0,0
/home/huangyunyou/amount_data/new_data/,ADNI_035_S_0033_MR_MPRAGE_br_raw_20090601145154100_98_S68142_I145230.npy,0,1,0,1,0,0,0,0,0,0,,1,0
/home/huangyunyou/amount_data/new_data/,ADNI_136_S_0873_MR_MP-RAGE__br_raw_20081029152044270_1_S58049_I124413.npy,0,1,0,1,0,0,0,0,0,0,,1,0
/home/huangyunyou/amount_data/new_data/,ADNI_126_S_0680_MR_MP-RAGE__br_raw_20100722091404385_56_S89368_I185557.npy,1,0,0,0,0,0,0,0,0,0,,0,0
/home/huangyunyou/amount_data/new_data/,ADNI_033_S_1284_MR_MP-RAGE__br_raw_20080227135706411_3_S46258_I92891.npy,0,1,0,1,0,0,0,0,0,0,,1,0
/home/huangyunyou/amount_data/new_data/,ADNI_168_S_6049_MR_Accelerated_Sagittal_MPRAGE__br_raw_20171012100144282_201_S619050_I916365.npy,1,0,0,0,0,,0,0,0,0,,0,0
/home/huangyunyou/amount_data/new_data/,ADNI_021_S_2142_MR_Accelerated_Sag_IR-SPGR__br_raw_20101025143821734_19_S93661_I199167.npy,0,1,0,1,0,,0,0,0,0,,1,0
/home/huangyunyou/amount_data/new_data/,00000023_S_6334.npy,0,1,0,1,0,,0,0,0,0,,1,0
/home/huangyunyou/amount_data/new_data/,ADNI_057_S_0643_MR_MPRAGE_br_raw_20090722150548359_134_S70434_I150035.npy,1,0,0,0,0,0,0,0,0,0,,0,0
/home/huangyunyou/amount_data/new_data/,ADNI_131_S_0384_MR_MP-RAGE__br_raw_20100630093119887_83_S88428_I180692.npy,0,1,0,1,0,0,0,0,0,0,,1,0
/home/huangyunyou/amount_data/new_data/,ADNI_031_S_0618_MR_MPRAGE_ASO_br_raw_20090702124657453_1_S69380_I147771.npy,1,0,0,0,0,0,0,0,0,0,,0,0
/home/huangyunyou/amount_data/new_data/,ADNI_024_S_1393_MR_MP-RAGE__br_raw_20100413152418658_132_S83274_I170929.npy,0,1,0,1,0,0,0,0,0,0,,1,0
/home/huangyunyou/amount_data/new_data/,ADNI_023_S_0058_MR_MPRAGE_br_raw_20100319144152203_137_S81389_I168313.npy,1,0,0,0,0,0,0,0,0,0,,0,0
/home/huangyunyou/amount_data/new_data/,00000301_S_6615.npy,0,1,0,1,0,,0,0,0,0,,1,0
/home/huangyunyou/amount_data/new_data/,ADNI_018_S_0043_MR_MPRAGE_br_raw_20100223150511841_90_S80391_I166710.npy,1,0,0,0,0,0,0,0,0,0,,0,0
/home/huangyunyou/amount_data/new_data/,ADNI_098_S_0269_MR_MP-RAGE__br_raw_20100420165528541_113_S83524_I171457.npy,0,1,0,1,0,0,0,0,0,0,,1,0
/home/huangyunyou/amount_data/new_data/,ADNI_168_S_6151_MR_Accelerated_Sagittal_MPRAGE__br_raw_20171219114009450_45_S645502_I947540.npy,1,0,0,0,0,,0,0,0,0,,0,0
/home/huangyunyou/amount_data/new_data/,ADNI_131_S_0409_MR_MP-RAGE__br_raw_20070209092042807_1_S26167_I38686.npy,0,1,0,1,0,0,0,0,0,0,,1,0
/home/huangyunyou/amount_data/new_data/,ADNI_037_S_0552_MR_MP-RAGE__br_raw_20080618091759203_1_S51792_I110030.npy,0,1,0,1,0,0,0,0,0,0,,1,0
/home/huangyunyou/amount_data/new_data/,ADNI_141_S_0767_MR_MPRAGE_br_raw_20081007143046174_98_S57038_I119448.npy,1,0,0,0,0,0,0,0,0,0,,0,0
/home/huangyunyou/amount_data/new_data/,ADNI_037_S_1421_MR_MP-RAGE__br_raw_20100924141922999_132_S92610_I193604.npy,0,1,0,1,0,0,0,0,0,0,,1,0
/home/huangyunyou/amount_data/new_data/,ADNI_020_S_0899_MR_MPRAGE_br_raw_20091118125118234_160_S76597_I159479.npy,1,0,0,0,0,0,0,0,0,0,,0,0
/home/huangyunyou/amount_data/new_data/,ADNI_127_S_1427_MR_MP-RAGE__br_raw_20090826163347839_166_S72777_I153734.npy,0,1,0,1,0,0,0,0,0,0,,1,0
/home/huangyunyou/amount_data/new_data/,ADNI_067_S_0098_MR_MPRAGE_br_raw_20090326172731889_98_S65124_I139923.npy,0,1,0,1,0,0,0,0,0,0,,1,0
/home/huangyunyou/amount_data/new_data/,ADNI_141_S_0717_MR_MPRAGE_br_raw_20081006164354198_98_S56987_I119296.npy,1,0,0,0,0,0,0,0,0,0,,0,0
/home/huangyunyou/amount_data/new_data/,ADNI_031_S_1066_MR_MPRAGE_br_raw_20091209153600458_1_S77080_I160613.npy,0,1,0,1,0,0,0,0,0,0,,1,0
/home/huangyunyou/amount_data/new_data/,00000137_S_6654.npy,0,1,0,1,0,,0,0,0,0,,1,0
/home/huangyunyou/amount_data/new_data/,ADNI_007_S_6515_MR_Accelerated_Sagittal_MPRAGE__br_raw_20180731092144897_139_S711025_I1029029.npy,1,0,0,0,0,,0,0,0,0,,0,0
/home/huangyunyou/amount_data/new_data/,ADNI_941_S_2060_MR_MPRAGE_br_raw_20100908161012470_91_S91837_I192348.npy,0,1,0,1,0,,0,0,0,0,,1,0
/home/huangyunyou/amount_data/new_data/,ADNI_135_S_6104_MR_Accelerated_Sag_IR-FSPGR___br_raw_20171130154544576_144_S629806_I928920.npy,1,0,0,0,0,,0,0,0,0,,0,0
/home/huangyunyou/amount_data/new_data/,ADNI_041_S_6292_MR_Accelerated_Sagittal_MPRAGE__br_raw_20180418120239582_37_S677519_I986709.npy,1,0,0,0,0,,0,0,0,0,,0,0
/home/huangyunyou/amount_data/new_data/,ADNI_037_S_0182_MR_MP-RAGE__br_raw_20060214151603652_86_S11644_I11121.npy,0,1,0,1,0,0,0,0,0,0,,1,0
/home/huangyunyou/amount_data/new_data/,00000003_S_6606.npy,0,1,0,1,0,,0,0,0,0,,1,0
/home/huangyunyou/amount_data/new_data/,ADNI_098_S_6343_MR_Sag_Accel_IR-FSPGR_br_raw_20180509153620696_34_S684016_I995623.npy,1,0,0,0,0,,0,0,0,0,,0,0
/home/huangyunyou/amount_data/new_data/,ADNI_168_S_6051_MR_Accelerated_Sagittal_MPRAGE__br_raw_20170717143147015_47_S583955_I874879.npy,1,0,0,0,0,,0,0,0,0,,0,0
/home/huangyunyou/amount_data/new_data/,ADNI_094_S_1314_MR_MP-RAGE__br_raw_20100322143413515_33_S81492_I168429.npy,0,1,0,1,0,0,0,0,0,0,,1,0
/home/huangyunyou/amount_data/new_data/,ADNI_003_S_1057_MR_MPRAGE_br_raw_20100217150708453_60_S80181_I166383.npy,0,1,0,1,0,0,0,0,0,0,,1,0
/home/huangyunyou/amount_data/new_data/,ADNI_007_S_6255_MR_Accelerated_Sagittal_MPRAGE__br_raw_20180319110723648_54_S667835_I974757.npy,1,0,0,0,0,,0,0,0,0,,0,0
/home/huangyunyou/amount_data/new_data/,ADNI_013_S_2324_MR_MPRAGE_br_raw_20110328152402908_29_S102467_I225055.npy,0,1,0,1,0,,0,0,0,0,,1,0
/home/huangyunyou/amount_data/new_data/,ADNI_023_S_0963_MR_MPRAGE_br_raw_20091028121826771_1_S75636_I157902.npy,1,0,0,0,0,0,0,0,0,0,,0,0
/home/huangyunyou/amount_data/new_data/,00000007_S_6421.npy,0,1,0,1,0,,0,0,0,0,,1,0
/home/huangyunyou/amount_data/new_data/,ADNI_116_S_1232_MR_MP-RAGE__br_raw_20100211172224931_1_S80078_I166224.npy,1,0,0,0,0,0,0,0,0,0,,0,0
/home/huangyunyou/amount_data/new_data/,ADNI_022_S_0014_MR_MPRAGE_Repeat__br_raw_20081117165313913_138_S59373_I127031.npy,1,0,0,0,0,0,0,0,0,0,,0,0
/home/huangyunyou/amount_data/new_data/,ADNI_018_S_0087_MR_MPRAGE_ASO_br_raw_20070801133919016_86_S36727_I63688.npy,0,1,0,1,0,0,0,0,0,0,,1,0
/home/huangyunyou/amount_data/new_data/,ADNI_141_S_0982_MR_MPRAGE_br_raw_20080514133346469_98_S50075_I105540.npy,0,1,0,1,0,0,0,0,0,0,,1,0
/home/huangyunyou/amount_data/new_data/,ADNI_003_S_0931_MR_MPRAGE_br_raw_20070426113230984_98_S30780_I51292.npy,1,0,0,0,0,0,0,0,0,0,,0,0
/home/huangyunyou/amount_data/new_data/,00000018_S_6414.npy,0,1,0,1,0,,0,0,0,0,,1,0
/home/huangyunyou/amount_data/new_data/,ADNI_033_S_0723_MR_MP-RAGE__br_raw_20090818141524833_3_S72523_I153330.npy,0,1,0,1,0,0,0,0,0,0,,1,0
/home/huangyunyou/amount_data/new_data/,ADNI_005_S_0546_MR_MP-RAGE__br_raw_20090903135443968_3_S73049_I154173.npy,0,1,0,1,0,0,0,0,0,0,,1,0
/home/huangyunyou/amount_data/new_data/,ADNI_002_S_1280_MR_MP-RAGE__br_raw_20100218221258250_165_S80218_I166431.npy,1,0,0,0,0,0,0,0,0,0,,0,0
/home/huangyunyou/amount_data/new_data/,ADNI_116_S_0649_MR_MP-RAGE__br_raw_20090814154126079_1_S72457_I153216.npy,0,1,0,1,0,0,0,0,0,0,,1,0
/home/huangyunyou/amount_data/new_data/,ADNI_168_S_6321_MR_Accelerated_Sagittal_MPRAGE__br_raw_20180504092744599_190_S682320_I992613.npy,1,0,0,0,0,,0,0,0,0,,0,0
/home/huangyunyou/amount_data/new_data/,00000168_S_6180.npy,0,1,0,1,0,,0,0,0,0,,1,0
/home/huangyunyou/amount_data/new_data/,ADNI_013_S_0502_MR_MPRAGE_br_raw_20090908172714825_64_S73416_I154628.npy,1,0,0,0,0,0,0,0,0,0,,0,0
/home/huangyunyou/amount_data/new_data/,ADNI_141_S_0915_MR_MPRAGE_br_raw_20080514150318901_98_S50099_I105572.npy,0,1,0,1,0,0,0,0,0,0,,1,0
/home/huangyunyou/amount_data/new_data/,00000003_S_6268.npy,0,1,0,1,0,,0,0,0,0,,1,0
/home/huangyunyou/amount_data/new_data/,ADNI_035_S_6306_MR_Accelerated_Sagittal_MPRAGE__br_raw_20200831121053595_187_S679192_I988748.npy,1,0,0,0,0,,0,0,0,0,,0,0
/home/huangyunyou/amount_data/new_data/,ADNI_099_S_0060_MR_MPRAGE_br_raw_20070111134607453_98_S24972_I36068.npy,0,1,0,1,0,0,0,0,0,0,,1,0
/home/huangyunyou/amount_data/new_data/,ADNI_141_S_6008_MR_Accelerated_Sagittal_MPRAGE__br_raw_20170414151252566_160_S554628_I839474.npy,1,0,0,0,0,,0,0,0,0,,0,0
/home/huangyunyou/amount_data/new_data/,ADNI_082_S_2121_MR_MPRAGE_br_raw_20101012165441265_92_S93249_I196354.npy,0,1,0,1,0,,0,0,0,0,,1,0
/home/huangyunyou/amount_data/new_data/,ADNI_941_S_6044_MR_Accelerated_Sagittal_MPRAGE__br_raw_20170711130950417_26_S582377_I872975.npy,1,0,0,0,0,,0,0,0,0,,0,0
/home/huangyunyou/amount_data/new_data/,ADNI_094_S_6275_MR_Accelerated_Sagittal_MPRAGE__br_raw_20180418075015895_2_S677372_I986502.npy,1,0,0,0,0,,0,0,0,0,,0,0
/home/huangyunyou/amount_data/new_data/,ADNI_023_S_2068_MR_MPRAGE_br_raw_20100917160201937_52_S92230_I193007.npy,0,1,0,1,0,,0,0,0,0,,1,0
/home/huangyunyou/amount_data/new_data/,ADNI_037_S_0454_MR_MP-RAGE-Repeat_br_raw_20090708115006946_1_S69651_I148275.npy,1,0,0,0,0,0,0,0,0,0,,0,0
/home/huangyunyou/amount_data/new_data/,ADNI_098_S_0288_MR_MP-RAGE__br_raw_20060330160338521_1_S12607_I12654.npy,0,1,0,1,0,0,0,0,0,0,,1,0
/home/huangyunyou/amount_data/new_data/,ADNI_020_S_6513_MR_Accelerated_Sagittal_MPRAGE__br_raw_20180801134516870_91_S711472_I1029584.npy,1,0,0,0,0,,0,0,0,0,,0,0
