path,filename,NC,MCI,DE,COG,AD,PD,FTD,VD,DLB,PDD,ADD,ALL,OTHER
/home/huangyunyou/amount_data/new_data/,00000032_S_0400.npy,0,0,1,2,1,0,,0,,0,1,2,
/home/huangyunyou/amount_data/new_data/,ADNI_032_S_6600_MR_Accelerated_Sagittal_MPRAGE__br_raw_20181019125457091_63_S737783_I1061844.npy,0,0,1,2,1,,,,,,1,2,
/home/huangyunyou/amount_data/new_data/,00000094_S_1397.npy,0,0,1,2,1,0,,0,,0,1,2,
/home/huangyunyou/amount_data/new_data/,00000128_S_1409.npy,0,0,1,2,1,0,,0,,0,1,2,
/home/huangyunyou/amount_data/new_data/,00000023_S_0083.npy,0,0,1,2,1,0,,0,,0,1,2,
/home/huangyunyou/amount_data/new_data/,00000018_S_0682.npy,0,0,1,2,1,0,,0,,0,1,2,
/home/huangyunyou/amount_data/new_data/,00000123_S_0088.npy,0,0,1,2,1,0,,0,,0,1,2,
/home/huangyunyou/amount_data/new_data/,00000023_S_0084.npy,0,0,1,2,1,0,,0,,0,1,2,
/home/huangyunyou/amount_data/new_data/,00000131_S_0457.npy,0,0,1,2,1,0,,0,,0,1,2,
/home/huangyunyou/amount_data/new_data/,00000133_S_1170.npy,0,0,1,2,1,0,,0,,0,1,2,
/home/huangyunyou/amount_data/new_data/,00000009_S_1354.npy,0,0,1,2,1,0,,0,,0,1,2,
/home/huangyunyou/amount_data/new_data/,00000036_S_0759.npy,0,0,1,2,1,0,,0,,0,1,2,
/home/huangyunyou/amount_data/new_data/,00000136_S_0194.npy,0,0,1,2,1,0,,0,,0,1,2,
/home/huangyunyou/amount_data/new_data/,00000011_S_0183.npy,0,0,1,2,1,0,,0,,0,1,2,
/home/huangyunyou/amount_data/new_data/,ADNI_100_S_1154_MR_ASO-MPRAGE_br_raw_20070910151119596_86_S39070_I72121.npy,0,0,1,2,1,0,,0,,0,1,2,
/home/huangyunyou/amount_data/new_data/,00000126_S_0784.npy,0,0,1,2,1,0,,0,,0,1,2,
/home/huangyunyou/amount_data/new_data/,00000082_S_1377.npy,0,0,1,2,1,0,,0,,0,1,2,
/home/huangyunyou/amount_data/new_data/,00000029_S_0836.npy,0,0,1,2,1,0,,0,,0,1,2,
/home/huangyunyou/amount_data/new_data/,00000094_S_1402.npy,0,0,1,2,1,0,,0,,0,1,2,
/home/huangyunyou/amount_data/new_data/,00000023_S_1289.npy,0,0,1,2,1,0,,0,,0,1,2,
/home/huangyunyou/amount_data/new_data/,00000006_S_0547.npy,0,0,1,2,1,0,,0,,0,1,2,
/home/huangyunyou/amount_data/new_data/,00000024_S_1307.npy,0,0,1,2,1,0,,0,,0,1,2,
/home/huangyunyou/amount_data/new_data/,ADNI_021_S_0332_MR_MP-RAGE__br_raw_20070426100649940_150_S30699_I51177.npy,0,0,1,2,1,0,,0,,0,1,2,
/home/huangyunyou/amount_data/new_data/,00000067_S_0828.npy,0,0,1,2,1,0,,0,,0,1,2,
/home/huangyunyou/amount_data/new_data/,00000033_S_0889.npy,0,0,1,2,1,0,,0,,0,1,2,
/home/huangyunyou/amount_data/new_data/,00000033_S_1283.npy,0,0,1,2,1,0,,0,,0,1,2,
/home/huangyunyou/amount_data/new_data/,00000005_S_1341.npy,0,0,1,2,1,0,,0,,0,1,2,
/home/huangyunyou/amount_data/new_data/,00000062_S_0793.npy,0,0,1,2,1,0,,0,,0,1,2,
/home/huangyunyou/amount_data/new_data/,00000041_S_1391.npy,0,0,1,2,1,0,,0,,0,1,2,
/home/huangyunyou/amount_data/new_data/,00000014_S_1095.npy,0,0,1,2,1,0,,0,,0,1,2,
/home/huangyunyou/amount_data/new_data/,00000141_S_0853.npy,0,0,1,2,1,0,,0,,0,1,2,
/home/huangyunyou/amount_data/new_data/,00000033_S_1281.npy,0,0,1,2,1,0,,0,,0,1,2,
/home/huangyunyou/amount_data/new_data/,00000033_S_0733.npy,0,0,1,2,1,0,,0,,0,1,2,
/home/huangyunyou/amount_data/new_data/,ADNI_100_S_0190_MR_ADNI_new___MPRAGE__br_raw_20080514133206176_86_S50085_I105552.npy,0,0,1,2,1,0,,0,,0,1,2,
/home/huangyunyou/amount_data/new_data/,00000123_S_0162.npy,0,0,1,2,1,0,,0,,0,1,2,
/home/huangyunyou/amount_data/new_data/,ADNI_100_S_0995_MR_ASO-MPRAGE_br_raw_20091204191738474_1_S76951_I160323.npy,0,0,1,2,1,0,,0,,0,1,2,
/home/huangyunyou/amount_data/new_data/,00000057_S_1379.npy,0,0,1,2,1,0,,0,,0,1,2,
/home/huangyunyou/amount_data/new_data/,00000007_S_0316.npy,0,0,1,2,1,0,,0,,0,1,2,
/home/huangyunyou/amount_data/new_data/,00000018_S_0335.npy,0,0,1,2,1,0,,0,,0,1,2,
/home/huangyunyou/amount_data/new_data/,00000013_S_0996.npy,0,0,1,2,1,0,,0,,0,1,2,
/home/huangyunyou/amount_data/new_data/,00000062_S_0730.npy,0,0,1,2,1,0,,0,,0,1,2,
/home/huangyunyou/amount_data/new_data/,00000023_S_0139.npy,0,0,1,2,1,0,,0,,0,1,2,
/home/huangyunyou/amount_data/new_data/,00000031_S_1209.npy,0,0,1,2,1,0,,0,,0,1,2,
/home/huangyunyou/amount_data/new_data/,ADNI_027_S_0116_MR_MP-RAGE__br_raw_20100222072847184_13_S80256_I166484.npy,0,1,0,1,0,0,0,0,0,0,,1,0
/home/huangyunyou/amount_data/new_data/,ADNI_141_S_6423_MR_Accelerated_Sagittal_MPRAGE__br_raw_20180709135648632_27_S702418_I1018387.npy,1,0,0,0,0,,0,0,0,0,,0,0
/home/huangyunyou/amount_data/new_data/,ADNI_018_S_2133_MR_MPRAGE_br_raw_20101025161338150_15_S93680_I199195.npy,0,1,0,1,0,,0,0,0,0,,1,0
/home/huangyunyou/amount_data/new_data/,ADNI_037_S_0327_MR_MP-RAGE__br_raw_20090625113449682_86_S69175_I146725.npy,1,0,0,0,0,0,0,0,0,0,,0,0
/home/huangyunyou/amount_data/new_data/,ADNI_036_S_0673_MR_MPRAGE_br_raw_20090819190339829_1_S72572_I153398.npy,0,1,0,1,0,0,0,0,0,0,,1,0
/home/huangyunyou/amount_data/new_data/,ADNI_005_S_0448_MR_MP-RAGE__br_raw_20080602121459558_3_S50865_I108088.npy,0,1,0,1,0,0,0,0,0,0,,1,0
/home/huangyunyou/amount_data/new_data/,ADNI_022_S_1394_MR_MPRAGE_Repeat__br_raw_20100628155611992_84_S88282_I180506.npy,0,1,0,1,0,0,0,0,0,0,,1,0
/home/huangyunyou/amount_data/new_data/,ADNI_007_S_6455_MR_Accelerated_Sagittal_MPRAGE__br_raw_20180619184615203_54_S697272_I1011962.npy,1,0,0,0,0,,0,0,0,0,,0,0
/home/huangyunyou/amount_data/new_data/,ADNI_057_S_1217_MR_MPRAGE_br_raw_20110328190038962_58_S102502_I225113.npy,0,1,0,1,0,0,0,0,0,0,,1,0
/home/huangyunyou/amount_data/new_data/,ADNI_114_S_6251_MR_Accelerated_Sagittal_MPRAGE__br_raw_20180404091907362_104_S672827_I980928.npy,1,0,0,0,0,,0,0,0,0,,0,0
/home/huangyunyou/amount_data/new_data/,ADNI_305_S_6313_MR_Sagittal_3D_Accelerated_MPRAGE_br_raw_20180412114405316_1_S675934_I984775.npy,1,0,0,0,0,,0,0,0,0,,0,0
/home/huangyunyou/amount_data/new_data/,00000109_S_6300.npy,0,1,0,1,0,,0,0,0,0,,1,0
/home/huangyunyou/amount_data/new_data/,ADNI_027_S_0417_MR_MP-RAGE__br_raw_20070525133630649_1_S32649_I55220.npy,0,1,0,1,0,0,0,0,0,0,,1,0
/home/huangyunyou/amount_data/new_data/,ADNI_168_S_6131_MR_Accelerated_Sagittal_MPRAGE__br_raw_20180108144803578_185_S648469_I951181.npy,1,0,0,0,0,,0,0,0,0,,0,0
/home/huangyunyou/amount_data/new_data/,ADNI_128_S_0225_MR_REPEAT_SAG_3D_MPRAGE_br_raw_20090826170330731_127_S72784_I153744.npy,0,1,0,1,0,0,0,0,0,0,,1,0
/home/huangyunyou/amount_data/new_data/,ADNI_116_S_0648_MR_MP-RAGE__br_raw_20090812141555032_1_S72302_I152986.npy,1,0,0,0,0,0,0,0,0,0,,0,0
/home/huangyunyou/amount_data/new_data/,ADNI_099_S_0040_MR_MPRAGE_br_raw_20081203162323293_138_S60497_I129120.npy,1,0,0,0,0,0,0,0,0,0,,0,0
/home/huangyunyou/amount_data/new_data/,00000135_S_6703.npy,0,1,0,1,0,,0,0,0,0,,1,0
/home/huangyunyou/amount_data/new_data/,ADNI_032_S_0095_MR____________MPRAGE__br_raw_20070308165945041_1_S27719_I43257.npy,1,0,0,0,0,0,0,0,0,0,,0,0
/home/huangyunyou/amount_data/new_data/,ADNI_941_S_1295_MR_MPRAGE_br_raw_20080821152339620_98_S55619_I116538.npy,0,1,0,1,0,0,0,0,0,0,,1,0
/home/huangyunyou/amount_data/new_data/,ADNI_136_S_0086_MR_MP-RAGE__br_raw_20100621171540437_128_S87689_I179768.npy,1,0,0,0,0,0,0,0,0,0,,0,0
/home/huangyunyou/amount_data/new_data/,ADNI_052_S_0952_MR_MP-RAGE__br_raw_20091211101201859_23_S77172_I160763.npy,0,1,0,1,0,0,0,0,0,0,,1,0
/home/huangyunyou/amount_data/new_data/,ADNI_073_S_2264_MR_MPRAGE_br_raw_20110203172415936_109_S98879_I215757.npy,0,1,0,1,0,,0,0,0,0,,1,0
/home/huangyunyou/amount_data/new_data/,ADNI_133_S_0771_MR_MP-RAGE__br_raw_20081007085625671_3_S57011_I119362.npy,0,1,0,1,0,0,0,0,0,0,,1,0
/home/huangyunyou/amount_data/new_data/,ADNI_082_S_6629_MR_Accelerated_Sagittal_MPRAGE__br_raw_20181129161055110_49_S752867_I1079630.npy,1,0,0,0,0,,0,0,0,0,,0,0
/home/huangyunyou/amount_data/new_data/,ADNI_029_S_1318_MR_MP-RAGE__br_raw_20100512110204730_3_S84805_I173527.npy,0,1,0,1,0,0,0,0,0,0,,1,0
/home/huangyunyou/amount_data/new_data/,ADNI_136_S_0579_MR_MP-RAGE__br_raw_20080819103355767_1_S55496_I116329.npy,0,1,0,1,0,0,0,0,0,0,,1,0
/home/huangyunyou/amount_data/new_data/,ADNI_011_S_0016_MR_MPRAGE_br_raw_20081021085030928_1_S57702_I122503.npy,1,0,0,0,0,0,0,0,0,0,,0,0
/home/huangyunyou/amount_data/new_data/,ADNI_168_S_6085_MR_Accelerated_Sagittal_MPRAGE__br_raw_20171012122959386_71_S619077_I916399.npy,1,0,0,0,0,,0,0,0,0,,0,0
/home/huangyunyou/amount_data/new_data/,ADNI_136_S_0874_MR_MP-RAGE__br_raw_20100115165810210_1_S78652_I164047.npy,0,1,0,1,0,0,0,0,0,0,,1,0
/home/huangyunyou/amount_data/new_data/,ADNI_128_S_0947_MR_REPEAT_SAG_3D_MPRAGE_br_raw_20080424102545171_1_S49223_I103801.npy,0,1,0,1,0,0,0,0,0,0,,1,0
/home/huangyunyou/amount_data/new_data/,ADNI_013_S_0240_MR_MPRAGE_br_raw_20080425155515406_98_S49343_I104048.npy,0,1,0,1,0,0,0,0,0,0,,1,0
/home/huangyunyou/amount_data/new_data/,ADNI_041_S_6314_MR_Accelerated_Sagittal_MPRAGE__br_raw_20180424162042951_175_S679478_I989129.npy,1,0,0,0,0,,0,0,0,0,,0,0
/home/huangyunyou/amount_data/new_data/,ADNI_027_S_0118_MR_MP-RAGE__br_raw_20100215155250741_1_S80112_I166285.npy,1,0,0,0,0,0,0,0,0,0,,0,0
/home/huangyunyou/amount_data/new_data/,ADNI_013_S_2389_MR_MPRAGE_br_raw_20110624150420867_166_S112355_I241411.npy,0,1,0,1,0,,0,0,0,0,,1,0
/home/huangyunyou/amount_data/new_data/,ADNI_041_S_1418_MR_MPRAGE_br_raw_20100820103421021_14_S90916_I190995.npy,0,1,0,1,0,0,0,0,0,0,,1,0
/home/huangyunyou/amount_data/new_data/,ADNI_137_S_0459_MR_MP-RAGE__br_raw_20090505141502501_1_S67053_I143203.npy,1,0,0,0,0,0,0,0,0,0,,0,0
/home/huangyunyou/amount_data/new_data/,ADNI_131_S_1389_MR_MP-RAGE__br_raw_20100709102822087_26_S88834_I181374.npy,0,1,0,1,0,0,0,0,0,0,,1,0
/home/huangyunyou/amount_data/new_data/,ADNI_127_S_0260_MR_MP-RAGE__br_raw_20100429094930056_98_S84034_I172291.npy,1,0,0,0,0,0,0,0,0,0,,0,0
/home/huangyunyou/amount_data/new_data/,ADNI_016_S_0702_MR_MPRAGE_br_raw_20090901091800527_153_S72946_I154002.npy,0,1,0,1,0,0,0,0,0,0,,1,0
/home/huangyunyou/amount_data/new_data/,ADNI_941_S_6454_MR_Accelerated_Sagittal_MPRAGE__br_raw_20180627120646481_101_S699034_I1014117.npy,1,0,0,0,0,,0,0,0,0,,0,0
/home/huangyunyou/amount_data/new_data/,ADNI_099_S_1034_MR_MPRAGE_br_raw_20091118122742250_98_S76620_I159512.npy,0,1,0,1,0,0,0,0,0,0,,1,0
/home/huangyunyou/amount_data/new_data/,ADNI_100_S_6273_MR_Sagittal_3D_Accelerated_MPRAGE_br_raw_20180412150007519_1_S676015_I984878.npy,1,0,0,0,0,,0,0,0,0,,0,0
/home/huangyunyou/amount_data/new_data/,00000019_S_6315.npy,0,1,0,1,0,,0,0,0,0,,1,0
/home/huangyunyou/amount_data/new_data/,ADNI_068_S_0127_MR_ADNI_SH____MPRAGE_ASO__br_raw_20100420155603184_92_S83504_I171425.npy,1,0,0,0,0,0,0,0,0,0,,0,0
/home/huangyunyou/amount_data/new_data/,ADNI_116_S_1315_MR_MP-RAGE__br_raw_20100401143828147_138_S82700_I170064.npy,0,1,0,1,0,0,0,0,0,0,,1,0
/home/huangyunyou/amount_data/new_data/,ADNI_099_S_6396_MR_Accelerated_Sag_IR-FSPGR___br_raw_20180606063958083_137_S692311_I1006005.npy,1,0,0,0,0,,0,0,0,0,,0,0
/home/huangyunyou/amount_data/new_data/,ADNI_099_S_0880_MR_MPRAGE_br_raw_20071207101224853_138_S43443_I84328.npy,0,1,0,1,0,0,0,0,0,0,,1,0
/home/huangyunyou/amount_data/new_data/,ADNI_131_S_1301_MR_MP-RAGE__br_raw_20100302144322396_68_S80537_I167080.npy,1,0,0,0,0,0,0,0,0,0,,0,0
/home/huangyunyou/amount_data/new_data/,00000019_S_6483.npy,0,1,0,1,0,,0,0,0,0,,1,0
/home/huangyunyou/amount_data/new_data/,ADNI_067_S_2196_MR_MPRAGE_br_raw_20101122092317964_98_S95103_I206075.npy,0,1,0,1,0,,0,0,0,0,,1,0
/home/huangyunyou/amount_data/new_data/,ADNI_116_S_6119_MR_Accelerated_Sagittal_MPRAGE__br_raw_20180129113815776_2_S654098_I957994.npy,1,0,0,0,0,,0,0,0,0,,0,0
/home/huangyunyou/amount_data/new_data/,ADNI_094_S_1188_MR_MP-RAGE__br_raw_20100215103845691_1_S80101_I166259.npy,0,1,0,1,0,0,0,0,0,0,,1,0
/home/huangyunyou/amount_data/new_data/,ADNI_130_S_6037_MR_Sagittal_3D_Accelerated_MPRAGE_br_raw_20170712113824444_211_S582515_I873168.npy,1,0,0,0,0,,0,0,0,0,,0,0
/home/huangyunyou/amount_data/new_data/,ADNI_094_S_1267_MR_MP-RAGE__br_raw_20100319104800803_113_S81371_I168281.npy,1,0,0,0,0,0,0,0,0,0,,0,0
/home/huangyunyou/amount_data/new_data/,ADNI_037_S_1078_MR_MP-RAGE__br_raw_20100301145830103_51_S80504_I167036.npy,0,1,0,1,0,0,0,0,0,0,,1,0
/home/huangyunyou/amount_data/new_data/,ADNI_016_S_0354_MR_MPRAGE_br_raw_20070723153624084_98_S35901_I61625.npy,0,1,0,1,0,0,0,0,0,0,,1,0
/home/huangyunyou/amount_data/new_data/,ADNI_133_S_0488_MR_MP-RAGE__br_raw_20090608155514734_3_S68339_I145531.npy,1,0,0,0,0,0,0,0,0,0,,0,0
/home/huangyunyou/amount_data/new_data/,ADNI_022_S_0961_MR_MPRAGE_Repeat__br_raw_20091113133852580_138_S76328_I159083.npy,0,1,0,1,0,0,0,0,0,0,,1,0
/home/huangyunyou/amount_data/new_data/,ADNI_082_S_6287_MR_Accelerated_Sagittal_MPRAGE__br_raw_20180516110410685_21_S685923_I998049.npy,1,0,0,0,0,,0,0,0,0,,0,0
/home/huangyunyou/amount_data/new_data/,ADNI_099_S_0051_MR_MPRAGE_br_raw_20081216110729347_98_S60874_I131049.npy,0,1,0,1,0,0,0,0,0,0,,1,0
/home/huangyunyou/amount_data/new_data/,ADNI_177_S_6408_MR_Sagittal_3D_Accelerated_MPRAGE_br_raw_20180611110521132_46_S693983_I1008024.npy,1,0,0,0,0,,0,0,0,0,,0,0
/home/huangyunyou/amount_data/new_data/,ADNI_068_S_2194_MR_MPRAGE_br_raw_20101117113700509_126_S94911_I205381.npy,0,1,0,1,0,,0,0,0,0,,1,0
/home/huangyunyou/amount_data/new_data/,ADNI_011_S_0002_MR_MPRAGE_br_raw_20050830102647203_1_S9107_I7025.npy,1,0,0,0,0,0,0,0,0,0,,0,0
/home/huangyunyou/amount_data/new_data/,ADNI_116_S_1243_MR_MP-RAGE__br_raw_20100225142117579_137_S80458_I166803.npy,0,1,0,1,0,0,0,0,0,0,,1,0
/home/huangyunyou/amount_data/new_data/,ADNI_130_S_6319_MR_Sagittal_3D_Accelerated_MPRAGE_br_raw_20180427154833126_45_S680325_I990195.npy,1,0,0,0,0,,0,0,0,0,,0,0
/home/huangyunyou/amount_data/new_data/,ADNI_126_S_0709_MR_MP-RAGE__br_raw_20140715140956820_121_S225106_I435652.npy,0,1,0,1,0,0,0,0,0,0,,1,0
/home/huangyunyou/amount_data/new_data/,ADNI_003_S_6307_MR_Accelerated_Sagittal_MPRAGE__br_raw_20180621214551941_82_S698034_I1012896.npy,1,0,0,0,0,,0,0,0,0,,0,0
/home/huangyunyou/amount_data/new_data/,ADNI_109_S_1183_MR_MPRAGE_br_raw_20090408132019640_1_S65816_I141007.npy,0,1,0,1,0,0,0,0,0,0,,1,0
/home/huangyunyou/amount_data/new_data/,ADNI_027_S_1213_MR_MP-RAGE__br_raw_20090126173604255_1_S62260_I134499.npy,0,1,0,1,0,0,0,0,0,0,,1,0
/home/huangyunyou/amount_data/new_data/,ADNI_057_S_0934_MR_MPRAGE_br_raw_20091104150840328_63_S75850_I158244.npy,1,0,0,0,0,0,0,0,0,0,,0,0
/home/huangyunyou/amount_data/new_data/,ADNI_027_S_1277_MR_MP-RAGE__br_raw_20080219144213982_1_S45870_I90784.npy,0,1,0,1,0,0,0,0,0,0,,1,0
/home/huangyunyou/amount_data/new_data/,ADNI_114_S_2392_MR_MPRAGE_br_raw_20110624141320765_85_S112488_I241614.npy,0,1,0,1,0,,0,0,0,0,,1,0
/home/huangyunyou/amount_data/new_data/,00000036_S_6134.npy,0,1,0,1,0,,0,0,0,0,,1,0
/home/huangyunyou/amount_data/new_data/,ADNI_002_S_1070_MR_MP-RAGE__br_raw_20091211070222880_1_S77167_I160754.npy,0,1,0,1,0,0,0,0,0,0,,1,0
/home/huangyunyou/amount_data/new_data/,00000035_S_6641.npy,0,1,0,1,0,,0,0,0,0,,1,0
/home/huangyunyou/amount_data/new_data/,ADNI_029_S_0866_MR_MP-RAGE__br_raw_20091030144749097_84_S75772_I158102.npy,1,0,0,0,0,0,0,0,0,0,,0,0
/home/huangyunyou/amount_data/new_data/,ADNI_036_S_1240_MR_MPRAGE_br_raw_20090305134327279_1_S63957_I137760.npy,0,1,0,1,0,0,0,0,0,0,,1,0
/home/huangyunyou/amount_data/new_data/,ADNI_123_S_0106_MR_MPRAGEASO__br_raw_20100129104838944_170_S79540_I165499.npy,1,0,0,0,0,0,0,0,0,0,,0,0
/home/huangyunyou/amount_data/new_data/,ADNI_082_S_0304_MR_MPRAGE_br_raw_20080423112834794_98_S49157_I103594.npy,1,0,0,0,0,0,0,0,0,0,,0,0
/home/huangyunyou/amount_data/new_data/,ADNI_132_S_0987_MR_MP-RAGE__br_raw_20080519102528303_1_S50300_I106042.npy,0,1,0,1,0,0,0,0,0,0,,1,0
/home/huangyunyou/amount_data/new_data/,ADNI_023_S_0604_MR_MPRAGE_br_raw_20090710144919515_1_S69779_I148533.npy,0,1,0,1,0,0,0,0,0,0,,1,0
/home/huangyunyou/amount_data/new_data/,ADNI_941_S_6570_MR_Accelerated_Sagittal_MPRAGE__br_raw_20180831145251301_21_S723995_I1044538.npy,1,0,0,0,0,,0,0,0,0,,0,0
/home/huangyunyou/amount_data/new_data/,00000006_S_6252.npy,0,1,0,1,0,,0,0,0,0,,1,0
/home/huangyunyou/amount_data/new_data/,ADNI_100_S_0892_MR_ASO-MPRAGE_br_raw_20091028074635025_1_S75629_I157893.npy,0,1,0,1,0,0,0,0,0,0,,1,0
/home/huangyunyou/amount_data/new_data/,ADNI_168_S_6320_MR_Accelerated_Sagittal_MPRAGE__br_raw_20180504091626010_46_S682304_I992584.npy,1,0,0,0,0,,0,0,0,0,,0,0
/home/huangyunyou/amount_data/new_data/,ADNI_128_S_2045_MR_MPRAGE_br_raw_20100829132141071_42_S91366_I191601.npy,0,1,0,1,0,,0,0,0,0,,1,0
/home/huangyunyou/amount_data/new_data/,ADNI_011_S_0021_MR_MPRAGE_br_raw_20081106091234237_1_S58355_I125318.npy,1,0,0,0,0,0,0,0,0,0,,0,0
/home/huangyunyou/amount_data/new_data/,ADNI_082_S_0761_MR_MPRAGE_Repeat__br_raw_20060823132333827_138_S18118_I23173.npy,1,0,0,0,0,0,0,0,0,0,,0,0
/home/huangyunyou/amount_data/new_data/,ADNI_100_S_0930_MR_ASO-MPRAGE_br_raw_20090322174344307_6_S64870_I139546.npy,0,1,0,1,0,0,0,0,0,0,,1,0
/home/huangyunyou/amount_data/new_data/,ADNI_131_S_0123_MR_MP-RAGE__br_raw_20100205134631800_1_S79799_I165858.npy,1,0,0,0,0,0,0,0,0,0,,0,0
/home/huangyunyou/amount_data/new_data/,ADNI_128_S_1088_MR_MPRAGE_br_raw_20091030131546984_103_S75755_I158075.npy,0,1,0,1,0,0,0,0,0,0,,1,0
/home/huangyunyou/amount_data/new_data/,ADNI_053_S_2357_MR_MPRAGE_br_raw_20110420152029982_129_S104829_I228464.npy,0,1,0,1,0,,0,0,0,0,,1,0
/home/huangyunyou/amount_data/new_data/,ADNI_127_S_6173_MR_Accelerated_Sagittal_IR-FSPGR__br_raw_20180208114930270_121_S657038_I961583.npy,1,0,0,0,0,,0,0,0,0,,0,0
/home/huangyunyou/amount_data/new_data/,ADNI_023_S_6399_MR_Accelerated_Sagittal_MPRAGE__br_raw_20180530154838018_181_S690743_I1003993.npy,1,0,0,0,0,,0,0,0,0,,0,0
/home/huangyunyou/amount_data/new_data/,00000009_S_6402.npy,0,1,0,1,0,,0,0,0,0,,1,0
/home/huangyunyou/amount_data/new_data/,ADNI_052_S_6412_MR_Accelerated_Sagittal_MPRAGE__br_raw_20180802093725655_191_S711752_I1029891.npy,1,0,0,0,0,,0,0,0,0,,0,0
/home/huangyunyou/amount_data/new_data/,ADNI_027_S_0644_MR_MP-RAGE__br_raw_20100625123912945_72_S88117_I180319.npy,0,1,0,1,0,0,0,0,0,0,,1,0
/home/huangyunyou/amount_data/new_data/,ADNI_128_S_1242_MR_MPRAGE_br_raw_20080321131954421_1_S47327_I99234.npy,1,0,0,0,0,0,0,0,0,0,,0,0
/home/huangyunyou/amount_data/new_data/,ADNI_072_S_2093_MR_MPRAGE_br_raw_20101008113901264_124_S93143_I195820.npy,0,1,0,1,0,,0,0,0,0,,1,0
/home/huangyunyou/amount_data/new_data/,ADNI_011_S_0005_MR_MPRAGE_br_raw_20080911093631661_1_S56381_I117777.npy,1,0,0,0,0,0,0,0,0,0,,0,0
/home/huangyunyou/amount_data/new_data/,ADNI_130_S_0289_MR_MP-RAGE__br_raw_20100512102647440_26_S84788_I173500.npy,0,1,0,1,0,0,0,0,0,0,,1,0
/home/huangyunyou/amount_data/new_data/,ADNI_067_S_2195_MR_MPRAGE_br_raw_20101119094437484_110_S95056_I205877.npy,0,1,0,1,0,,0,0,0,0,,1,0
/home/huangyunyou/amount_data/new_data/,ADNI_098_S_2079_MR_Accelerated_Sag_IR-SPGR__br_raw_20100922162457579_103_S92420_I193312.npy,0,1,0,1,0,,0,0,0,0,,1,0
/home/huangyunyou/amount_data/new_data/,ADNI_127_S_6232_MR_Accelerated_Sagittal_IR-FSPGR__br_raw_20180330161620603_78_S672272_I980179.npy,1,0,0,0,0,,0,0,0,0,,0,0
/home/huangyunyou/amount_data/new_data/,ADNI_018_S_2138_MR_MPRAGE_br_raw_20101104140230661_81_S94232_I202429.npy,0,1,0,1,0,,0,0,0,0,,1,0
/home/huangyunyou/amount_data/new_data/,ADNI_002_S_6053_MR_Accelerated_Sagittal_MPRAGE__br_raw_20170724104500052_169_S586900_I878146.npy,1,0,0,0,0,,0,0,0,0,,0,0
/home/huangyunyou/amount_data/new_data/,ADNI_135_S_6411_MR_Accelerated_Sag_IR-FSPGR___br_raw_20180604134236674_108_S691836_I1005341.npy,1,0,0,0,0,,0,0,0,0,,0,0
/home/huangyunyou/amount_data/new_data/,ADNI_067_S_0607_MR_MPRAGE_br_raw_20081114122118599_97_S59060_I126544.npy,0,1,0,1,0,0,0,0,0,0,,1,0
/home/huangyunyou/amount_data/new_data/,ADNI_116_S_6624_MR_Accelerated_Sagittal_MPRAGE__br_raw_20181102152703088_161_S744292_I1069428.npy,1,0,0,0,0,,0,0,0,0,,0,0
/home/huangyunyou/amount_data/new_data/,ADNI_109_S_1343_MR_MPRAGE_br_raw_20080430084945313_1_S49500_I104307.npy,0,1,0,1,0,0,0,0,0,0,,1,0
/home/huangyunyou/amount_data/new_data/,ADNI_941_S_6333_MR_Accelerated_Sagittal_MPRAGE__br_raw_20180601135049721_102_S691304_I1004681.npy,1,0,0,0,0,,0,0,0,0,,0,0
/home/huangyunyou/amount_data/new_data/,ADNI_114_S_0410_MR_MPRAGE_br_raw_20071102165911464_98_S42230_I80580.npy,0,1,0,1,0,0,0,0,0,0,,1,0
/home/huangyunyou/amount_data/new_data/,ADNI_130_S_6019_MR_Sagittal_3D_Accelerated_MPRAGE_br_raw_20170609162912879_190_S567412_I854993.npy,1,0,0,0,0,,0,0,0,0,,0,0
/home/huangyunyou/amount_data/new_data/,ADNI_114_S_0378_MR_MPRAGE_br_raw_20090430093442142_97_S66813_I142821.npy,0,1,0,1,0,0,0,0,0,0,,1,0
/home/huangyunyou/amount_data/new_data/,ADNI_131_S_0441_MR_MP-RAGE__br_raw_20100512103626310_70_S84790_I173502.npy,1,0,0,0,0,0,0,0,0,0,,0,0
/home/huangyunyou/amount_data/new_data/,ADNI_018_S_2155_MR_MPRAGE_br_raw_20101202154841190_48_S95705_I207345.npy,0,1,0,1,0,,0,0,0,0,,1,0
/home/huangyunyou/amount_data/new_data/,ADNI_131_S_6519_MR_Sagittal_3D_Accelerated_MPRAGE_br_raw_20190109095922205_120_S713874_I1032569.npy,1,0,0,0,0,,0,0,0,0,,0,0
/home/huangyunyou/amount_data/new_data/,ADNI_082_S_2307_MR_MPRAGE_br_raw_20110215154927984_121_S99883_I217602.npy,0,1,0,1,0,,0,0,0,0,,1,0
/home/huangyunyou/amount_data/new_data/,ADNI_033_S_0514_MR_MP-RAGE__br_raw_20100610102634803_154_S87174_I177300.npy,0,1,0,1,0,0,0,0,0,0,,1,0
/home/huangyunyou/amount_data/new_data/,ADNI_133_S_0525_MR_MP-RAGE__br_raw_20090701135740453_3_S69319_I147375.npy,1,0,0,0,0,0,0,0,0,0,,0,0
/home/huangyunyou/amount_data/new_data/,ADNI_011_S_0861_MR_MPRAGE_br_raw_20091007100334775_1_S74473_I156117.npy,0,1,0,1,0,0,0,0,0,0,,1,0
/home/huangyunyou/amount_data/new_data/,ADNI_014_S_0520_MR_MP-RAGE__br_raw_20090604122842627_4_S68263_I145417.npy,1,0,0,0,0,0,0,0,0,0,,0,0
/home/huangyunyou/amount_data/new_data/,ADNI_130_S_0285_MR_MP-RAGE__br_raw_20100416162719838_129_S83437_I171252.npy,0,1,0,1,0,0,0,0,0,0,,1,0
/home/huangyunyou/amount_data/new_data/,ADNI_141_S_0810_MR_MPRAGE_br_raw_20090708150909661_101_S69678_I148319.npy,1,0,0,0,0,0,0,0,0,0,,0,0
/home/huangyunyou/amount_data/new_data/,ADNI_023_S_0625_MR_MPRAGE_br_raw_20091020144834790_1_S75404_I157551.npy,0,1,0,1,0,0,0,0,0,0,,1,0
/home/huangyunyou/amount_data/new_data/,00000109_S_6376.npy,0,1,0,1,0,,0,0,0,0,,1,0
/home/huangyunyou/amount_data/new_data/,ADNI_020_S_0883_MR_MPRAGE_br_raw_20091121094313265_1_S76708_I159693.npy,1,0,0,0,0,0,0,0,0,0,,0,0
/home/huangyunyou/amount_data/new_data/,00000027_S_6002.npy,0,1,0,1,0,,0,0,0,0,,1,0
/home/huangyunyou/amount_data/new_data/,ADNI_137_S_0972_MR_MP-RAGE__br_raw_20091201151803792_1_S76845_I159958.npy,1,0,0,0,0,0,0,0,0,0,,0,0
/home/huangyunyou/amount_data/new_data/,00000037_S_6141.npy,0,1,0,1,0,,0,0,0,0,,1,0
/home/huangyunyou/amount_data/new_data/,ADNI_035_S_6200_MR_Accelerated_Sagittal_MPRAGE__br_raw_20180215141217553_121_S659829_I964917.npy,1,0,0,0,0,,0,0,0,0,,0,0
/home/huangyunyou/amount_data/new_data/,ADNI_016_S_1326_MR_MPRAGE_br_raw_20090402094311998_98_S65411_I140319.npy,0,1,0,1,0,0,0,0,0,0,,1,0
/home/huangyunyou/amount_data/new_data/,ADNI_128_S_0611_MR_REPEAT_SAG_3D_MPRAGE_br_raw_20140724143959832_108_S225829_I436691.npy,0,1,0,1,0,0,0,0,0,0,,1,0
/home/huangyunyou/amount_data/new_data/,ADNI_114_S_6487_MR_Accelerated_Sagittal_MPRAGE__br_raw_20181002085526789_46_S732180_I1054709.npy,1,0,0,0,0,,0,0,0,0,,0,0
/home/huangyunyou/amount_data/new_data/,ADNI_100_S_0006_MR_ASO-MPRAGE_br_raw_20090422222856799_170_S66586_I142392.npy,0,1,0,1,0,0,0,0,0,0,,1,0
/home/huangyunyou/amount_data/new_data/,ADNI_130_S_6105_MR_Sagittal_3D_Accelerated_MPRAGE_br_raw_20171103110011389_128_S627832_I926577.npy,1,0,0,0,0,,0,0,0,0,,0,0
/home/huangyunyou/amount_data/new_data/,ADNI_094_S_1330_MR_MP-RAGE__br_raw_20140707174342955_110_S224397_I434655.npy,0,1,0,1,0,0,0,0,0,0,,1,0
/home/huangyunyou/amount_data/new_data/,ADNI_027_S_1045_MR_MP-RAGE__br_raw_20091113072352168_1_S76310_I159061.npy,0,1,0,1,0,0,0,0,0,0,,1,0
/home/huangyunyou/amount_data/new_data/,ADNI_024_S_6472_MR_Accelerated_Sagittal_MPRAGE__br_raw_20180703134025672_73_S700935_I1016587.npy,1,0,0,0,0,,0,0,0,0,,0,0
/home/huangyunyou/amount_data/new_data/,ADNI_052_S_1054_MR_MP-RAGE__br_raw_20081208101905562_27_S60596_I129488.npy,0,1,0,1,0,0,0,0,0,0,,1,0
/home/huangyunyou/amount_data/new_data/,ADNI_941_S_1195_MR_MPRAGE_br_raw_20100303110637202_36_S80556_I167111.npy,1,0,0,0,0,0,0,0,0,0,,0,0
/home/huangyunyou/amount_data/new_data/,ADNI_012_S_0917_MR_MPRAGE_br_raw_20070619125108328_157_S33757_I57265.npy,0,1,0,1,0,0,0,0,0,0,,1,0
/home/huangyunyou/amount_data/new_data/,ADNI_032_S_6294_MR_Accelerated_Sagittal_MPRAGE__br_raw_20180503123829919_37_S681993_I992208.npy,1,0,0,0,0,,0,0,0,0,,0,0
/home/huangyunyou/amount_data/new_data/,ADNI_052_S_0671_MR_MP-RAGE__br_raw_20091221134722971_90_S77449_I161307.npy,0,1,0,1,0,0,0,0,0,0,,1,0
/home/huangyunyou/amount_data/new_data/,ADNI_109_S_2200_MR_Accelerated_SAG_IR-SPGR__br_raw_20101123180845929_16_S95177_I206464.npy,0,1,0,1,0,,0,0,0,0,,1,0
/home/huangyunyou/amount_data/new_data/,ADNI_041_S_6226_MR_Accelerated_Sagittal_MPRAGE__br_raw_20180402142608910_71_S672440_I980386.npy,1,0,0,0,0,,0,0,0,0,,0,0
/home/huangyunyou/amount_data/new_data/,ADNI_133_S_0629_MR_MPRAGE_br_raw_20080204133034863_1_S45287_I89297.npy,0,1,0,1,0,0,0,0,0,0,,1,0
/home/huangyunyou/amount_data/new_data/,ADNI_114_S_6524_MR_Accelerated_Sagittal_MPRAGE__br_raw_20181026145657903_94_S740214_I1064839.npy,1,0,0,0,0,,0,0,0,0,,0,0
/home/huangyunyou/amount_data/new_data/,ADNI_128_S_2057_MR_MPRAGE_br_raw_20100903120516235_84_S91651_I192070.npy,0,1,0,1,0,,0,0,0,0,,1,0
/home/huangyunyou/amount_data/new_data/,ADNI_002_S_1268_MR_MP-RAGE__br_raw_20100305045731091_140_S80685_I167297.npy,0,1,0,1,0,0,0,0,0,0,,1,0
/home/huangyunyou/amount_data/new_data/,ADNI_037_S_0303_MR_MP-RAGE__br_raw_20101021141614432_137_S93542_I198299.npy,1,0,0,0,0,0,0,0,0,0,,0,0
/home/huangyunyou/amount_data/new_data/,ADNI_033_S_0725_MR_MP-RAGE__br_raw_20080808162720751_3_S55179_I115805.npy,0,1,0,1,0,0,0,0,0,0,,1,0
/home/huangyunyou/amount_data/new_data/,ADNI_114_S_0166_MR_MPRAGE_br_raw_20090311092315950_22_S64271_I138303.npy,1,0,0,0,0,0,0,0,0,0,,0,0
/home/huangyunyou/amount_data/new_data/,ADNI_029_S_2376_MR_IR-SPGR__br_raw_20110705181758518_192_S113624_I243329.npy,0,1,0,1,0,,0,0,0,0,,1,0
/home/huangyunyou/amount_data/new_data/,ADNI_123_S_0072_MR_MPRAGEASO__br_raw_20100201093546281_170_S79587_I165571.npy,1,0,0,0,0,0,0,0,0,0,,0,0
/home/huangyunyou/amount_data/new_data/,ADNI_021_S_0141_MR_MP-RAGE__br_raw_20100222131955140_58_S80277_I166518.npy,0,1,0,1,0,0,0,0,0,0,,1,0
/home/huangyunyou/amount_data/new_data/,ADNI_127_S_6203_MR_Accelerated_Sagittal_IR-FSPGR__br_raw_20180329122155288_115_S671264_I978946.npy,1,0,0,0,0,,0,0,0,0,,0,0
/home/huangyunyou/amount_data/new_data/,00000098_S_6534.npy,0,1,0,1,0,,0,0,0,0,,1,0
/home/huangyunyou/amount_data/new_data/,ADNI_057_S_0464_MR_MPRAGE_br_raw_20090624161733312_98_S69135_I146659.npy,0,1,0,1,0,0,0,0,0,0,,1,0
/home/huangyunyou/amount_data/new_data/,ADNI_021_S_0337_MR_MP-RAGE__br_raw_20100505135304718_138_S84483_I173062.npy,1,0,0,0,0,0,0,0,0,0,,0,0
/home/huangyunyou/amount_data/new_data/,ADNI_031_S_0351_MR_MPRAGE_ASO_br_raw_20090429162052306_170_S66794_I142787.npy,0,1,0,1,0,0,0,0,0,0,,1,0
/home/huangyunyou/amount_data/new_data/,ADNI_007_S_6310_MR_Accelerated_Sagittal_MPRAGE__br_raw_20180410105753237_54_S674913_I983493.npy,1,0,0,0,0,,0,0,0,0,,0,0
/home/huangyunyou/amount_data/new_data/,ADNI_033_S_1279_MR_MP-RAGE__br_raw_20090302170135320_3_S63788_I137467.npy,0,1,0,1,0,0,0,0,0,0,,1,0
/home/huangyunyou/amount_data/new_data/,ADNI_137_S_1426_MR_MP-RAGE__br_raw_20081031083524512_1_S58136_I124659.npy,0,1,0,1,0,0,0,0,0,0,,1,0
/home/huangyunyou/amount_data/new_data/,ADNI_099_S_2042_MR_MPRAGE_br_raw_20100818124926738_71_S90767_I190791.npy,0,1,0,1,0,,0,0,0,0,,1,0
/home/huangyunyou/amount_data/new_data/,ADNI_126_S_0605_MR_MP-RAGE__br_raw_20100707140446665_35_S88668_I181028.npy,1,0,0,0,0,0,0,0,0,0,,0,0
/home/huangyunyou/amount_data/new_data/,ADNI_068_S_2168_MR_MPRAGE_br_raw_20101105101616430_122_S94292_I202818.npy,0,1,0,1,0,,0,0,0,0,,1,0
/home/huangyunyou/amount_data/new_data/,ADNI_941_S_6054_MR_Accelerated_Sagittal_MPRAGE__br_raw_20170731131845890_154_S589004_I880643.npy,1,0,0,0,0,,0,0,0,0,,0,0
/home/huangyunyou/amount_data/new_data/,ADNI_005_S_0610_MR_MP-RAGE__br_raw_20090806154722403_3_S72045_I152601.npy,1,0,0,0,0,0,0,0,0,0,,0,0
/home/huangyunyou/amount_data/new_data/,ADNI_128_S_0608_MR_REPEAT_SAG_3D_MPRAGE_br_raw_20090605121833192_48_S68309_I145490.npy,0,1,0,1,0,0,0,0,0,0,,1,0
/home/huangyunyou/amount_data/new_data/,ADNI_131_S_0436_MR_MP-RAGE__br_raw_20060519094651406_85_S14710_I15674.npy,1,0,0,0,0,0,0,0,0,0,,0,0
/home/huangyunyou/amount_data/new_data/,ADNI_002_S_0729_MR_MP-RAGE__br_raw_20090813233511639_1_S72361_I153068.npy,0,1,0,1,0,0,0,0,0,0,,1,0
/home/huangyunyou/amount_data/new_data/,ADNI_130_S_0886_MR_MPRAGE_SENSE_br_raw_20140724110024709_129_S77011_I160452.npy,1,0,0,0,0,0,0,0,0,0,,0,0
/home/huangyunyou/amount_data/new_data/,ADNI_041_S_1423_MR_MPRAGE_br_raw_20080825150026231_98_S55786_I116809.npy,0,1,0,1,0,0,0,0,0,0,,1,0
/home/huangyunyou/amount_data/new_data/,ADNI_032_S_2240_MR_MPRAGE_br_raw_20101216112423374_87_S96597_I208838.npy,0,1,0,1,0,,0,0,0,0,,1,0
/home/huangyunyou/amount_data/new_data/,ADNI_003_S_0981_MR_MPRAGE_Repeat__br_raw_20140722155919765_18_S225535_I436281.npy,1,0,0,0,0,0,0,0,0,0,,0,0
/home/huangyunyou/amount_data/new_data/,ADNI_023_S_0126_MR_MPRAGE_br_raw_20100304110135420_81_S80628_I167211.npy,0,1,0,1,0,0,0,0,0,0,,1,0
/home/huangyunyou/amount_data/new_data/,ADNI_003_S_6260_MR_Accelerated_Sagittal_MPRAGE__raw_20180522221050379_22_S688417_I1001084.npy,1,0,0,0,0,,0,0,0,0,,0,0
/home/huangyunyou/amount_data/new_data/,00000033_S_6497.npy,0,1,0,1,0,,0,0,0,0,,1,0
/home/huangyunyou/amount_data/new_data/,ADNI_141_S_6253_MR_Accelerated_Sagittal_MPRAGE__br_raw_20180319111437558_2_S667797_I974714.npy,1,0,0,0,0,,0,0,0,0,,0,0
/home/huangyunyou/amount_data/new_data/,ADNI_082_S_0928_MR_MPRAGE_br_raw_20080609112539344_75_S51161_I108707.npy,0,1,0,1,0,0,0,0,0,0,,1,0
/home/huangyunyou/amount_data/new_data/,00000027_S_6463.npy,0,1,0,1,0,,0,0,0,0,,1,0
/home/huangyunyou/amount_data/new_data/,ADNI_121_S_1350_MR_ASO-MPRAGE_br_raw_20070921102654758_1_S39567_I74041.npy,0,1,0,1,0,0,0,0,0,0,,1,0
/home/huangyunyou/amount_data/new_data/,ADNI_027_S_6001_MR_Accelerated_Sagittal_IR-FSPGR__br_raw_20170321174517937_155_S527288_I808819.npy,1,0,0,0,0,,0,0,0,0,,0,0
/home/huangyunyou/amount_data/new_data/,ADNI_022_S_0544_MR_MPRAGE_Repeat__br_raw_20080514162635911_29_S50132_I105625.npy,0,1,0,1,0,0,0,0,0,0,,1,0
/home/huangyunyou/amount_data/new_data/,ADNI_130_S_6372_MR_Sagittal_3D_Accelerated_MPRAGE_br_raw_20180523132532940_186_S688620_I1001329.npy,1,0,0,0,0,,0,0,0,0,,0,0
/home/huangyunyou/amount_data/new_data/,ADNI_018_S_6207_MR_Sagittal_3D_Accelerated_MPRAGE_br_raw_20180214090114639_1_S658844_I963722.npy,1,0,0,0,0,,0,0,0,0,,0,0
/home/huangyunyou/amount_data/new_data/,ADNI_126_S_2407_MR_Accelerated_Sag_IR-SPGR__br_raw_20111121110527271_126_S130243_I267718.npy,0,1,0,1,0,,0,0,0,0,,1,0
/home/huangyunyou/amount_data/new_data/,ADNI_177_S_6328_MR_Sagittal_3D_Accelerated_MPRAGE_br_raw_20180504143216507_35_S682465_I992799.npy,1,0,0,0,0,,0,0,0,0,,0,0
/home/huangyunyou/amount_data/new_data/,ADNI_116_S_0890_MR_MP-RAGE__br_raw_20070803132917246_76_S36890_I64542.npy,0,1,0,1,0,0,0,0,0,0,,1,0
/home/huangyunyou/amount_data/new_data/,ADNI_116_S_6517_MR_Accelerated_Sagittal_MPRAGE__br_raw_20180910165235976_89_S726036_I1047168.npy,1,0,0,0,0,,0,0,0,0,,0,0
/home/huangyunyou/amount_data/new_data/,ADNI_098_S_0160_MR_MP-RAGE__br_raw_20100222125801469_77_S80336_I166625.npy,0,1,0,1,0,0,0,0,0,0,,1,0
/home/huangyunyou/amount_data/new_data/,ADNI_023_S_1247_MR_MPRAGE_br_raw_20090312154140796_1_S64441_I138591.npy,0,1,0,1,0,0,0,0,0,0,,1,0
/home/huangyunyou/amount_data/new_data/,ADNI_116_S_1249_MR_MP-RAGE__br_raw_20100204153954034_1_S79763_I165814.npy,1,0,0,0,0,0,0,0,0,0,,0,0
/home/huangyunyou/amount_data/new_data/,ADNI_009_S_2208_MR_MPRAGE_br_raw_20101202202402489_6_S95723_I207373.npy,0,1,0,1,0,,0,0,0,0,,1,0
/home/huangyunyou/amount_data/new_data/,ADNI_114_S_6057_MR_Accelerated_Sagittal_MPRAGE__br_raw_20171026143002762_103_S624788_I923016.npy,1,0,0,0,0,,0,0,0,0,,0,0
/home/huangyunyou/amount_data/new_data/,00000003_S_6258.npy,0,1,0,1,0,,0,0,0,0,,1,0
/home/huangyunyou/amount_data/new_data/,ADNI_067_S_0257_MR_MPRAGE_br_raw_20100816163314342_2_S90532_I190412.npy,1,0,0,0,0,0,0,0,0,0,,0,0
/home/huangyunyou/amount_data/new_data/,ADNI_116_S_6439_MR_Accelerated_Sagittal_MPRAGE__br_raw_20180629165915619_53_S700404_I1015823.npy,1,0,0,0,0,,0,0,0,0,,0,0
/home/huangyunyou/amount_data/new_data/,00000006_S_6441.npy,0,1,0,1,0,,0,0,0,0,,1,0
/home/huangyunyou/amount_data/new_data/,ADNI_941_S_1363_MR_MPRAGE_br_raw_20070313130707971_98_S28008_I44495.npy,0,1,0,1,0,0,0,0,0,0,,1,0
/home/huangyunyou/amount_data/new_data/,ADNI_009_S_6163_MR_Accelerated_Sag_IR-FSPGR_br_raw_20180214122333476_163_S658886_I963779.npy,1,0,0,0,0,,0,0,0,0,,0,0
/home/huangyunyou/amount_data/new_data/,00000109_S_6364.npy,0,1,0,1,0,,0,0,0,0,,1,0
/home/huangyunyou/amount_data/new_data/,00000006_S_6651.npy,0,1,0,1,0,,0,0,0,0,,1,0
/home/huangyunyou/amount_data/new_data/,ADNI_141_S_1378_MR_MPRAGE_br_raw_20080428152640208_98_S49400_I104130.npy,0,1,0,1,0,0,0,0,0,0,,1,0
/home/huangyunyou/amount_data/new_data/,ADNI_016_S_1138_MR_MPRAGE_br_raw_20070731154106006_47_S36688_I63269.npy,0,1,0,1,0,0,0,0,0,0,,1,0
/home/huangyunyou/amount_data/new_data/,ADNI_003_S_6259_MR_Accelerated_Sagittal_MPRAGE__br_raw_20180323234331389_68_S670001_I977365.npy,1,0,0,0,0,,0,0,0,0,,0,0
/home/huangyunyou/amount_data/new_data/,ADNI_041_S_6136_MR_Accelerated_Sagittal_MPRAGE__br_raw_20171211134436262_94_S642911_I944422.npy,1,0,0,0,0,,0,0,0,0,,0,0
/home/huangyunyou/amount_data/new_data/,ADNI_018_S_0142_MR_MPRAGE_br_raw_20100517132508740_152_S85051_I173896.npy,0,1,0,1,0,0,0,0,0,0,,1,0
/home/huangyunyou/amount_data/new_data/,ADNI_129_S_6288_MR_Accelerated_Sag_IR-FSPGR___br_raw_20180403154720572_5_S672766_I980829.npy,1,0,0,0,0,,0,0,0,0,,0,0
/home/huangyunyou/amount_data/new_data/,ADNI_013_S_1186_MR_MPRAGE_br_raw_20090410164810296_95_S65170_I139978.npy,0,1,0,1,0,0,0,0,0,0,,1,0
/home/huangyunyou/amount_data/new_data/,ADNI_137_S_0443_MR_MP-RAGE__br_raw_20090813113018568_180_S72308_I152996.npy,0,1,0,1,0,0,0,0,0,0,,1,0
/home/huangyunyou/amount_data/new_data/,ADNI_002_S_6007_MR_Accelerated_Sagittal_MPRAGE__br_raw_20170403113624532_21_S551363_I835740.npy,1,0,0,0,0,,0,0,0,0,,0,0
/home/huangyunyou/amount_data/new_data/,ADNI_027_S_0835_MR_MP-RAGE__br_raw_20100902122939095_25_S91582_I191943.npy,0,1,0,1,0,0,0,0,0,0,,1,0
/home/huangyunyou/amount_data/new_data/,ADNI_073_S_0089_MR_MPRAGE_br_raw_20090203115955837_98_S62603_I135141.npy,1,0,0,0,0,0,0,0,0,0,,0,0
/home/huangyunyou/amount_data/new_data/,ADNI_141_S_2210_MR_MPRAGE_br_raw_20110117092826589_162_S97644_I212301.npy,0,1,0,1,0,,0,0,0,0,,1,0
/home/huangyunyou/amount_data/new_data/,ADNI_094_S_6417_MR_Accelerated_Sagittal_MPRAGE__br_raw_20180626091746294_7_S698530_I1013527.npy,1,0,0,0,0,,0,0,0,0,,0,0
/home/huangyunyou/amount_data/new_data/,ADNI_037_S_0588_MR_MP-RAGE__br_raw_20090306122803171_1_S64039_I137859.npy,0,1,0,1,0,0,0,0,0,0,,1,0
/home/huangyunyou/amount_data/new_data/,ADNI_129_S_6459_MR_Accelerated_Sag_IR-FSPGR___br_raw_20180627123111020_110_S699107_I1014209.npy,1,0,0,0,0,,0,0,0,0,,0,0
/home/huangyunyou/amount_data/new_data/,ADNI_033_S_1098_MR_MP-RAGE__br_raw_20091204133639658_3_S76934_I160297.npy,1,0,0,0,0,0,0,0,0,0,,0,0
/home/huangyunyou/amount_data/new_data/,ADNI_022_S_2379_MR_MPRAGE_br_raw_20110516130454093_161_S109000_I235155.npy,0,1,0,1,0,,0,0,0,0,,1,0
/home/huangyunyou/amount_data/new_data/,ADNI_002_S_1261_MR_MP-RAGE__br_raw_20100225171339402_123_S80484_I166845.npy,1,0,0,0,0,0,0,0,0,0,,0,0
/home/huangyunyou/amount_data/new_data/,00000123_S_0091.npy,0,0,1,2,1,0,,0,,0,1,2,
/home/huangyunyou/amount_data/new_data/,00000007_S_1248.npy,0,0,1,2,1,0,,0,,0,1,2,
/home/huangyunyou/amount_data/new_data/,00000021_S_0642.npy,0,0,1,2,1,0,,0,,0,1,2,
/home/huangyunyou/amount_data/new_data/,00000100_S_0743.npy,0,0,1,2,1,0,,0,,0,1,2,
/home/huangyunyou/amount_data/new_data/,00000094_S_1102.npy,0,0,1,2,1,0,,0,,0,1,2,
/home/huangyunyou/amount_data/new_data/,00000067_S_0812.npy,0,0,1,2,1,0,,0,,0,1,2,
/home/huangyunyou/amount_data/new_data/,ADNI_023_S_0078_MR_MPRAGE_br_raw_20070724123053465_1_S36266_I61968.npy,0,0,1,2,1,0,,0,,0,1,2,
/home/huangyunyou/amount_data/new_data/,00000032_S_0147.npy,0,0,1,2,1,0,,0,,0,1,2,
/home/huangyunyou/amount_data/new_data/,00000073_S_0565.npy,0,0,1,2,1,0,,0,,0,1,2,
/home/huangyunyou/amount_data/new_data/,00000035_S_0341.npy,0,0,1,2,1,0,,0,,0,1,2,
/home/huangyunyou/amount_data/new_data/,ADNI_135_S_6545_MR_Accelerated_Sag_IR-FSPGR___br_raw_20180822112953754_54_S719967_I1039632.npy,0,0,1,2,1,,,,,,1,2,
/home/huangyunyou/amount_data/new_data/,00000130_S_1290.npy,0,0,1,2,1,0,,0,,0,1,2,
/home/huangyunyou/amount_data/new_data/,ADNI_037_S_6216_MR_Accelerated_Sagittal_MPRAGE__br_raw_20180504092623852_186_S682335_I992628.npy,0,0,1,2,1,,,,,,1,2,
/home/huangyunyou/amount_data/new_data/,ADNI_037_S_6377_MR_Accelerated_Sagittal_MPRAGE__br_raw_20180706142306729_62_S701869_I1017725.npy,0,0,1,2,1,,,,,,1,2,
/home/huangyunyou/amount_data/new_data/,00000141_S_0696.npy,0,0,1,2,1,0,,0,,0,1,2,
/home/huangyunyou/amount_data/new_data/,00000029_S_1056.npy,0,0,1,2,1,0,,0,,0,1,2,
/home/huangyunyou/amount_data/new_data/,00000002_S_0619.npy,0,0,1,2,1,0,,0,,0,1,2,
/home/huangyunyou/amount_data/new_data/,00000010_S_0786.npy,0,0,1,2,1,0,,0,,0,1,2,
/home/huangyunyou/amount_data/new_data/,00000136_S_0300.npy,0,0,1,2,1,0,,0,,0,1,2,
/home/huangyunyou/amount_data/new_data/,00000067_S_1185.npy,0,0,1,2,1,0,,0,,0,1,2,
/home/huangyunyou/amount_data/new_data/,00000032_S_1101.npy,0,0,1,2,1,0,,0,,0,1,2,
/home/huangyunyou/amount_data/new_data/,ADNI_036_S_6231_MR_Accelerated_Sagittal_MPRAGE__br_raw_20180314163907460_7_S667002_I973656.npy,0,0,1,2,1,,,,,,1,2,
/home/huangyunyou/amount_data/new_data/,00000031_S_0554.npy,0,0,1,2,1,0,,0,,0,1,2,
/home/huangyunyou/amount_data/new_data/,ADNI_135_S_6687_MR_Accelerated_Sag_IR-FSPGR___br_raw_20190315105649164_47_S806442_I1142635.npy,0,0,1,2,1,,,,,,1,2,
/home/huangyunyou/amount_data/new_data/,00000141_S_0790.npy,0,0,1,2,1,0,,0,,0,1,2,
/home/huangyunyou/amount_data/new_data/,00000141_S_1137.npy,0,0,1,2,1,0,,0,,0,1,2,
/home/huangyunyou/amount_data/new_data/,ADNI_098_S_6655_MR_Sag_Accel_IR-FSPGR_br_raw_20190123115617585_173_S787653_I1119493.npy,0,0,1,2,1,,,,,,1,2,
/home/huangyunyou/amount_data/new_data/,00000027_S_1081.npy,0,0,1,2,1,0,,0,,0,1,2,
/home/huangyunyou/amount_data/new_data/,00000057_S_0474.npy,0,0,1,2,1,0,,0,,0,1,2,
/home/huangyunyou/amount_data/new_data/,00000137_S_0841.npy,0,0,1,2,1,0,,0,,0,1,2,
/home/huangyunyou/amount_data/new_data/,00000067_S_0110.npy,0,0,1,2,1,0,,0,,0,1,2,
/home/huangyunyou/amount_data/new_data/,00000127_S_0431.npy,0,0,1,2,1,0,,0,,0,1,2,
/home/huangyunyou/amount_data/new_data/,ADNI_114_S_6347_MR_Accelerated_Sagittal_MPRAGE__br_raw_20180619163003373_77_S697151_I1011824.npy,0,0,1,2,1,,,,,,1,2,
/home/huangyunyou/amount_data/new_data/,00000016_S_1263.npy,0,0,1,2,1,0,,0,,0,1,2,
/home/huangyunyou/amount_data/new_data/,00000099_S_0470.npy,0,0,1,2,1,0,,0,,0,1,2,
/home/huangyunyou/amount_data/new_data/,00000067_S_0076.npy,0,0,1,2,1,0,,0,,0,1,2,
/home/huangyunyou/amount_data/new_data/,00000002_S_1018.npy,0,0,1,2,1,0,,0,,0,1,2,
/home/huangyunyou/amount_data/new_data/,00000126_S_0891.npy,0,0,1,2,1,0,,0,,0,1,2,
/home/huangyunyou/amount_data/new_data/,00000027_S_1254.npy,0,0,1,2,1,0,,0,,0,1,2,
/home/huangyunyou/amount_data/new_data/,ADNI_082_S_6690_MR_Accelerated_Sagittal_MPRAGE__br_raw_20190507114933561_1_S821556_I1162188.npy,0,0,1,2,1,,,,,,1,2,
/home/huangyunyou/amount_data/new_data/,00000013_S_1161.npy,0,0,1,2,1,0,,0,,0,1,2,
/home/huangyunyou/amount_data/new_data/,00000141_S_0852.npy,0,0,1,2,1,0,,0,,0,1,2,
/home/huangyunyou/amount_data/new_data/,00000033_S_1308.npy,0,0,1,2,1,0,,0,,0,1,2,
/home/huangyunyou/amount_data/new_data/,00000127_S_6512.npy,0,1,0,1,0,,0,0,0,0,,1,0
/home/huangyunyou/amount_data/new_data/,ADNI_036_S_1023_MR_MPRAGE_br_raw_20100113131728362_1_S78290_I163447.npy,1,0,0,0,0,0,0,0,0,0,,0,0
/home/huangyunyou/amount_data/new_data/,ADNI_067_S_0077_MR_MPRAGE_br_raw_20080624163951740_98_S52073_I110535.npy,0,1,0,1,0,0,0,0,0,0,,1,0
/home/huangyunyou/amount_data/new_data/,ADNI_123_S_0108_MR_MPRAGEASO__br_raw_20100225175347520_120_S80470_I166821.npy,0,1,0,1,0,0,0,0,0,0,,1,0
/home/huangyunyou/amount_data/new_data/,ADNI_067_S_6117_MR_Accelerated_Sagittal_MPRAGE__br_raw_20171121150945949_153_S635418_I935436.npy,1,0,0,0,0,,0,0,0,0,,0,0
/home/huangyunyou/amount_data/new_data/,ADNI_007_S_0414_MR_MP-RAGE__br_raw_20080610162617464_165_S51335_I109011.npy,0,1,0,1,0,0,0,0,0,0,,1,0
/home/huangyunyou/amount_data/new_data/,ADNI_051_S_1131_MR_MPRAGE_br_raw_20100304113622778_51_S80637_I167224.npy,0,1,0,1,0,0,0,0,0,0,,1,0
/home/huangyunyou/amount_data/new_data/,ADNI_114_S_0416_MR_MPRAGE_br_raw_20090804200918281_98_S71817_I152300.npy,1,0,0,0,0,0,0,0,0,0,,0,0
/home/huangyunyou/amount_data/new_data/,ADNI_033_S_1086_MR_MP-RAGE__br_raw_20081203164535060_3_S60481_I129094.npy,1,0,0,0,0,0,0,0,0,0,,0,0
/home/huangyunyou/amount_data/new_data/,ADNI_016_S_0590_MR_MPRAGE_br_raw_20060612085608254_95_S15409_I16806.npy,0,1,0,1,0,0,0,0,0,0,,1,0
/home/huangyunyou/amount_data/new_data/,ADNI_031_S_2018_MR_MPRAGE_br_raw_20100709143139293_56_S88859_I181509.npy,0,1,0,1,0,,0,0,0,0,,1,0
/home/huangyunyou/amount_data/new_data/,ADNI_052_S_0951_MR_MP-RAGE__br_raw_20100205153128843_92_S79814_I165881.npy,1,0,0,0,0,0,0,0,0,0,,0,0
/home/huangyunyou/amount_data/new_data/,00000168_S_6619.npy,0,1,0,1,0,,0,0,0,0,,1,0
/home/huangyunyou/amount_data/new_data/,ADNI_041_S_6354_MR_Accelerated_Sagittal_MPRAGE__br_raw_20180529115407639_130_S690180_I1003294.npy,1,0,0,0,0,,0,0,0,0,,0,0
/home/huangyunyou/amount_data/new_data/,ADNI_128_S_0138_MR_REPEAT_SAG_3D_MPRAGE_br_raw_20070220160502234_1_S26783_I41083.npy,0,1,0,1,0,0,0,0,0,0,,1,0
/home/huangyunyou/amount_data/new_data/,ADNI_032_S_6211_MR_Accelerated_Sagittal_MPRAGE__br_raw_20180319151804490_53_S667996_I974943.npy,1,0,0,0,0,,0,0,0,0,,0,0
/home/huangyunyou/amount_data/new_data/,ADNI_014_S_6145_MR_Accelerated_Sagittal_MPRAGE__br_raw_20171219174030142_169_S645977_I948081.npy,1,0,0,0,0,,0,0,0,0,,0,0
/home/huangyunyou/amount_data/new_data/,00000130_S_6611.npy,0,1,0,1,0,,0,0,0,0,,1,0
/home/huangyunyou/amount_data/new_data/,ADNI_014_S_6522_MR_Accelerated_Sagittal_MPRAGE__br_raw_20180820130203983_41_S718494_I1037958.npy,1,0,0,0,0,,0,0,0,0,,0,0
/home/huangyunyou/amount_data/new_data/,ADNI_094_S_1417_MR_MP-RAGE__br_raw_20090219160846973_1_S63352_I136533.npy,0,1,0,1,0,0,0,0,0,0,,1,0
/home/huangyunyou/amount_data/new_data/,ADNI_123_S_0050_MR_ADNI_______MPRAGE_ASO__br_raw_20090309163604574_1_S64153_I138082.npy,0,1,0,1,0,0,0,0,0,0,,1,0
/home/huangyunyou/amount_data/new_data/,ADNI_024_S_6202_MR_Accelerated_Sagittal_MPRAGE__br_raw_20180213173615864_97_S658701_I963558.npy,1,0,0,0,0,,0,0,0,0,,0,0
/home/huangyunyou/amount_data/new_data/,ADNI_021_S_6312_MR_Accelerated_Sag_IR-FSPGR_br_raw_20180419161521792_176_S678419_I987823.npy,0,1,0,1,0,,0,0,0,0,,1,0
/home/huangyunyou/amount_data/new_data/,ADNI_068_S_2187_MR_MPRAGE_br_raw_20101117131314624_155_S94915_I205387.npy,0,1,0,1,0,,0,0,0,0,,1,0
/home/huangyunyou/amount_data/new_data/,ADNI_032_S_0677_MR_MPRAGE_br_raw_20100802153904539_90_S89769_I189180.npy,1,0,0,0,0,0,0,0,0,0,,0,0
/home/huangyunyou/amount_data/new_data/,ADNI_029_S_0914_MR_MP-RAGE__br_raw_20100205123506439_4_S79808_I165872.npy,0,1,0,1,0,0,0,0,0,0,,1,0
/home/huangyunyou/amount_data/new_data/,ADNI_072_S_2027_MR_MPRAGE_br_raw_20100722144412950_1_S89417_I185624.npy,0,1,0,1,0,,0,0,0,0,,1,0
/home/huangyunyou/amount_data/new_data/,ADNI_041_S_6447_MR_Accelerated_Sagittal_MPRAGE__br_raw_20180912155227554_149_S726646_I1047860.npy,1,0,0,0,0,,0,0,0,0,,0,0
/home/huangyunyou/amount_data/new_data/,00000027_S_6034.npy,0,1,0,1,0,,0,0,0,0,,1,0
/home/huangyunyou/amount_data/new_data/,ADNI_094_S_6485_MR_Accelerated_Sagittal_MPRAGE__br_raw_20180723100814750_31_S707068_I1024116.npy,1,0,0,0,0,,0,0,0,0,,0,0
/home/huangyunyou/amount_data/new_data/,ADNI_052_S_1168_MR_MP-RAGE__br_raw_20081201152743870_158_S60364_I128762.npy,0,1,0,1,0,0,0,0,0,0,,1,0
/home/huangyunyou/amount_data/new_data/,ADNI_114_S_0173_MR_MPRAGE_br_raw_20090311103317622_138_S64286_I138330.npy,1,0,0,0,0,0,0,0,0,0,,0,0
/home/huangyunyou/amount_data/new_data/,ADNI_003_S_0908_MR_MPRAGE_br_raw_20091022213424890_60_S75440_I157593.npy,0,1,0,1,0,0,0,0,0,0,,1,0
/home/huangyunyou/amount_data/new_data/,ADNI_941_S_6575_MR_Accelerated_Sagittal_MPRAGE__br_raw_20180907105401245_125_S725107_I1045984.npy,1,0,0,0,0,,0,0,0,0,,0,0
/home/huangyunyou/amount_data/new_data/,ADNI_002_S_0782_MR_MP-RAGE__br_raw_20090904154801461_1_S73356_I154520.npy,0,1,0,1,0,0,0,0,0,0,,1,0
/home/huangyunyou/amount_data/new_data/,ADNI_082_S_0832_MR_MPRAGE_br_raw_20081028125904638_75_S57970_I124222.npy,0,1,0,1,0,0,0,0,0,0,,1,0
/home/huangyunyou/amount_data/new_data/,ADNI_011_S_6418_MR_Accelerated_Sagittal_MPRAGE__br_raw_20180629105733513_72_S695453_I1009810.npy,1,0,0,0,0,,0,0,0,0,,0,0
/home/huangyunyou/amount_data/new_data/,ADNI_067_S_0290_MR_MPRAGE_br_raw_20090507134013833_97_S67156_I143394.npy,0,1,0,1,0,0,0,0,0,0,,1,0
/home/huangyunyou/amount_data/new_data/,ADNI_141_S_6240_MR_Accelerated_Sagittal_MPRAGE__br_raw_20180316100420523_113_S667446_I974280.npy,1,0,0,0,0,,0,0,0,0,,0,0
/home/huangyunyou/amount_data/new_data/,ADNI_023_S_0388_MR_MPRAGE_br_raw_20100402141727910_72_S82722_I170091.npy,0,1,0,1,0,0,0,0,0,0,,1,0
/home/huangyunyou/amount_data/new_data/,ADNI_024_S_6005_MR_Accelerated_Sagittal_MPRAGE__br_raw_20170313165704125_136_S544988_I828694.npy,1,0,0,0,0,,0,0,0,0,,0,0
/home/huangyunyou/amount_data/new_data/,ADNI_018_S_0080_MR_MPRAGE_br_raw_20070111141117917_85_S24962_I36025.npy,0,1,0,1,0,0,0,0,0,0,,1,0
/home/huangyunyou/amount_data/new_data/,ADNI_099_S_6016_MR_Accelerated_Sag_IR-FSPGR___br_raw_20170607105839338_156_S571311_I859714.npy,1,0,0,0,0,,0,0,0,0,,0,0
/home/huangyunyou/amount_data/new_data/,00000033_S_0739.npy,0,1,0,1,0,0,0,0,0,0,,1,0
/home/huangyunyou/amount_data/new_data/,ADNI_141_S_1094_MR_MPRAGE_br_raw_20080515093812988_98_S50174_I105672.npy,1,0,0,0,0,0,0,0,0,0,,0,0
/home/huangyunyou/amount_data/new_data/,ADNI_137_S_0158_MR_MP-RAGE__br_raw_20090324130818232_1_S64949_I139676.npy,0,1,0,1,0,0,0,0,0,0,,1,0
/home/huangyunyou/amount_data/new_data/,ADNI_305_S_6157_MR_Sagittal_3D_Accelerated_MPRAGE_br_raw_20180129144546395_1_S654124_I958026.npy,1,0,0,0,0,,0,0,0,0,,0,0
/home/huangyunyou/amount_data/new_data/,ADNI_009_S_2381_MR_MPRAGE_br_raw_20110518161936430_59_S109343_I235703.npy,0,1,0,1,0,,0,0,0,0,,1,0
/home/huangyunyou/amount_data/new_data/,ADNI_067_S_0019_MR_MPRAGE_br_raw_20081208164421164_63_S60632_I129564.npy,1,0,0,0,0,0,0,0,0,0,,0,0
/home/huangyunyou/amount_data/new_data/,00000006_S_6681.npy,0,1,0,1,0,,0,0,0,0,,1,0
/home/huangyunyou/amount_data/new_data/,ADNI_137_S_1414_MR_MP-RAGE__br_raw_20090827101803061_1_S72806_I153787.npy,0,1,0,1,0,0,0,0,0,0,,1,0
/home/huangyunyou/amount_data/new_data/,ADNI_168_S_6413_MR_Accelerated_Sagittal_MPRAGE__br_raw_20180612150859342_49_S694435_I1008547.npy,1,0,0,0,0,,0,0,0,0,,0,0
/home/huangyunyou/amount_data/new_data/,ADNI_006_S_6209_MR_Sagittal_3D_Accelerated_MPRAGE_br_raw_20180214162452226_102_S659015_I963926.npy,1,0,0,0,0,,0,0,0,0,,0,0
/home/huangyunyou/amount_data/new_data/,ADNI_035_S_2199_MR_MPRAGE_br_raw_20101201164135016_172_S95629_I207227.npy,0,1,0,1,0,,0,0,0,0,,1,0
/home/huangyunyou/amount_data/new_data/,00000341_S_6605.npy,0,1,0,1,0,,0,0,0,0,,1,0
/home/huangyunyou/amount_data/new_data/,ADNI_941_S_6499_MR_Accelerated_Sagittal_MPRAGE__br_raw_20180720091724327_119_S706650_I1023542.npy,1,0,0,0,0,,0,0,0,0,,0,0
/home/huangyunyou/amount_data/new_data/,ADNI_011_S_1282_MR_MPRAGE_br_raw_20100224131332646_132_S80412_I166738.npy,0,1,0,1,0,0,0,0,0,0,,1,0
/home/huangyunyou/amount_data/new_data/,ADNI_032_S_6279_MR_Accelerated_Sagittal_MPRAGE__br_raw_20180404132607750_11_S672893_I981036.npy,1,0,0,0,0,,0,0,0,0,,0,0
/home/huangyunyou/amount_data/new_data/,ADNI_016_S_0769_MR_MPRAGE_br_raw_20090826101021649_97_S72768_I153719.npy,0,1,0,1,0,0,0,0,0,0,,1,0
/home/huangyunyou/amount_data/new_data/,ADNI_128_S_0272_MR_REPEAT_SAG_3D_MPRAGE_br_raw_20090617165717418_77_S68833_I146223.npy,1,0,0,0,0,0,0,0,0,0,,0,0
/home/huangyunyou/amount_data/new_data/,ADNI_007_S_6120_MR_Accelerated_Sagittal_MPRAGE__br_raw_20171127103603866_54_S637544_I937847.npy,1,0,0,0,0,,0,0,0,0,,0,0
/home/huangyunyou/amount_data/new_data/,ADNI_130_S_0423_MR_MPRAGE_SENSE_br_raw_20080313131223114_1_S46995_I97345.npy,0,1,0,1,0,0,0,0,0,0,,1,0
/home/huangyunyou/amount_data/new_data/,ADNI_022_S_2167_MR_MPRAGE_br_raw_20101213125329678_143_S96319_I208292.npy,0,1,0,1,0,,0,0,0,0,,1,0
/home/huangyunyou/amount_data/new_data/,ADNI_014_S_6502_MR_Accelerated_Sagittal_MPRAGE__br_raw_20180817121119784_5_S718061_I1037417.npy,1,0,0,0,0,,0,0,0,0,,0,0
/home/huangyunyou/amount_data/new_data/,00000131_S_6143.npy,0,1,0,1,0,,0,0,0,0,,1,0
/home/huangyunyou/amount_data/new_data/,ADNI_094_S_6269_MR_Accelerated_Sagittal_MPRAGE__br_raw_20180330130907487_78_S672071_I979935.npy,1,0,0,0,0,,0,0,0,0,,0,0
/home/huangyunyou/amount_data/new_data/,ADNI_051_S_1338_MR_MPRAGE_br_raw_20070426155842741_95_S30843_I51377.npy,0,1,0,1,0,0,0,0,0,0,,1,0
/home/huangyunyou/amount_data/new_data/,ADNI_141_S_1255_MR_MPRAGE_br_raw_20110117121056908_118_S97660_I212324.npy,0,1,0,1,0,0,0,0,0,0,,1,0
/home/huangyunyou/amount_data/new_data/,ADNI_023_S_6346_MR_Accelerated_Sagittal_MPRAGE__br_raw_20180511144833591_162_S684655_I996485.npy,1,0,0,0,0,,0,0,0,0,,0,0
/home/huangyunyou/amount_data/new_data/,00000168_S_6541.npy,0,1,0,1,0,,0,0,0,0,,1,0
/home/huangyunyou/amount_data/new_data/,ADNI_133_S_0638_MR_Sag_MPRAGE_br_raw_20090918162211453_1_S73936_I155350.npy,0,1,0,1,0,0,0,0,0,0,,1,0
/home/huangyunyou/amount_data/new_data/,ADNI_127_S_0259_MR_MP-RAGE__br_raw_20100322095036996_126_S81479_I168410.npy,1,0,0,0,0,0,0,0,0,0,,0,0
/home/huangyunyou/amount_data/new_data/,ADNI_099_S_0054_MR_MPRAGE_br_raw_20071220122445485_98_S44189_I85779.npy,0,1,0,1,0,0,0,0,0,0,,1,0
/home/huangyunyou/amount_data/new_data/,ADNI_012_S_1292_MR_MPRAGE_AUTOSHIM_ON_br_raw_20080924123949109_86_S56687_I118358.npy,0,1,0,1,0,0,0,0,0,0,,1,0
/home/huangyunyou/amount_data/new_data/,ADNI_127_S_1140_MR_MP-RAGE__br_raw_20100112164746470_166_S78182_I163236.npy,0,1,0,1,0,0,0,0,0,0,,1,0
/home/huangyunyou/amount_data/new_data/,ADNI_109_S_1013_MR_MPRAGE_br_raw_20070705141700021_1_S34428_I58558.npy,1,0,0,0,0,0,0,0,0,0,,0,0
/home/huangyunyou/amount_data/new_data/,ADNI_022_S_0044_MR_MPRAGE_br_raw_20060531115940885_63_S15041_I16212.npy,0,1,0,1,0,0,0,0,0,0,,1,0
/home/huangyunyou/amount_data/new_data/,ADNI_036_S_0748_MR_MPRAGE_br_raw_20080827143832756_1_S56005_I117115.npy,0,1,0,1,0,0,0,0,0,0,,1,0
/home/huangyunyou/amount_data/new_data/,ADNI_067_S_6138_MR_Accelerated_Sagittal_MPRAGE__br_raw_20180611133135791_17_S694118_I1008180.npy,1,0,0,0,0,,0,0,0,0,,0,0
/home/huangyunyou/amount_data/new_data/,ADNI_021_S_0276_MR_MP-RAGE__br_raw_20100405094137578_64_S82731_I170106.npy,0,1,0,1,0,0,0,0,0,0,,1,0
/home/huangyunyou/amount_data/new_data/,ADNI_098_S_0896_MR_MP-RAGE__br_raw_20091015165249237_1_S75257_I157296.npy,1,0,0,0,0,0,0,0,0,0,,0,0
/home/huangyunyou/amount_data/new_data/,ADNI_053_S_0507_MR_MP-RAGE__br_raw_20090521121027812_3_S67536_I144312.npy,0,1,0,1,0,0,0,0,0,0,,1,0
/home/huangyunyou/amount_data/new_data/,ADNI_033_S_1309_MR_MP-RAGE__br_raw_20090225154735204_3_S63603_I137046.npy,0,1,0,1,0,0,0,0,0,0,,1,0
/home/huangyunyou/amount_data/new_data/,ADNI_011_S_0022_MR_MPRAGE_br_raw_20071024145445325_99_S41863_I78416.npy,1,0,0,0,0,0,0,0,0,0,,0,0
/home/huangyunyou/amount_data/new_data/,ADNI_114_S_1103_MR_MPRAGE_br_raw_20080721155610045_95_S53722_I113665.npy,0,1,0,1,0,0,0,0,0,0,,1,0
/home/huangyunyou/amount_data/new_data/,ADNI_051_S_1123_MR_MPRAGE_br_raw_20100323085714011_62_S81519_I168465.npy,1,0,0,0,0,0,0,0,0,0,,0,0
/home/huangyunyou/amount_data/new_data/,ADNI_003_S_1074_MR_MPRAGE_br_raw_20100416111102390_157_S83393_I171188.npy,0,1,0,1,0,0,0,0,0,0,,1,0
/home/huangyunyou/amount_data/new_data/,ADNI_128_S_0230_MR_REPEAT_SAG_3D_MPRAGE_br_raw_20080403180242789_1_S47914_I100581.npy,1,0,0,0,0,0,0,0,0,0,,0,0
/home/huangyunyou/amount_data/new_data/,ADNI_036_S_2378_MR_MPRAGE_br_raw_20110527103856537_22_S110057_I237733.npy,0,1,0,1,0,,0,0,0,0,,1,0
/home/huangyunyou/amount_data/new_data/,ADNI_041_S_1002_MR_MPRAGE_br_raw_20100114170952371_98_S78469_I163726.npy,1,0,0,0,0,0,0,0,0,0,,0,0
/home/huangyunyou/amount_data/new_data/,ADNI_099_S_6097_MR_Accelerated_Sag_IR-FSPGR___br_raw_20171110145831809_63_S631137_I930462.npy,1,0,0,0,0,,0,0,0,0,,0,0
/home/huangyunyou/amount_data/new_data/,ADNI_073_S_0445_MR_MPRAGE_br_raw_20060620104230908_98_S15683_I17227.npy,0,1,0,1,0,0,0,0,0,0,,1,0
/home/huangyunyou/amount_data/new_data/,ADNI_123_S_2363_MR_MPRAGE_br_raw_20110422154315603_52_S104979_I228730.npy,0,1,0,1,0,,0,0,0,0,,1,0
/home/huangyunyou/amount_data/new_data/,ADNI_082_S_6197_MR_Accelerated_Sagittal_MPRAGE__br_raw_20180503135740432_119_S682021_I992246.npy,1,0,0,0,0,,0,0,0,0,,0,0
/home/huangyunyou/amount_data/new_data/,ADNI_127_S_6168_MR_Accelerated_Sagittal_IR-FSPGR__br_raw_20180208120514101_192_S657047_I961594.npy,1,0,0,0,0,,0,0,0,0,,0,0
/home/huangyunyou/amount_data/new_data/,ADNI_027_S_2183_MR_Accelerated_SAG_IR-SPGR__br_raw_20101113180449295_111_S94824_I205085.npy,0,1,0,1,0,,0,0,0,0,,1,0
/home/huangyunyou/amount_data/new_data/,ADNI_041_S_1420_MR_MPRAGE_br_raw_20080416085302471_98_S48797_I102883.npy,0,1,0,1,0,0,0,0,0,0,,1,0
/home/huangyunyou/amount_data/new_data/,ADNI_126_S_6559_MR_Accelerated_Sagittal_IR-FSPGR__br_raw_20180821092646842_109_S719032_I1038586.npy,1,0,0,0,0,,0,0,0,0,,0,0
/home/huangyunyou/amount_data/new_data/,ADNI_141_S_0851_MR_MPRAGE_br_raw_20071016162447966_57_S41582_I77929.npy,0,1,0,1,0,0,0,0,0,0,,1,0
/home/huangyunyou/amount_data/new_data/,ADNI_070_S_6394_MR_Accelerated_Sagittal_MPRAGE__br_raw_20180614091746713_126_S695072_I1009372.npy,1,0,0,0,0,,0,0,0,0,,0,0
/home/huangyunyou/amount_data/new_data/,ADNI_029_S_1073_MR_MP-RAGE__br_raw_20100114163540144_4_S78484_I163765.npy,0,1,0,1,0,0,0,0,0,0,,1,0
/home/huangyunyou/amount_data/new_data/,ADNI_010_S_0420_MR_ASO-MPRAGE_br_raw_20080919153252750_90_S56593_I118189.npy,1,0,0,0,0,0,0,0,0,0,,0,0
/home/huangyunyou/amount_data/new_data/,ADNI_041_S_0314_MR_MPRAGE_br_raw_20100520093221939_82_S85269_I174182.npy,0,1,0,1,0,0,0,0,0,0,,1,0
/home/huangyunyou/amount_data/new_data/,00000130_S_6047.npy,0,1,0,1,0,,0,0,0,0,,1,0
/home/huangyunyou/amount_data/new_data/,ADNI_057_S_0818_MR_MPRAGE_br_raw_20090930144133765_153_S74337_I155902.npy,1,0,0,0,0,0,0,0,0,0,,0,0
/home/huangyunyou/amount_data/new_data/,00000098_S_6593.npy,0,1,0,1,0,,0,0,0,0,,1,0
/home/huangyunyou/amount_data/new_data/,ADNI_009_S_0842_MR_MP-RAGE__br_raw_20091007095938435_1_S74497_I156154.npy,1,0,0,0,0,0,0,0,0,0,,0,0
/home/huangyunyou/amount_data/new_data/,ADNI_100_S_1286_MR_ADNI_new___MPRAGE__br_raw_20090902153247171_1_S72983_I154073.npy,1,0,0,0,0,0,0,0,0,0,,0,0
/home/huangyunyou/amount_data/new_data/,ADNI_128_S_2011_MR_MPRAGE_br_raw_20100714140012500_25_S89004_I183855.npy,0,1,0,1,0,,0,0,0,0,,1,0
/home/huangyunyou/amount_data/new_data/,ADNI_003_S_6256_MR_Accelerated_Sagittal_MPRAGE__br_raw_20180313172540477_5_S666705_I973278.npy,1,0,0,0,0,,0,0,0,0,,0,0
/home/huangyunyou/amount_data/new_data/,00000130_S_6612.npy,0,1,0,1,0,,0,0,0,0,,1,0
/home/huangyunyou/amount_data/new_data/,ADNI_082_S_0640_MR_MPRAGE_br_raw_20060726154300786_63_S17279_I19679.npy,1,0,0,0,0,0,0,0,0,0,,0,0
/home/huangyunyou/amount_data/new_data/,00000027_S_6370.npy,0,1,0,1,0,,0,0,0,0,,1,0
/home/huangyunyou/amount_data/new_data/,ADNI_099_S_0534_MR_MPRAGE_br_raw_20090616080956663_98_S68588_I145890.npy,1,0,0,0,0,0,0,0,0,0,,0,0
/home/huangyunyou/amount_data/new_data/,ADNI_082_S_2099_MR_MPRAGE_br_raw_20100921121141132_27_S92304_I193109.npy,0,1,0,1,0,,0,0,0,0,,1,0
/home/huangyunyou/amount_data/new_data/,ADNI_129_S_6228_MR_Accelerated_Sag_IR-FSPGR___br_raw_20180222084809729_184_S661194_I966665.npy,1,0,0,0,0,,0,0,0,0,,0,0
/home/huangyunyou/amount_data/new_data/,ADNI_127_S_1032_MR_MP-RAGE__br_raw_20091214160054190_1_S77200_I160934.npy,0,1,0,1,0,0,0,0,0,0,,1,0
/home/huangyunyou/amount_data/new_data/,ADNI_014_S_6076_MR_Accelerated_Sagittal_MPRAGE__br_raw_20170922161901382_109_S611745_I907712.npy,1,0,0,0,0,,0,0,0,0,,0,0
/home/huangyunyou/amount_data/new_data/,00000006_S_6291.npy,0,1,0,1,0,,0,0,0,0,,1,0
/home/huangyunyou/amount_data/new_data/,ADNI_072_S_1380_MR_MPRAGE_ASO_br_raw_20100402131835401_165_S82718_I170086.npy,0,1,0,1,0,0,0,0,0,0,,1,0
/home/huangyunyou/amount_data/new_data/,ADNI_114_S_6113_MR_Accelerated_Sagittal_MPRAGE__br_raw_20180306083000447_111_S664010_I970020.npy,1,0,0,0,0,,0,0,0,0,,0,0
/home/huangyunyou/amount_data/new_data/,ADNI_005_S_0602_MR_MP-RAGE__br_raw_20090811161102185_3_S72243_I152889.npy,1,0,0,0,0,0,0,0,0,0,,0,0
/home/huangyunyou/amount_data/new_data/,ADNI_136_S_0695_MR_MP-RAGE__br_raw_20090922105303709_1_S74029_I155472.npy,0,1,0,1,0,0,0,0,0,0,,1,0
/home/huangyunyou/amount_data/new_data/,ADNI_029_S_2395_MR_IR-SPGR__br_raw_20110816195636820_47_S119056_I250985.npy,0,1,0,1,0,,0,0,0,0,,1,0
/home/huangyunyou/amount_data/new_data/,ADNI_005_S_0223_MR_MP-RAGE__br_raw_20090506144043629_3_S67114_I143295.npy,1,0,0,0,0,0,0,0,0,0,,0,0
/home/huangyunyou/amount_data/new_data/,ADNI_018_S_0057_MR_MPRAGE_ASO_br_raw_20080201160353303_85_S45260_I89234.npy,0,1,0,1,0,0,0,0,0,0,,1,0
/home/huangyunyou/amount_data/new_data/,ADNI_141_S_0726_MR_MPRAGE_br_raw_20071115145547191_101_S42773_I82396.npy,1,0,0,0,0,0,0,0,0,0,,0,0
/home/huangyunyou/amount_data/new_data/,00000941_S_6345.npy,0,1,0,1,0,,0,0,0,0,,1,0
/home/huangyunyou/amount_data/new_data/,ADNI_037_S_0566_MR_MP-RAGE__br_raw_20091202100355418_86_S76746_I159777.npy,0,1,0,1,0,0,0,0,0,0,,1,0
/home/huangyunyou/amount_data/new_data/,ADNI_018_S_0055_MR_MPRAGE_br_raw_20081009121510781_98_S57193_I119893.npy,1,0,0,0,0,0,0,0,0,0,,0,0
/home/huangyunyou/amount_data/new_data/,ADNI_137_S_0722_MR_MP-RAGE__br_raw_20090925105216126_1_S74188_I155700.npy,0,1,0,1,0,0,0,0,0,0,,1,0
/home/huangyunyou/amount_data/new_data/,ADNI_130_S_2373_MR_MPRAGE_br_raw_20110502161625249_1_S107310_I232233.npy,0,1,0,1,0,,0,0,0,0,,1,0
/home/huangyunyou/amount_data/new_data/,ADNI_100_S_0035_MR_ADNI_new___MPRAGE__br_raw_20090322190822093_1_S64878_I139556.npy,1,0,0,0,0,0,0,0,0,0,,0,0
/home/huangyunyou/amount_data/new_data/,ADNI_021_S_0231_MR_MP-RAGE__br_raw_20080905095458750_46_S56216_I117483.npy,0,1,0,1,0,0,0,0,0,0,,1,0
/home/huangyunyou/amount_data/new_data/,ADNI_127_S_6330_MR_Accelerated_Sagittal_IR-FSPGR__br_raw_20180530100639926_132_S690617_I1003831.npy,1,0,0,0,0,,0,0,0,0,,0,0
/home/huangyunyou/amount_data/new_data/,ADNI_014_S_0169_MR_MP-RAGE__br_raw_20100204150224569_144_S79737_I165780.npy,0,1,0,1,0,0,0,0,0,0,,1,0
/home/huangyunyou/amount_data/new_data/,ADNI_036_S_6189_MR_Accelerated_Sagittal_MPRAGE__br_raw_20180130121731044_27_S654290_I958275.npy,1,0,0,0,0,,0,0,0,0,,0,0
/home/huangyunyou/amount_data/new_data/,ADNI_018_S_0406_MR_MPRAGE_br_raw_20090710100510171_1_S69761_I148501.npy,0,1,0,1,0,0,0,0,0,0,,1,0
/home/huangyunyou/amount_data/new_data/,00000141_S_6041.npy,0,1,0,1,0,,0,0,0,0,,1,0
/home/huangyunyou/amount_data/new_data/,ADNI_168_S_6064_MR_Accelerated_Sagittal_MPRAGE__br_raw_20170901113243959_108_S604347_I899030.npy,1,0,0,0,0,,0,0,0,0,,0,0
/home/huangyunyou/amount_data/new_data/,ADNI_027_S_1387_MR_MP-RAGE__br_raw_20090309150113040_1_S64150_I138066.npy,0,1,0,1,0,0,0,0,0,0,,1,0
/home/huangyunyou/amount_data/new_data/,ADNI_024_S_6385_MR_Accelerated_Sagittal_MPRAGE__br_raw_20180529170731461_172_S690519_I1003706.npy,1,0,0,0,0,,0,0,0,0,,0,0
/home/huangyunyou/amount_data/new_data/,ADNI_128_S_2220_MR_MPRAGE_br_raw_20101220142238075_10_S96842_I209240.npy,0,1,0,1,0,,0,0,0,0,,1,0
/home/huangyunyou/amount_data/new_data/,ADNI_014_S_2185_MR_MPRAGE_br_raw_20101210100524291_171_S96208_I208097.npy,0,1,0,1,0,,0,0,0,0,,1,0
/home/huangyunyou/amount_data/new_data/,ADNI_177_S_6448_MR_Sagittal_3D_Accelerated_MPRAGE_br_raw_20180709150804578_46_S702538_I1018523.npy,1,0,0,0,0,,0,0,0,0,,0,0
/home/huangyunyou/amount_data/new_data/,ADNI_016_S_1117_MR_MPRAGE_br_raw_20090122115148944_98_S62093_I134258.npy,0,1,0,1,0,0,0,0,0,0,,1,0
/home/huangyunyou/amount_data/new_data/,ADNI_135_S_6359_MR_Accelerated_Sag_IR-FSPGR___br_raw_20180510155735831_56_S684334_I996107.npy,1,0,0,0,0,,0,0,0,0,,0,0
/home/huangyunyou/amount_data/new_data/,ADNI_031_S_2233_MR_MPRAGE_br_raw_20101216170208621_162_S96673_I208975.npy,0,1,0,1,0,,0,0,0,0,,1,0
/home/huangyunyou/amount_data/new_data/,ADNI_127_S_6357_MR_Accelerated_Sagittal_IR-FSPGR__br_raw_20180724141633150_106_S707782_I1025037.npy,1,0,0,0,0,,0,0,0,0,,0,0
/home/huangyunyou/amount_data/new_data/,ADNI_116_S_1271_MR_MP-RAGE__br_raw_20100301123614628_176_S80509_I167045.npy,0,1,0,1,0,0,0,0,0,0,,1,0
/home/huangyunyou/amount_data/new_data/,ADNI_023_S_1046_MR_MPRAGE_br_raw_20091105143406031_1_S75882_I158300.npy,0,1,0,1,0,0,0,0,0,0,,1,0
/home/huangyunyou/amount_data/new_data/,ADNI_003_S_6644_MR_Accelerated_Sagittal_MPRAGE__raw_20181206185832553_25_S755402_I1083042.npy,1,0,0,0,0,,0,0,0,0,,0,0
/home/huangyunyou/amount_data/new_data/,ADNI_127_S_0925_MR_MP-RAGE__br_raw_20091104155236318_1_S75868_I158276.npy,0,1,0,1,0,0,0,0,0,0,,1,0
/home/huangyunyou/amount_data/new_data/,ADNI_035_S_6551_MR_Accelerated_Sagittal_MPRAGE__br_raw_20200831115456580_129_S717903_I1037228.npy,1,0,0,0,0,,0,0,0,0,,0,0
/home/huangyunyou/amount_data/new_data/,ADNI_009_S_1030_MR_MP-RAGE__br_raw_20091109172624017_1_S75993_I158471.npy,0,1,0,1,0,0,0,0,0,0,,1,0
/home/huangyunyou/amount_data/new_data/,ADNI_941_S_6471_MR_Accelerated_Sagittal_MPRAGE__br_raw_20180702130452790_67_S700583_I1016136.npy,1,0,0,0,0,,0,0,0,0,,0,0
/home/huangyunyou/amount_data/new_data/,00000005_S_6427.npy,0,1,0,1,0,,0,0,0,0,,1,0
/home/huangyunyou/amount_data/new_data/,ADNI_068_S_0476_MR_ADNI_______MPRAGE__br_raw_20080213101609843_10_S45607_I90261.npy,0,1,0,1,0,0,0,0,0,0,,1,0
/home/huangyunyou/amount_data/new_data/,ADNI_036_S_0576_MR_MPRAGE_br_raw_20081021134753826_1_S53506_I113341.npy,1,0,0,0,0,0,0,0,0,0,,0,0
/home/huangyunyou/amount_data/new_data/,ADNI_073_S_0311_MR_MPRAGE_br_raw_20100826094801851_100_S91218_I191386.npy,1,0,0,0,0,0,0,0,0,0,,0,0
/home/huangyunyou/amount_data/new_data/,ADNI_073_S_0746_MR_MPRAGE_br_raw_20100201184757082_89_S79603_I165598.npy,0,1,0,1,0,0,0,0,0,0,,1,0
/home/huangyunyou/amount_data/new_data/,ADNI_136_S_0107_MR_MP-RAGE__br_raw_20100630103541046_138_S88437_I180707.npy,0,1,0,1,0,0,0,0,0,0,,1,0
/home/huangyunyou/amount_data/new_data/,ADNI_136_S_0186_MR_MP-RAGE__br_raw_20100920120139913_145_S85616_I174687.npy,1,0,0,0,0,0,0,0,0,0,,0,0
/home/huangyunyou/amount_data/new_data/,ADNI_010_S_0161_MR_MPRAGE_SENS__br_raw_20060816114938789_157_S17922_I20639.npy,0,1,0,1,0,0,0,0,0,0,,1,0
/home/huangyunyou/amount_data/new_data/,ADNI_128_S_2130_MR_MPRAGE_br_raw_20101104153526042_56_S94288_I202694.npy,0,1,0,1,0,,0,0,0,0,,1,0
/home/huangyunyou/amount_data/new_data/,ADNI_027_S_6183_MR_Accelerated_Sagittal_IR-FSPGR__br_raw_20180201160649344_128_S655257_I959453.npy,1,0,0,0,0,,0,0,0,0,,0,0
/home/huangyunyou/amount_data/new_data/,ADNI_052_S_1352_MR_MP-RAGE__br_raw_20100604153523358_58_S86927_I176834.npy,0,1,0,1,0,0,0,0,0,0,,1,0
/home/huangyunyou/amount_data/new_data/,ADNI_016_S_0538_MR_MPRAGE_br_raw_20090820113628551_98_S72604_I153444.npy,1,0,0,0,0,0,0,0,0,0,,0,0
/home/huangyunyou/amount_data/new_data/,00000301_S_6297.npy,0,1,0,1,0,,0,0,0,0,,1,0
/home/huangyunyou/amount_data/new_data/,ADNI_009_S_0751_MR_MP-RAGE__br_raw_20090901091506535_1_S72954_I154019.npy,1,0,0,0,0,0,0,0,0,0,,0,0
/home/huangyunyou/amount_data/new_data/,ADNI_011_S_0856_MR_MPRAGE_br_raw_20081002093141309_1_S56926_I118964.npy,0,1,0,1,0,0,0,0,0,0,,1,0
/home/huangyunyou/amount_data/new_data/,ADNI_128_S_0863_MR_REPEAT_SAG_3D_MP_RAGE__br_raw_20140725115847982_128_S225957_I437014.npy,1,0,0,0,0,0,0,0,0,0,,0,0
/home/huangyunyou/amount_data/new_data/,ADNI_128_S_2123_MR_MPRAGE_br_raw_20101026163320894_94_S93738_I199265.npy,0,1,0,1,0,,0,0,0,0,,1,0
/home/huangyunyou/amount_data/new_data/,ADNI_013_S_1035_MR_MPRAGE_br_raw_20091119151843062_63_S76633_I159563.npy,1,0,0,0,0,0,0,0,0,0,,0,0
/home/huangyunyou/amount_data/new_data/,ADNI_018_S_0103_MR_MPRAGE_br_raw_20060809084815807_69_S17663_I20279.npy,0,1,0,1,0,0,0,0,0,0,,1,0
/home/huangyunyou/amount_data/new_data/,ADNI_130_S_0783_MR_SAG_MP-RAGE__br_raw_20080826095308563_3_S55884_I116930.npy,0,1,0,1,0,0,0,0,0,0,,1,0
/home/huangyunyou/amount_data/new_data/,ADNI_099_S_6175_MR_Accelerated_Sag_IR-FSPGR___br_raw_20180321150305679_16_S669212_I976382.npy,1,0,0,0,0,,0,0,0,0,,0,0
/home/huangyunyou/amount_data/new_data/,00000135_S_6446.npy,0,1,0,1,0,,0,0,0,0,,1,0
/home/huangyunyou/amount_data/new_data/,ADNI_135_S_6360_MR_Accelerated_Sag_IR-FSPGR___br_raw_20180521153209239_112_S687810_I1000359.npy,1,0,0,0,0,,0,0,0,0,,0,0
/home/huangyunyou/amount_data/new_data/,00000301_S_6056.npy,0,1,0,1,0,,0,0,0,0,,1,0
/home/huangyunyou/amount_data/new_data/,ADNI_029_S_1384_MR_MP-RAGE__br_raw_20100429121302223_75_S84065_I172441.npy,0,1,0,1,0,0,0,0,0,0,,1,0
/home/huangyunyou/amount_data/new_data/,ADNI_032_S_1169_MR_MPRAGE_br_raw_20100112173803630_97_S78176_I163225.npy,1,0,0,0,0,0,0,0,0,0,,0,0
/home/huangyunyou/amount_data/new_data/,ADNI_094_S_2201_MR_Accelerated_SAG_IR-SPGR__br_raw_20110103094344505_11_S97059_I209597.npy,0,1,0,1,0,,0,0,0,0,,1,0
/home/huangyunyou/amount_data/new_data/,ADNI_037_S_0501_MR_MP-RAGE__br_raw_20090923162832610_86_S74159_I155643.npy,0,1,0,1,0,0,0,0,0,0,,1,0
/home/huangyunyou/amount_data/new_data/,ADNI_130_S_0232_MR_MP-RAGE__br_raw_20100318152559637_37_S81302_I168184.npy,1,0,0,0,0,0,0,0,0,0,,0,0
/home/huangyunyou/amount_data/new_data/,ADNI_013_S_1120_MR_MPRAGE_br_raw_20080707124912390_98_S53049_I112623.npy,0,1,0,1,0,0,0,0,0,0,,1,0
/home/huangyunyou/amount_data/new_data/,ADNI_068_S_1191_MR_ADNI_______MPRAGE__br_raw_20070207154543132_86_S26021_I38369.npy,1,0,0,0,0,0,0,0,0,0,,0,0
/home/huangyunyou/amount_data/new_data/,00000135_S_6544.npy,0,1,0,1,0,,0,0,0,0,,1,0
/home/huangyunyou/amount_data/new_data/,ADNI_135_S_6510_MR_Accelerated_Sag_IR-FSPGR___br_raw_20180720091520795_137_S706677_I1023583.npy,1,0,0,0,0,,0,0,0,0,,0,0
/home/huangyunyou/amount_data/new_data/,ADNI_003_S_2374_MR_Accelerated_SAG_IR-SPGR__br_raw_20110510171437835_78_S108555_I234465.npy,0,1,0,1,0,,0,0,0,0,,1,0
/home/huangyunyou/amount_data/new_data/,ADNI_037_S_6204_MR_Accelerated_Sagittal_MPRAGE__br_raw_20180309150302002_2_S665435_I971779.npy,1,0,0,0,0,,0,0,0,0,,0,0
/home/huangyunyou/amount_data/new_data/,ADNI_033_S_6352_MR_Accelerated_Sagittal_MPRAGE__br_raw_20180514111540163_121_S684875_I996786.npy,1,0,0,0,0,,0,0,0,0,,0,0
/home/huangyunyou/amount_data/new_data/,ADNI_099_S_2146_MR_MPRAGE_br_raw_20101109075036275_142_S94454_I203622.npy,0,1,0,1,0,,0,0,0,0,,1,0
/home/huangyunyou/amount_data/new_data/,00000019_S_6635.npy,0,1,0,1,0,,0,0,0,0,,1,0
/home/huangyunyou/amount_data/new_data/,ADNI_129_S_6304_MR_Accelerated_Sag_IR-FSPGR___br_raw_20180417111833396_195_S676889_I985933.npy,1,0,0,0,0,,0,0,0,0,,0,0
/home/huangyunyou/amount_data/new_data/,ADNI_072_S_2070_MR_MPRAGE_br_raw_20100908101811461_22_S91785_I192258.npy,0,1,0,1,0,,0,0,0,0,,1,0
/home/huangyunyou/amount_data/new_data/,ADNI_033_S_1016_MR_MP-RAGE__br_raw_20091204131536703_3_S76928_I160288.npy,1,0,0,0,0,0,0,0,0,0,,0,0
/home/huangyunyou/amount_data/new_data/,ADNI_130_S_0102_MR_SAG_MP-RAGE__br_raw_20080116093446372_35_S44605_I87543.npy,0,1,0,1,0,0,0,0,0,0,,1,0
/home/huangyunyou/amount_data/new_data/,ADNI_052_S_1250_MR_MP-RAGE__br_raw_20100607114324889_98_S86978_I176995.npy,1,0,0,0,0,0,0,0,0,0,,0,0
/home/huangyunyou/amount_data/new_data/,ADNI_027_S_0461_MR_MP-RAGE__br_raw_20071220090434754_1_S44173_I85756.npy,0,1,0,1,0,0,0,0,0,0,,1,0
/home/huangyunyou/amount_data/new_data/,ADNI_014_S_6148_MR_Accelerated_Sagittal_MPRAGE__br_raw_20180108165114610_41_S648626_I951357.npy,1,0,0,0,0,,0,0,0,0,,0,0
/home/huangyunyou/amount_data/new_data/,ADNI_036_S_0976_MR_MPRAGE_br_raw_20100204160334561_1_S79731_I165770.npy,0,1,0,1,0,0,0,0,0,0,,1,0
/home/huangyunyou/amount_data/new_data/,ADNI_009_S_0862_MR_MP-RAGE__br_raw_20091015102619812_121_S75189_I157179.npy,1,0,0,0,0,0,0,0,0,0,,0,0
/home/huangyunyou/amount_data/new_data/,ADNI_133_S_0913_MR_MP-RAGE__br_raw_20080731085333203_3_S54543_I114933.npy,0,1,0,1,0,0,0,0,0,0,,1,0
/home/huangyunyou/amount_data/new_data/,ADNI_098_S_2052_MR_Accelerated_Sag_IR-SPGR__br_raw_20100909125151200_115_S91923_I192488.npy,0,1,0,1,0,,0,0,0,0,,1,0
/home/huangyunyou/amount_data/new_data/,ADNI_005_S_0324_MR_MP-RAGE__br_raw_20090601161518446_7_S68159_I145259.npy,0,1,0,1,0,0,0,0,0,0,,1,0
/home/huangyunyou/amount_data/new_data/,ADNI_123_S_6118_MR_Sagittal_3D_Accelerated_MPRAGE_br_raw_20171106141927170_1_S628540_I927419.npy,1,0,0,0,0,,0,0,0,0,,0,0
/home/huangyunyou/amount_data/new_data/,00000153_S_6274.npy,0,1,0,1,0,,0,0,0,0,,1,0
/home/huangyunyou/amount_data/new_data/,ADNI_006_S_0681_MR_MP-RAGE__br_raw_20081017125951421_1_S57565_I121918.npy,1,0,0,0,0,0,0,0,0,0,,0,0
/home/huangyunyou/amount_data/new_data/,ADNI_128_S_0715_MR_REPEAT_SAG_3D_MPRAGE_br_raw_20070802214054492_5_S36826_I64446.npy,0,1,0,1,0,0,0,0,0,0,,1,0
/home/huangyunyou/amount_data/new_data/,ADNI_014_S_6424_MR_Accelerated_Sagittal_MPRAGE__br_raw_20180817115500499_105_S718041_I1037394.npy,1,0,0,0,0,,0,0,0,0,,0,0
/home/huangyunyou/amount_data/new_data/,00000037_S_6125.npy,0,1,0,1,0,,0,0,0,0,,1,0
/home/huangyunyou/amount_data/new_data/,ADNI_129_S_1204_MR_MP-RAGE__br_raw_20071025202020210_29_S41944_I78554.npy,0,1,0,1,0,0,0,0,0,0,,1,0
/home/huangyunyou/amount_data/new_data/,ADNI_010_S_0422_MR_ASO-MPRAGE_br_raw_20100715125848437_99_S89061_I184305.npy,0,1,0,1,0,0,0,0,0,0,,1,0
/home/huangyunyou/amount_data/new_data/,ADNI_029_S_6505_MR_Accelerated_Sag_IR-FSPGR___br_raw_20181026114303745_177_S740206_I1064831.npy,1,0,0,0,0,,0,0,0,0,,0,0
/home/huangyunyou/amount_data/new_data/,ADNI_067_S_6442_MR_Accelerated_Sagittal_MPRAGE__br_raw_20180618111252832_206_S696628_I1011188.npy,1,0,0,0,0,,0,0,0,0,,0,0
/home/huangyunyou/amount_data/new_data/,ADNI_068_S_2193_MR_MPRAGE_br_raw_20101203113011319_101_S95762_I207426.npy,0,1,0,1,0,,0,0,0,0,,1,0
/home/huangyunyou/amount_data/new_data/,ADNI_129_S_6146_MR_Accelerated_Sag_IR-FSPGR___br_raw_20171219130910366_168_S645782_I947862.npy,1,0,0,0,0,,0,0,0,0,,0,0
/home/huangyunyou/amount_data/new_data/,ADNI_098_S_6362_MR_Sag_Accel_IR-FSPGR_br_raw_20180518135812612_97_S687290_I999708.npy,1,0,0,0,0,,0,0,0,0,,0,0
/home/huangyunyou/amount_data/new_data/,00000006_S_6672.npy,0,1,0,1,0,,0,0,0,0,,1,0
/home/huangyunyou/amount_data/new_data/,ADNI_013_S_0575_MR_MPRAGE_br_raw_20080917111158093_98_S56509_I118044.npy,1,0,0,0,0,0,0,0,0,0,,0,0
/home/huangyunyou/amount_data/new_data/,ADNI_127_S_0397_MR_MP-RAGE__br_raw_20061207184154876_1_S23564_I32084.npy,0,1,0,1,0,0,0,0,0,0,,1,0
/home/huangyunyou/amount_data/new_data/,ADNI_082_S_0363_MR_MPRAGE_br_raw_20060410112252042_98_S13017_I13204.npy,1,0,0,0,0,0,0,0,0,0,,0,0
